unit,seed,r,init_completed,n_eliminated,init_exec,n_candidates,init_used,B,init_share_of_budget
Cirq,2000,0.5,0.0,0.0,5977,12048,434.1167426918236,433.4170978992151,1.001614252866349
Cirq,2000,1.0,1.0,0.0,12048,12048,866.8341957984306,866.8341957984302,1.0000000000000004
Cirq,2000,2.0,1.0,0.0,12048,12048,866.8341957984329,1733.6683915968604,0.5000000000000016
Cirq,2000,4.0,1.0,0.0,12048,12048,866.8341957984331,3467.3367831937207,0.2500000000000008
Cirq,2001,0.5,0.0,0.0,6048,12048,433.4356206829436,433.4170978992151,1.0000427366244162
Cirq,2001,1.0,1.0,0.0,12048,12048,866.8341957984313,866.8341957984302,1.000000000000001
Cirq,2001,2.0,1.0,0.0,12048,12048,866.8341957984306,1733.6683915968604,0.5000000000000002
Cirq,2001,4.0,1.0,0.0,12048,12048,866.8341957984317,3467.3367831937207,0.2500000000000004
Cirq,2002,0.5,0.0,0.0,5850,12048,446.7679814334665,433.4170978992151,1.0308037767752205
Cirq,2002,1.0,1.0,0.0,12048,12048,866.8341957984305,866.8341957984302,1.0000000000000004
Cirq,2002,2.0,1.0,0.0,12048,12048,866.8341957984305,1733.6683915968604,0.5000000000000002
Cirq,2002,4.0,1.0,0.0,12048,12048,866.8341957984333,3467.3367831937207,0.2500000000000009
Cirq,2003,0.5,0.0,0.0,5718,12048,433.4329367879452,433.4170978992151,1.0000365442175836
Cirq,2003,1.0,1.0,0.0,12048,12048,866.8341957984281,866.8341957984302,0.9999999999999976
Cirq,2003,2.0,1.0,0.0,12048,12048,866.8341957984312,1733.6683915968604,0.5000000000000006
Cirq,2003,4.0,1.0,0.0,12048,12048,866.8341957984297,3467.3367831937207,0.2499999999999998
Cirq,2004,0.5,0.0,0.0,5856,12048,433.4360073724572,433.4170978992151,1.0000436288123695
Cirq,2004,1.0,1.0,0.0,12048,12048,866.8341957984339,866.8341957984302,1.0000000000000042
Cirq,2004,2.0,1.0,0.0,12048,12048,866.8341957984314,1733.6683915968604,0.5000000000000007
Cirq,2004,4.0,1.0,0.0,12048,12048,866.8341957984346,3467.3367831937207,0.2500000000000013
Cirq,2005,0.5,0.0,0.0,6106,12048,436.2077608495859,433.4170978992151,1.0064387467958629
Cirq,2005,1.0,1.0,0.0,12048,12048,866.8341957984321,866.8341957984302,1.0000000000000022
Cirq,2005,2.0,1.0,0.0,12048,12048,866.8341957984314,1733.6683915968604,0.5000000000000007
Cirq,2005,4.0,1.0,0.0,12048,12048,866.8341957984344,3467.3367831937207,0.2500000000000012
Cirq,2006,0.5,0.0,0.0,5745,12048,433.44624609910505,433.4170978992151,1.0000672520766514
Cirq,2006,1.0,1.0,0.0,12048,12048,866.8341957984273,866.8341957984302,0.9999999999999968
Cirq,2006,2.0,1.0,0.0,12048,12048,866.8341957984346,1733.6683915968604,0.5000000000000026
Cirq,2006,4.0,1.0,0.0,12048,12048,866.834195798427,3467.3367831937207,0.249999999999999
Cirq,2007,0.5,0.0,0.0,6254,12048,433.4194886653631,433.4170978992151,1.000005516086374
Cirq,2007,1.0,1.0,0.0,12048,12048,866.8341957984359,866.8341957984302,1.0000000000000069
Cirq,2007,2.0,1.0,0.0,12048,12048,866.8341957984297,1733.6683915968604,0.4999999999999997
Cirq,2007,4.0,1.0,0.0,12048,12048,866.8341957984321,3467.3367831937207,0.2500000000000005
Cirq,2008,0.5,0.0,0.0,6356,12048,433.4541434344424,433.4170978992151,1.0000854731744706
Cirq,2008,1.0,1.0,0.0,12048,12048,866.8341957984302,866.8341957984302,1.0
Cirq,2008,2.0,1.0,0.0,12048,12048,866.8341957984295,1733.6683915968604,0.4999999999999996
Cirq,2008,4.0,1.0,0.0,12048,12048,866.8341957984277,3467.3367831937207,0.2499999999999992
Cirq,2009,0.5,0.0,0.0,5639,12048,433.4932226315025,433.4170978992151,1.0001756385077016
Cirq,2009,1.0,1.0,0.0,12048,12048,866.8341957984355,866.8341957984302,1.0000000000000062
Cirq,2009,2.0,1.0,0.0,12048,12048,866.8341957984328,1733.6683915968604,0.5000000000000016
Cirq,2009,4.0,1.0,0.0,12048,12048,866.8341957984323,3467.3367831937207,0.2500000000000006
Cirq,2010,0.5,0.0,0.0,6259,12048,433.4237133154079,433.4170978992151,1.000015263394603
Cirq,2010,1.0,1.0,0.0,12048,12048,866.8341957984329,866.8341957984302,1.000000000000003
Cirq,2010,2.0,1.0,0.0,12048,12048,866.8341957984292,1733.6683915968604,0.4999999999999994
Cirq,2010,4.0,1.0,0.0,12048,12048,866.8341957984335,3467.3367831937207,0.2500000000000009
Cirq,2011,0.5,0.0,0.0,5981,12048,433.4298860793323,433.4170978992151,1.0000295054813924
Cirq,2011,1.0,1.0,0.0,12048,12048,866.8341957984281,866.8341957984302,0.9999999999999976
Cirq,2011,2.0,1.0,0.0,12048,12048,866.8341957984276,1733.6683915968604,0.4999999999999985
Cirq,2011,4.0,1.0,0.0,12048,12048,866.8341957984318,3467.3367831937207,0.2500000000000004
conan,2000,0.5,0.0,0.0,1841,3687,740.982699293378,740.5068666182644,1.000642576992279
conan,2000,1.0,1.0,0.0,3687,3687,1481.0137332365257,1481.0137332365289,0.9999999999999976
conan,2000,2.0,1.0,0.0,3687,3687,1481.0137332365268,2962.0274664730578,0.4999999999999993
conan,2000,4.0,1.0,0.0,3687,3687,1481.0137332365257,5924.054932946116,0.2499999999999994
conan,2001,0.5,0.0,0.0,2013,3687,740.9651692816564,740.5068666182644,1.0006189040021802
conan,2001,1.0,1.0,0.0,3687,3687,1481.0137332365314,1481.0137332365289,1.0000000000000018
conan,2001,2.0,1.0,0.0,3687,3687,1481.013733236527,2962.0274664730578,0.4999999999999994
conan,2001,4.0,1.0,0.0,3687,3687,1481.013733236528,5924.054932946116,0.2499999999999998
conan,2002,0.5,0.0,0.0,1944,3687,740.7050960179942,740.5068666182644,1.0002676942087452
conan,2002,1.0,1.0,0.0,3687,3687,1481.0137332365257,1481.0137332365289,0.9999999999999976
conan,2002,2.0,1.0,0.0,3687,3687,1481.013733236528,2962.0274664730578,0.4999999999999996
conan,2002,4.0,1.0,0.0,3687,3687,1481.013733236525,5924.054932946116,0.2499999999999993
conan,2003,0.5,0.0,0.0,1843,3687,747.699904859378,740.5068666182644,1.0097136685227006
conan,2003,1.0,1.0,0.0,3687,3687,1481.0137332365266,1481.0137332365289,0.9999999999999984
conan,2003,2.0,1.0,0.0,3687,3687,1481.0137332365273,2962.0274664730578,0.4999999999999994
conan,2003,4.0,1.0,0.0,3687,3687,1481.0137332365332,5924.054932946116,0.2500000000000007
conan,2004,0.5,0.0,0.0,1894,3687,740.8067359451239,740.5068666182644,1.000404951446607
conan,2004,1.0,1.0,0.0,3687,3687,1481.0137332365273,1481.0137332365289,0.9999999999999988
conan,2004,2.0,1.0,0.0,3687,3687,1481.013733236526,2962.0274664730578,0.499999999999999
conan,2004,4.0,1.0,0.0,3687,3687,1481.0137332365234,5924.054932946116,0.249999999999999
conan,2005,0.5,0.0,0.0,1797,3687,740.5150023362504,740.5068666182644,1.0000109866881088
conan,2005,1.0,1.0,0.0,3687,3687,1481.0137332365289,1481.0137332365289,1.0
conan,2005,2.0,1.0,0.0,3687,3687,1481.0137332365257,2962.0274664730578,0.4999999999999989
conan,2005,4.0,1.0,0.0,3687,3687,1481.013733236528,5924.054932946116,0.2499999999999998
conan,2006,0.5,0.0,0.0,1894,3687,740.8294321811477,740.5068666182644,1.000435601042238
conan,2006,1.0,1.0,0.0,3687,3687,1481.0137332365266,1481.0137332365289,0.9999999999999984
conan,2006,2.0,1.0,0.0,3687,3687,1481.013733236529,2962.0274664730578,0.5000000000000001
conan,2006,4.0,1.0,0.0,3687,3687,1481.0137332365282,5924.054932946116,0.2499999999999999
conan,2007,0.5,0.0,0.0,1873,3687,740.7094116883593,740.5068666182644,1.0002735222038113
conan,2007,1.0,1.0,0.0,3687,3687,1481.013733236526,1481.0137332365289,0.999999999999998
conan,2007,2.0,1.0,0.0,3687,3687,1481.0137332365296,2962.0274664730578,0.5000000000000002
conan,2007,4.0,1.0,0.0,3687,3687,1481.013733236527,5924.054932946116,0.2499999999999997
conan,2008,0.5,0.0,0.0,1845,3687,740.6808440425472,740.5068666182644,1.0002349437015718
conan,2008,1.0,1.0,0.0,3687,3687,1481.013733236529,1481.0137332365289,1.0000000000000002
conan,2008,2.0,1.0,0.0,3687,3687,1481.0137332365289,2962.0274664730578,0.5
conan,2008,4.0,1.0,0.0,3687,3687,1481.0137332365257,5924.054932946116,0.2499999999999994
conan,2009,0.5,0.0,0.0,1844,3687,746.8395284215496,740.5068666182644,1.0085517934927533
conan,2009,1.0,1.0,0.0,3687,3687,1481.0137332365266,1481.0137332365289,0.9999999999999984
conan,2009,2.0,1.0,0.0,3687,3687,1481.0137332365316,2962.0274664730578,0.5000000000000009
conan,2009,4.0,1.0,0.0,3687,3687,1481.0137332365275,5924.054932946116,0.2499999999999998
conan,2010,0.5,0.0,0.0,1880,3687,745.7404388053154,740.5068666182644,1.0070675538917708
conan,2010,1.0,1.0,0.0,3687,3687,1481.013733236526,1481.0137332365289,0.999999999999998
conan,2010,2.0,1.0,0.0,3687,3687,1481.013733236527,2962.0274664730578,0.4999999999999994
conan,2010,4.0,1.0,0.0,3687,3687,1481.0137332365282,5924.054932946116,0.2499999999999999
conan,2011,0.5,0.0,0.0,1876,3687,740.944530589537,740.5068666182644,1.0005910329680956
conan,2011,1.0,1.0,0.0,3687,3687,1481.0137332365289,1481.0137332365289,1.0
conan,2011,2.0,1.0,0.0,3687,3687,1481.013733236526,2962.0274664730578,0.499999999999999
conan,2011,4.0,1.0,0.0,3687,3687,1481.013733236526,5924.054932946116,0.2499999999999995
hydra,2000,0.5,0.0,0.0,799,1538,89.09515170426266,88.38464537494256,1.0080387982132644
hydra,2000,1.0,1.0,0.0,1538,1538,176.7692907498851,176.76929074988513,1.0
hydra,2000,2.0,1.0,0.0,1538,1538,176.76929074988502,353.53858149977026,0.4999999999999996
hydra,2000,4.0,1.0,0.0,1538,1538,176.76929074988524,707.0771629995405,0.2500000000000001
hydra,2001,0.5,0.0,0.0,832,1538,88.38539585479081,88.38464537494256,1.000008491065898
hydra,2001,1.0,1.0,0.0,1538,1538,176.76929074988567,176.76929074988513,1.000000000000003
hydra,2001,2.0,1.0,0.0,1538,1538,176.7692907498849,353.53858149977026,0.4999999999999993
hydra,2001,4.0,1.0,0.0,1538,1538,176.76929074988507,707.0771629995405,0.2499999999999999
hydra,2002,0.5,0.0,0.0,765,1538,88.84509405084255,88.38464537494256,1.005209600309496
hydra,2002,1.0,1.0,0.0,1538,1538,176.7692907498852,176.76929074988513,1.0000000000000002
hydra,2002,2.0,1.0,0.0,1538,1538,176.76929074988533,353.53858149977026,0.5000000000000006
hydra,2002,4.0,1.0,0.0,1538,1538,176.7692907498854,707.0771629995405,0.2500000000000004
hydra,2003,0.5,0.0,0.0,725,1538,88.80876302948714,88.38464537494256,1.004798544506745
hydra,2003,1.0,1.0,0.0,1538,1538,176.76929074988507,176.76929074988513,0.9999999999999996
hydra,2003,2.0,1.0,0.0,1538,1538,176.76929074988502,353.53858149977026,0.4999999999999996
hydra,2003,4.0,1.0,0.0,1538,1538,176.769290749885,707.0771629995405,0.2499999999999998
hydra,2004,0.5,0.0,0.0,783,1538,88.41644139942437,88.38464537494256,1.0003597460208944
hydra,2004,1.0,1.0,0.0,1538,1538,176.76929074988496,176.76929074988513,0.999999999999999
hydra,2004,2.0,1.0,0.0,1538,1538,176.76929074988524,353.53858149977026,0.5000000000000003
hydra,2004,4.0,1.0,0.0,1538,1538,176.76929074988524,707.0771629995405,0.2500000000000001
hydra,2005,0.5,0.0,0.0,774,1538,88.45660748025924,88.38464537494256,1.000814192386148
hydra,2005,1.0,1.0,0.0,1538,1538,176.7692907498852,176.76929074988513,1.0000000000000002
hydra,2005,2.0,1.0,0.0,1538,1538,176.76929074988504,353.53858149977026,0.4999999999999998
hydra,2005,4.0,1.0,0.0,1538,1538,176.7692907498853,707.0771629995405,0.2500000000000002
hydra,2006,0.5,0.0,0.0,775,1538,89.56668751196712,88.38464537494256,1.013373840354398
hydra,2006,1.0,1.0,0.0,1538,1538,176.76929074988502,176.76929074988513,0.9999999999999992
hydra,2006,2.0,1.0,0.0,1538,1538,176.76929074988553,353.53858149977026,0.5000000000000011
hydra,2006,4.0,1.0,0.0,1538,1538,176.76929074988527,707.0771629995405,0.2500000000000002
hydra,2007,0.5,0.0,0.0,755,1538,88.40433006365677,88.38464537494256,1.000222716158793
hydra,2007,1.0,1.0,0.0,1538,1538,176.769290749885,176.76929074988513,0.9999999999999992
hydra,2007,2.0,1.0,0.0,1538,1538,176.7692907498851,353.53858149977026,0.4999999999999999
hydra,2007,4.0,1.0,0.0,1538,1538,176.76929074988536,707.0771629995405,0.2500000000000003
hydra,2008,0.5,0.0,0.0,746,1538,88.38691048560047,88.38464537494256,1.000025627875162
hydra,2008,1.0,1.0,0.0,1538,1538,176.7692907498852,176.76929074988513,1.0000000000000002
hydra,2008,2.0,1.0,0.0,1538,1538,176.76929074988513,353.53858149977026,0.5
hydra,2008,4.0,1.0,0.0,1538,1538,176.76929074988516,707.0771629995405,0.25
hydra,2009,0.5,0.0,0.0,745,1538,88.61189323242435,88.38464537494256,1.0025711237117914
hydra,2009,1.0,1.0,0.0,1538,1538,176.76929074988513,176.76929074988513,1.0
hydra,2009,2.0,1.0,0.0,1538,1538,176.769290749885,353.53858149977026,0.4999999999999996
hydra,2009,4.0,1.0,0.0,1538,1538,176.76929074988524,707.0771629995405,0.2500000000000001
hydra,2010,0.5,0.0,0.0,788,1538,88.40026279942657,88.38464537494256,1.0001766983893838
hydra,2010,1.0,1.0,0.0,1538,1538,176.76929074988507,176.76929074988513,0.9999999999999996
hydra,2010,2.0,1.0,0.0,1538,1538,176.7692907498852,353.53858149977026,0.5000000000000001
hydra,2010,4.0,1.0,0.0,1538,1538,176.76929074988496,707.0771629995405,0.2499999999999997
hydra,2011,0.5,0.0,0.0,752,1538,89.71265102788675,88.38464537494256,1.0150252981986922
hydra,2011,1.0,1.0,0.0,1538,1538,176.76929074988507,176.76929074988513,0.9999999999999996
hydra,2011,2.0,1.0,0.0,1538,1538,176.7692907498853,353.53858149977026,0.5000000000000004
hydra,2011,4.0,1.0,0.0,1538,1538,176.76929074988496,707.0771629995405,0.2499999999999997
kombu,2000,0.5,0.0,0.0,600,1024,18.115633101062727,18.10374854027578,1.0006564696123847
kombu,2000,1.0,1.0,0.0,1024,1024,36.207497080551576,36.20749708055156,1.0000000000000004
kombu,2000,2.0,1.0,0.0,1024,1024,36.20749708055156,72.41499416110312,0.5
kombu,2000,4.0,1.0,0.0,1024,1024,36.20749708055156,144.82998832220625,0.25
kombu,2001,0.5,0.0,0.0,414,1024,18.12507557299832,18.10374854027578,1.0011780451255765
kombu,2001,1.0,1.0,0.0,1024,1024,36.20749708055152,36.20749708055156,0.9999999999999988
kombu,2001,2.0,1.0,0.0,1024,1024,36.20749708055153,72.41499416110312,0.4999999999999996
kombu,2001,4.0,1.0,0.0,1024,1024,36.20749708055148,144.82998832220625,0.2499999999999994
kombu,2002,0.5,0.0,0.0,590,1024,19.474751399753803,18.10374854027578,1.0757303304576908
kombu,2002,1.0,1.0,0.0,1024,1024,36.20749708055154,36.20749708055156,0.9999999999999994
kombu,2002,2.0,1.0,0.0,1024,1024,36.20749708055156,72.41499416110312,0.4999999999999999
kombu,2002,4.0,1.0,0.0,1024,1024,36.207497080551526,144.82998832220625,0.2499999999999997
kombu,2003,0.5,0.0,0.0,513,1024,18.12380655406268,18.10374854027578,1.0011079480993827
kombu,2003,1.0,1.0,0.0,1024,1024,36.20749708055154,36.20749708055156,0.9999999999999994
kombu,2003,2.0,1.0,0.0,1024,1024,36.20749708055157,72.41499416110312,0.5000000000000001
kombu,2003,4.0,1.0,0.0,1024,1024,36.2074970805516,144.82998832220625,0.2500000000000002
kombu,2004,0.5,0.0,0.0,476,1024,18.517629043323875,18.10374854027578,1.0228615914614216
kombu,2004,1.0,1.0,0.0,1024,1024,36.207497080551526,36.20749708055156,0.999999999999999
kombu,2004,2.0,1.0,0.0,1024,1024,36.20749708055151,72.41499416110312,0.4999999999999993
kombu,2004,4.0,1.0,0.0,1024,1024,36.2074970805515,144.82998832220625,0.2499999999999995
kombu,2005,0.5,0.0,0.0,485,1024,18.111656098732453,18.10374854027578,1.0004367912224963
kombu,2005,1.0,1.0,0.0,1024,1024,36.20749708055156,36.20749708055156,0.9999999999999998
kombu,2005,2.0,1.0,0.0,1024,1024,36.20749708055156,72.41499416110312,0.5
kombu,2005,4.0,1.0,0.0,1024,1024,36.20749708055156,144.82998832220625,0.25
kombu,2006,0.5,0.0,0.0,414,1024,18.33340074748566,18.10374854027578,1.0126853400940123
kombu,2006,1.0,1.0,0.0,1024,1024,36.20749708055152,36.20749708055156,0.9999999999999988
kombu,2006,2.0,1.0,0.0,1024,1024,36.20749708055156,72.41499416110312,0.5
kombu,2006,4.0,1.0,0.0,1024,1024,36.20749708055149,144.82998832220625,0.2499999999999994
kombu,2007,0.5,0.0,0.0,470,1024,18.12554789820493,18.10374854027578,1.0012041350375946
kombu,2007,1.0,1.0,0.0,1024,1024,36.20749708055161,36.20749708055156,1.000000000000001
kombu,2007,2.0,1.0,0.0,1024,1024,36.20749708055156,72.41499416110312,0.4999999999999999
kombu,2007,4.0,1.0,0.0,1024,1024,36.20749708055152,144.82998832220625,0.2499999999999997
kombu,2008,0.5,0.0,0.0,466,1024,19.527819261024945,18.10374854027578,1.0786616494137111
kombu,2008,1.0,1.0,0.0,1024,1024,36.20749708055159,36.20749708055156,1.0000000000000009
kombu,2008,2.0,1.0,0.0,1024,1024,36.20749708055157,72.41499416110312,0.5000000000000001
kombu,2008,4.0,1.0,0.0,1024,1024,36.20749708055156,144.82998832220625,0.2499999999999999
kombu,2009,0.5,0.0,0.0,488,1024,18.13168992211794,18.10374854027578,1.0015434031123442
kombu,2009,1.0,1.0,0.0,1024,1024,36.20749708055149,36.20749708055156,0.999999999999998
kombu,2009,2.0,1.0,0.0,1024,1024,36.20749708055153,72.41499416110312,0.4999999999999996
kombu,2009,4.0,1.0,0.0,1024,1024,36.207497080551526,144.82998832220625,0.2499999999999997
kombu,2010,0.5,0.0,0.0,498,1024,19.20317629001339,18.10374854027578,1.0607292874893666
kombu,2010,1.0,1.0,0.0,1024,1024,36.20749708055153,36.20749708055156,0.9999999999999992
kombu,2010,2.0,1.0,0.0,1024,1024,36.20749708055148,72.41499416110312,0.4999999999999988
kombu,2010,4.0,1.0,0.0,1024,1024,36.20749708055155,144.82998832220625,0.2499999999999999
kombu,2011,0.5,0.0,0.0,673,1024,18.10979931073383,18.10374854027578,1.000334227491317
kombu,2011,1.0,1.0,0.0,1024,1024,36.20749708055156,36.20749708055156,1.0
kombu,2011,2.0,1.0,0.0,1024,1024,36.20749708055158,72.41499416110312,0.5000000000000003
kombu,2011,4.0,1.0,0.0,1024,1024,36.207497080551576,144.82998832220625,0.2500000000000001
mitmproxy,2000,0.5,0.0,0.0,631,1232,15.58841036541842,15.586797954064664,1.0001034472480177
mitmproxy,2000,1.0,1.0,0.0,1232,1232,31.1735959081294,31.17359590812933,1.0000000000000022
mitmproxy,2000,2.0,1.0,0.0,1232,1232,31.173595908129364,62.34719181625866,0.5000000000000006
mitmproxy,2000,4.0,1.0,0.0,1232,1232,31.17359590812938,124.69438363251732,0.2500000000000004
mitmproxy,2001,0.5,0.0,0.0,605,1232,15.596464398252389,15.586797954064664,1.000620168697651
mitmproxy,2001,1.0,1.0,0.0,1232,1232,31.173595908129364,31.17359590812933,1.000000000000001
mitmproxy,2001,2.0,1.0,0.0,1232,1232,31.173595908129368,62.34719181625866,0.5000000000000007
mitmproxy,2001,4.0,1.0,0.0,1232,1232,31.173595908129283,124.69438363251732,0.2499999999999996
mitmproxy,2002,0.5,0.0,0.0,614,1232,15.588381219003018,15.586797954064664,1.0001015773055515
mitmproxy,2002,1.0,1.0,0.0,1232,1232,31.17359590812936,31.17359590812933,1.0000000000000009
mitmproxy,2002,2.0,1.0,0.0,1232,1232,31.17359590812934,62.34719181625866,0.5000000000000002
mitmproxy,2002,4.0,1.0,0.0,1232,1232,31.17359590812936,124.69438363251732,0.2500000000000002
mitmproxy,2003,0.5,0.0,0.0,581,1232,15.644933638553368,15.586797954064664,1.0037298029178303
mitmproxy,2003,1.0,1.0,0.0,1232,1232,31.173595908129368,31.17359590812933,1.000000000000001
mitmproxy,2003,2.0,1.0,0.0,1232,1232,31.17359590812936,62.34719181625866,0.5000000000000004
mitmproxy,2003,4.0,1.0,0.0,1232,1232,31.173595908129336,124.69438363251732,0.25
mitmproxy,2004,0.5,0.0,0.0,617,1232,15.598691476896583,15.586797954064664,1.000763051068409
mitmproxy,2004,1.0,1.0,0.0,1232,1232,31.17359590812935,31.17359590812933,1.0000000000000009
mitmproxy,2004,2.0,1.0,0.0,1232,1232,31.173595908129386,62.34719181625866,0.5000000000000009
mitmproxy,2004,4.0,1.0,0.0,1232,1232,31.17359590812935,124.69438363251732,0.2500000000000001
mitmproxy,2005,0.5,0.0,0.0,659,1232,15.61799817055072,15.586797954064664,1.0020017078926668
mitmproxy,2005,1.0,1.0,0.0,1232,1232,31.173595908129315,31.17359590812933,0.9999999999999996
mitmproxy,2005,2.0,1.0,0.0,1232,1232,31.17359590812936,62.34719181625866,0.5000000000000006
mitmproxy,2005,4.0,1.0,0.0,1232,1232,31.17359590812937,124.69438363251732,0.2500000000000003
mitmproxy,2006,0.5,0.0,0.0,599,1232,15.58885531206493,15.586797954064664,1.0001319936273203
mitmproxy,2006,1.0,1.0,0.0,1232,1232,31.173595908129386,31.17359590812933,1.0000000000000018
mitmproxy,2006,2.0,1.0,0.0,1232,1232,31.173595908129304,62.34719181625866,0.4999999999999996
mitmproxy,2006,4.0,1.0,0.0,1232,1232,31.17359590812932,124.69438363251732,0.2499999999999999
mitmproxy,2007,0.5,0.0,0.0,591,1232,15.59864045056858,15.586797954064664,1.000759777379473
mitmproxy,2007,1.0,1.0,0.0,1232,1232,31.17359590812936,31.17359590812933,1.0000000000000009
mitmproxy,2007,2.0,1.0,0.0,1232,1232,31.17359590812937,62.34719181625866,0.5000000000000008
mitmproxy,2007,4.0,1.0,0.0,1232,1232,31.17359590812936,124.69438363251732,0.2500000000000002
mitmproxy,2008,0.5,0.0,0.0,595,1232,15.59683766755,15.586797954064664,1.0006441164833806
mitmproxy,2008,1.0,1.0,0.0,1232,1232,31.173595908129364,31.17359590812933,1.000000000000001
mitmproxy,2008,2.0,1.0,0.0,1232,1232,31.17359590812934,62.34719181625866,0.5000000000000002
mitmproxy,2008,4.0,1.0,0.0,1232,1232,31.17359590812936,124.69438363251732,0.2500000000000002
mitmproxy,2009,0.5,0.0,0.0,585,1232,15.595833590665134,15.586797954064664,1.0005796980641628
mitmproxy,2009,1.0,1.0,0.0,1232,1232,31.17359590812933,31.17359590812933,1.0
mitmproxy,2009,2.0,1.0,0.0,1232,1232,31.173595908129343,62.34719181625866,0.5000000000000002
mitmproxy,2009,4.0,1.0,0.0,1232,1232,31.173595908129325,124.69438363251732,0.2499999999999999
mitmproxy,2010,0.5,0.0,0.0,612,1232,15.58729601926152,15.586797954064664,1.0000319542986522
mitmproxy,2010,1.0,1.0,0.0,1232,1232,31.17359590812936,31.17359590812933,1.0000000000000009
mitmproxy,2010,2.0,1.0,0.0,1232,1232,31.173595908129343,62.34719181625866,0.5000000000000002
mitmproxy,2010,4.0,1.0,0.0,1232,1232,31.17359590812935,124.69438363251732,0.2500000000000001
mitmproxy,2011,0.5,0.0,0.0,635,1232,15.599909458232068,15.586797954064664,1.0008411929253234
mitmproxy,2011,1.0,1.0,0.0,1232,1232,31.173595908129325,31.17359590812933,1.0
mitmproxy,2011,2.0,1.0,0.0,1232,1232,31.173595908129368,62.34719181625866,0.5000000000000007
mitmproxy,2011,4.0,1.0,0.0,1232,1232,31.173595908129403,124.69438363251732,0.2500000000000006
setuptools,2000,0.5,0.0,0.0,492,694,111.4474879708367,103.99589408339808,1.0716527700743927
setuptools,2000,1.0,1.0,0.0,694,694,207.9917881667964,207.99178816679617,1.0000000000000009
setuptools,2000,2.0,1.0,0.0,694,694,207.99178816679603,415.98357633359234,0.4999999999999996
setuptools,2000,4.0,1.0,0.0,694,694,207.99178816679603,831.9671526671847,0.2499999999999998
setuptools,2001,0.5,0.0,0.0,395,694,104.08516298352862,103.99589408339808,1.0008583886981053
setuptools,2001,1.0,1.0,0.0,694,694,207.991788166796,207.99178816679617,0.9999999999999992
setuptools,2001,2.0,1.0,0.0,694,694,207.9917881667964,415.98357633359234,0.5000000000000004
setuptools,2001,4.0,1.0,0.0,694,694,207.99178816679589,831.9671526671847,0.2499999999999996
setuptools,2002,0.5,0.0,0.0,349,694,113.8737603782334,103.99589408339808,1.0949832335391425
setuptools,2002,1.0,1.0,0.0,694,694,207.991788166796,207.99178816679617,0.999999999999999
setuptools,2002,2.0,1.0,0.0,694,694,207.99178816679608,415.98357633359234,0.4999999999999998
setuptools,2002,4.0,1.0,0.0,694,694,207.9917881667964,831.9671526671847,0.2500000000000002
setuptools,2003,0.5,0.0,0.0,300,694,104.86883808905708,103.99589408339808,1.0083940237578894
setuptools,2003,1.0,1.0,0.0,694,694,207.9917881667961,207.99178816679617,1.0
setuptools,2003,2.0,1.0,0.0,694,694,207.9917881667961,415.98357633359234,0.4999999999999999
setuptools,2003,4.0,1.0,0.0,694,694,207.99178816679603,831.9671526671847,0.2499999999999998
setuptools,2004,0.5,0.0,0.0,357,694,112.84221570187933,103.99589408339808,1.08506414312268
setuptools,2004,1.0,1.0,0.0,694,694,207.9917881667962,207.99178816679617,1.0000000000000002
setuptools,2004,2.0,1.0,0.0,694,694,207.99178816679608,415.98357633359234,0.4999999999999998
setuptools,2004,4.0,1.0,0.0,694,694,207.99178816679617,831.9671526671847,0.25
setuptools,2005,0.5,0.0,0.0,361,694,105.695455254632,103.99589408339808,1.016342579543294
setuptools,2005,1.0,1.0,0.0,694,694,207.99178816679608,207.99178816679617,0.9999999999999994
setuptools,2005,2.0,1.0,0.0,694,694,207.9917881667961,415.98357633359234,0.4999999999999999
setuptools,2005,4.0,1.0,0.0,694,694,207.9917881667962,831.9671526671847,0.25
setuptools,2006,0.5,0.0,0.0,340,694,113.53454395472671,103.99589408339808,1.0917214083825195
setuptools,2006,1.0,1.0,0.0,694,694,207.991788166796,207.99178816679617,0.9999999999999988
setuptools,2006,2.0,1.0,0.0,694,694,207.99178816679603,415.98357633359234,0.4999999999999996
setuptools,2006,4.0,1.0,0.0,694,694,207.99178816679623,831.9671526671847,0.25
setuptools,2007,0.5,0.0,0.0,397,694,104.0719064490655,103.99589408339808,1.000730916987996
setuptools,2007,1.0,1.0,0.0,694,694,207.991788166796,207.99178816679617,0.9999999999999992
setuptools,2007,2.0,1.0,0.0,694,694,207.9917881667961,415.98357633359234,0.4999999999999999
setuptools,2007,4.0,1.0,0.0,694,694,207.99178816679628,831.9671526671847,0.2500000000000001
setuptools,2008,0.5,0.0,0.0,259,694,107.8112477140662,103.99589408339808,1.0366875410254992
setuptools,2008,1.0,1.0,0.0,694,694,207.99178816679623,207.99178816679617,1.0000000000000002
setuptools,2008,2.0,1.0,0.0,694,694,207.9917881667961,415.98357633359234,0.4999999999999999
setuptools,2008,4.0,1.0,0.0,694,694,207.99178816679608,831.9671526671847,0.2499999999999998
setuptools,2009,0.5,0.0,0.0,365,694,108.2080744869301,103.99589408339808,1.040503333719638
setuptools,2009,1.0,1.0,0.0,694,694,207.99178816679608,207.99178816679617,0.9999999999999994
setuptools,2009,2.0,1.0,0.0,694,694,207.99178816679617,415.98357633359234,0.5
setuptools,2009,4.0,1.0,0.0,694,694,207.99178816679617,831.9671526671847,0.25
setuptools,2010,0.5,0.0,0.0,303,694,107.59985776215562,103.99589408339808,1.0346548650840717
setuptools,2010,1.0,1.0,0.0,694,694,207.99178816679608,207.99178816679617,0.9999999999999996
setuptools,2010,2.0,1.0,0.0,694,694,207.9917881667962,415.98357633359234,0.5000000000000001
setuptools,2010,4.0,1.0,0.0,694,694,207.9917881667961,831.9671526671847,0.2499999999999999
setuptools,2011,0.5,0.0,0.0,383,694,104.0988838290278,103.99589408339808,1.0009903251136734
setuptools,2011,1.0,1.0,0.0,694,694,207.9917881667962,207.99178816679617,1.0000000000000002
setuptools,2011,2.0,1.0,0.0,694,694,207.99178816679608,415.98357633359234,0.4999999999999998
setuptools,2011,4.0,1.0,0.0,694,694,207.99178816679617,831.9671526671847,0.25
tornado,2000,0.5,0.0,0.0,543,1159,20.28208403597672,20.170204760242207,1.00554675954282
tornado,2000,1.0,1.0,0.0,1159,1159,40.34040952048446,40.340409520484414,1.000000000000001
tornado,2000,2.0,1.0,0.0,1159,1159,40.340409520484485,80.68081904096883,0.5000000000000009
tornado,2000,4.0,1.0,0.0,1159,1159,40.34040952048444,161.36163808193766,0.2500000000000001
tornado,2001,0.5,0.0,0.0,599,1159,20.20304830491552,20.170204760242207,1.0016283198442313
tornado,2001,1.0,1.0,0.0,1159,1159,40.34040952048436,40.340409520484414,0.9999999999999986
tornado,2001,2.0,1.0,0.0,1159,1159,40.34040952048446,80.68081904096883,0.5000000000000006
tornado,2001,4.0,1.0,0.0,1159,1159,40.3404095204844,161.36163808193766,0.2499999999999999
tornado,2002,0.5,0.0,0.0,514,1159,20.189139432501893,20.170204760242207,1.0009387446723896
tornado,2002,1.0,1.0,0.0,1159,1159,40.34040952048444,40.340409520484414,1.0000000000000004
tornado,2002,2.0,1.0,0.0,1159,1159,40.34040952048437,80.68081904096883,0.4999999999999994
tornado,2002,4.0,1.0,0.0,1159,1159,40.34040952048439,161.36163808193766,0.2499999999999998
tornado,2003,0.5,0.0,0.0,586,1159,20.174436515335035,20.170204760242207,1.0002098022872414
tornado,2003,1.0,1.0,0.0,1159,1159,40.34040952048441,40.340409520484414,0.9999999999999998
tornado,2003,2.0,1.0,0.0,1159,1159,40.34040952048439,80.68081904096883,0.4999999999999997
tornado,2003,4.0,1.0,0.0,1159,1159,40.34040952048439,161.36163808193766,0.2499999999999998
tornado,2004,0.5,0.0,0.0,556,1159,20.18996429391832,20.170204760242207,1.000979639716651
tornado,2004,1.0,1.0,0.0,1159,1159,40.34040952048439,40.340409520484414,0.9999999999999994
tornado,2004,2.0,1.0,0.0,1159,1159,40.34040952048437,80.68081904096883,0.4999999999999994
tornado,2004,4.0,1.0,0.0,1159,1159,40.3404095204844,161.36163808193766,0.2499999999999999
tornado,2005,0.5,0.0,0.0,512,1159,20.18509065802913,20.170204760242207,1.0007380142127391
tornado,2005,1.0,1.0,0.0,1159,1159,40.34040952048439,40.340409520484414,0.9999999999999992
tornado,2005,2.0,1.0,0.0,1159,1159,40.3404095204844,80.68081904096883,0.4999999999999998
tornado,2005,4.0,1.0,0.0,1159,1159,40.34040952048446,161.36163808193766,0.2500000000000003
tornado,2006,0.5,0.0,0.0,544,1159,20.178421688800512,20.170204760242207,1.000407379531144
tornado,2006,1.0,1.0,0.0,1159,1159,40.34040952048437,40.340409520484414,0.9999999999999988
tornado,2006,2.0,1.0,0.0,1159,1159,40.34040952048441,80.68081904096883,0.4999999999999999
tornado,2006,4.0,1.0,0.0,1159,1159,40.34040952048442,161.36163808193766,0.25
tornado,2007,0.5,0.0,0.0,632,1159,20.17382814185125,20.170204760242207,1.000179640298753
tornado,2007,1.0,1.0,0.0,1159,1159,40.34040952048438,40.340409520484414,0.9999999999999992
tornado,2007,2.0,1.0,0.0,1159,1159,40.34040952048439,80.68081904096883,0.4999999999999996
tornado,2007,4.0,1.0,0.0,1159,1159,40.34040952048443,161.36163808193766,0.2500000000000001
tornado,2008,0.5,0.0,0.0,570,1159,20.194042930833312,20.170204760242207,1.0011818506988135
tornado,2008,1.0,1.0,0.0,1159,1159,40.34040952048436,40.340409520484414,0.9999999999999986
tornado,2008,2.0,1.0,0.0,1159,1159,40.3404095204844,80.68081904096883,0.4999999999999998
tornado,2008,4.0,1.0,0.0,1159,1159,40.34040952048437,161.36163808193766,0.2499999999999997
tornado,2009,0.5,0.0,0.0,576,1159,20.193730735707025,20.170204760242207,1.0011663726642572
tornado,2009,1.0,1.0,0.0,1159,1159,40.34040952048438,40.340409520484414,0.9999999999999992
tornado,2009,2.0,1.0,0.0,1159,1159,40.34040952048443,80.68081904096883,0.5000000000000002
tornado,2009,4.0,1.0,0.0,1159,1159,40.34040952048436,161.36163808193766,0.2499999999999996
tornado,2010,0.5,0.0,0.0,590,1159,20.175796541927667,20.170204760242207,1.000277229792753
tornado,2010,1.0,1.0,0.0,1159,1159,40.34040952048434,40.340409520484414,0.9999999999999982
tornado,2010,2.0,1.0,0.0,1159,1159,40.34040952048442,80.68081904096883,0.5000000000000001
tornado,2010,4.0,1.0,0.0,1159,1159,40.34040952048437,161.36163808193766,0.2499999999999997
tornado,2011,0.5,0.0,0.0,563,1159,20.17947830116684,20.170204760242207,1.0004597643422497
tornado,2011,1.0,1.0,0.0,1159,1159,40.340409520484485,40.340409520484414,1.0000000000000018
tornado,2011,2.0,1.0,0.0,1159,1159,40.34040952048439,80.68081904096883,0.4999999999999997
tornado,2011,4.0,1.0,0.0,1159,1159,40.34040952048444,161.36163808193766,0.2500000000000001
xonsh,2000,0.5,0.0,0.0,2441,4776,90.65874682380333,90.5087662428996,1.0016570834752208
xonsh,2000,1.0,1.0,0.0,4776,4776,181.0175324857996,181.0175324857992,1.0000000000000018
xonsh,2000,2.0,1.0,0.0,4776,4776,181.0175324858,362.0350649715984,0.5000000000000022
xonsh,2000,4.0,1.0,0.0,4776,4776,181.0175324857985,724.0701299431968,0.249999999999999
xonsh,2001,0.5,0.0,0.0,2368,4776,90.51229175792278,90.5087662428996,1.0000389521940198
xonsh,2001,1.0,1.0,0.0,4776,4776,181.01753248579905,181.0175324857992,0.9999999999999992
xonsh,2001,2.0,1.0,0.0,4776,4776,181.0175324857992,362.0350649715984,0.4999999999999999
xonsh,2001,4.0,1.0,0.0,4776,4776,181.01753248580005,724.0701299431968,0.2500000000000011
xonsh,2002,0.5,0.0,0.0,2432,4776,90.75392853984718,90.5087662428996,1.0027087132785528
xonsh,2002,1.0,1.0,0.0,4776,4776,181.01753248579925,181.0175324857992,1.0000000000000002
xonsh,2002,2.0,1.0,0.0,4776,4776,181.0175324857996,362.0350649715984,0.500000000000001
xonsh,2002,4.0,1.0,0.0,4776,4776,181.0175324857992,724.0701299431968,0.2499999999999999
xonsh,2003,0.5,0.0,0.0,2432,4776,90.52104685802824,90.5087662428996,1.0001356842617397
xonsh,2003,1.0,1.0,0.0,4776,4776,181.0175324857993,181.0175324857992,1.0000000000000009
xonsh,2003,2.0,1.0,0.0,4776,4776,181.01753248579928,362.0350649715984,0.5000000000000002
xonsh,2003,4.0,1.0,0.0,4776,4776,181.01753248579925,724.0701299431968,0.25
xonsh,2004,0.5,0.0,0.0,2404,4776,90.51871239586688,90.5087662428996,1.0001098915981308
xonsh,2004,1.0,1.0,0.0,4776,4776,181.01753248579865,181.0175324857992,0.9999999999999968
xonsh,2004,2.0,1.0,0.0,4776,4776,181.0175324857993,362.0350649715984,0.5000000000000004
xonsh,2004,4.0,1.0,0.0,4776,4776,181.01753248579948,724.0701299431968,0.2500000000000004
xonsh,2005,0.5,0.0,0.0,2440,4776,90.54008855616568,90.5087662428996,1.0003460693871578
xonsh,2005,1.0,1.0,0.0,4776,4776,181.01753248579945,181.0175324857992,1.000000000000001
xonsh,2005,2.0,1.0,0.0,4776,4776,181.01753248579985,362.0350649715984,0.5000000000000018
xonsh,2005,4.0,1.0,0.0,4776,4776,181.017532485799,724.0701299431968,0.2499999999999997
xonsh,2006,0.5,0.0,0.0,2403,4776,90.52503555019612,90.5087662428996,1.000179753939556
xonsh,2006,1.0,1.0,0.0,4776,4776,181.0175324857993,181.0175324857992,1.0000000000000009
xonsh,2006,2.0,1.0,0.0,4776,4776,181.01753248579968,362.0350649715984,0.5000000000000013
xonsh,2006,4.0,1.0,0.0,4776,4776,181.01753248579905,724.0701299431968,0.2499999999999998
xonsh,2007,0.5,0.0,0.0,2454,4776,90.52071093278818,90.5087662428996,1.000131972740149
xonsh,2007,1.0,1.0,0.0,4776,4776,181.0175324857992,181.0175324857992,1.0000000000000002
xonsh,2007,2.0,1.0,0.0,4776,4776,181.0175324857991,362.0350649715984,0.4999999999999998
xonsh,2007,4.0,1.0,0.0,4776,4776,181.0175324857993,724.0701299431968,0.2500000000000002
xonsh,2008,0.5,0.0,0.0,2402,4776,90.59578015126124,90.5087662428996,1.0009613865261198
xonsh,2008,1.0,1.0,0.0,4776,4776,181.01753248579925,181.0175324857992,1.0000000000000002
xonsh,2008,2.0,1.0,0.0,4776,4776,181.01753248579908,362.0350649715984,0.4999999999999996
xonsh,2008,4.0,1.0,0.0,4776,4776,181.0175324857996,724.0701299431968,0.2500000000000004
xonsh,2009,0.5,0.0,0.0,2373,4776,90.51209374580333,90.5087662428996,1.0000367644267163
xonsh,2009,1.0,1.0,0.0,4776,4776,181.0175324857993,181.0175324857992,1.0000000000000009
xonsh,2009,2.0,1.0,0.0,4776,4776,181.01753248579945,362.0350649715984,0.5000000000000007
xonsh,2009,4.0,1.0,0.0,4776,4776,181.0175324857995,724.0701299431968,0.2500000000000004
xonsh,2010,0.5,0.0,0.0,2499,4776,90.81003811556866,90.5087662428996,1.0033286485406343
xonsh,2010,1.0,1.0,0.0,4776,4776,181.0175324857991,181.0175324857992,0.9999999999999996
xonsh,2010,2.0,1.0,0.0,4776,4776,181.0175324857992,362.0350649715984,0.5
xonsh,2010,4.0,1.0,0.0,4776,4776,181.01753248579936,724.0701299431968,0.2500000000000002
xonsh,2011,0.5,0.0,0.0,2369,4776,90.51801157535895,90.5087662428996,1.000102148475149
xonsh,2011,1.0,1.0,0.0,4776,4776,181.01753248579945,181.0175324857992,1.000000000000001
xonsh,2011,2.0,1.0,0.0,4776,4776,181.01753248579968,362.0350649715984,0.5000000000000013
xonsh,2011,4.0,1.0,0.0,4776,4776,181.01753248579868,724.0701299431968,0.2499999999999993
