benchmark,unit,rep,budget,tau,method,count,recall,n_reference,confirmed_total,false_conf,n_exec,B,B_used,overtime,sched_cpu_s,n_eliminated,init_completed,init_exec,init_used,budget_frac,split_seed,n_candidates,init_share_of_budget,unit_seed
SensoDat,0,0,39228.18094513416,0.3,HDoC-Sampling,0,0.0,4322,0,0,611,39228.18094513416,39243.78078532219,15.599840188027883,0.002343900268897414,0,False,611,39243.78078532219,0.05,20261001.0,12135,1.000397669221773,
SensoDat,0,1,39228.18094513416,0.3,HDoC-Sampling,0,0.0,4322,0,0,608,39228.18094513416,39274.2079949379,46.02704980373528,0.0015709004364907742,0,False,608,39274.2079949379,0.05,20261001.0,12135,1.0011733159349936,
SensoDat,0,2,39228.18094513416,0.3,HDoC-Sampling,0,0.0,4322,0,0,628,39228.18094513416,39278.14662861824,49.96568348407891,0.0016987009439617395,0,False,628,39278.14662861824,0.05,20261001.0,12135,1.001273719103977,
SensoDat,0,0,78456.36189026832,0.3,HDoC-Sampling,0,0.0,4322,0,0,1203,78456.36189026832,78479.37195968628,23.0100694179564,0.003227801527827978,0,False,1203,78479.37195968628,0.1,20261001.0,12135,1.0002932849403614,
SensoDat,0,1,78456.36189026832,0.3,HDoC-Sampling,0,0.0,4322,0,0,1188,78456.36189026832,78489.31405377388,32.95216350555711,0.003300100564956665,0,False,1188,78489.31405377388,0.1,20261001.0,12135,1.0004200062647775,
SensoDat,0,2,78456.36189026832,0.3,HDoC-Sampling,0,0.0,4322,0,0,1184,78456.36189026832,78493.39638209343,37.03449182510667,0.0031377997947856784,0,False,1184,78493.39638209343,0.1,20261001.0,12135,1.0004720393723698,
SensoDat,0,0,156912.72378053665,0.3,HDoC-Sampling,0,0.0,4322,0,0,2425,156912.72378053665,156919.30308318138,6.579302644735435,0.006242698640562594,0,False,2425,156919.30308318138,0.2,20261001.0,12135,1.000041929694968,
SensoDat,0,1,156912.72378053665,0.3,HDoC-Sampling,0,0.0,4322,0,0,2456,156912.72378053665,156923.15173864365,10.42795810700045,0.00647039816249162,0,False,2456,156923.15173864365,0.2,20261001.0,12135,1.000066457058776,
SensoDat,0,2,156912.72378053665,0.3,HDoC-Sampling,0,0.0,4322,0,0,2431,156912.72378053665,156948.31811141968,35.594330883031944,0.006243100739084184,0,False,2431,156948.31811141968,0.2,20261001.0,12135,1.0002268415844517,
SensoDat,1,0,39228.18094513416,0.3,HDoC-Sampling,0,0.0,4322,0,0,606,39228.18094513416,39302.94810175896,74.76715662479546,0.0016540003707632422,0,False,606,39302.94810175896,0.05,20261002.0,12135,1.0019059552297205,
SensoDat,1,1,39228.18094513416,0.3,HDoC-Sampling,0,0.0,4322,0,0,610,39228.18094513416,39295.57021832466,67.38927319049981,0.0015168997924774885,0,False,610,39295.57021832466,0.05,20261002.0,12135,1.0017178791258445,
SensoDat,1,2,39228.18094513416,0.3,HDoC-Sampling,0,0.0,4322,0,0,587,39228.18094513416,39294.238017082214,66.05707194805291,0.001773699652403593,0,False,587,39294.238017082214,0.05,20261002.0,12135,1.0016839188143962,
SensoDat,1,0,78456.36189026832,0.3,HDoC-Sampling,0,0.0,4322,0,0,1243,78456.36189026832,78476.32688903809,19.964998769763042,0.0031310004414990544,0,False,1243,78476.32688903809,0.1,20261002.0,12135,1.000254472655738,
SensoDat,1,1,78456.36189026832,0.3,HDoC-Sampling,0,0.0,4322,0,0,1227,78456.36189026832,78456.82721042633,0.4653201580076711,0.004049999755807221,0,False,1227,78456.82721042633,0.1,20261002.0,12135,1.0000059309423328,
SensoDat,1,2,78456.36189026832,0.3,HDoC-Sampling,0,0.0,4322,0,0,1237,78456.36189026832,78518.7052705288,62.34338026047044,0.0031599017092958093,0,False,1237,78518.7052705288,0.1,20261002.0,12135,1.0007946249196167,
SensoDat,1,0,156912.72378053665,0.3,HDoC-Sampling,0,0.0,4322,0,0,2459,156912.72378053665,156918.6702580452,5.946477508550743,0.006045899237506092,0,False,2459,156918.6702580452,0.2,20261002.0,12135,1.0000378967196877,
SensoDat,1,1,156912.72378053665,0.3,HDoC-Sampling,0,0.0,4322,0,0,2404,156912.72378053665,156933.9237754345,21.199994897848228,0.006160300457850099,0,False,2404,156933.9237754345,0.2,20261002.0,12135,1.0001351069205038,
SensoDat,1,2,156912.72378053665,0.3,HDoC-Sampling,0,0.0,4322,0,0,2403,156912.72378053665,156943.71998286247,30.996202325826744,0.005915098590776324,0,False,2403,156943.71998286247,0.2,20261002.0,12135,1.0001975378514822,
SensoDat,2,0,39228.18094513416,0.3,HDoC-Sampling,0,0.0,4322,0,0,614,39228.18094513416,39238.23091840744,10.049973273278738,0.001728599308989942,0,False,614,39238.23091840744,0.05,20261003.0,12135,1.0002561926918645,
SensoDat,2,1,39228.18094513416,0.3,HDoC-Sampling,0,0.0,4322,0,0,611,39228.18094513416,39284.376187324524,56.19524219036248,0.0014057011576369405,0,False,611,39284.376187324524,0.05,20261003.0,12135,1.0014325222540643,
SensoDat,2,2,39228.18094513416,0.3,HDoC-Sampling,0,0.0,4322,0,0,602,39228.18094513416,39243.49121952057,15.3102743864074,0.0018636994063854218,0,False,602,39243.49121952057,0.05,20261003.0,12135,1.000390287645706,
SensoDat,2,0,78456.36189026832,0.3,HDoC-Sampling,0,0.0,4322,0,0,1222,78456.36189026832,78526.02526783943,69.66337757110887,0.0028208994772285223,0,False,1222,78526.02526783943,0.1,20261003.0,12135,1.0008879251585556,
SensoDat,2,1,78456.36189026832,0.3,HDoC-Sampling,0,0.0,4322,0,0,1250,78456.36189026832,78505.40039420128,49.03850393295579,0.003530700458213687,0,False,1250,78505.40039420128,0.1,20261003.0,12135,1.0006250417780211,
SensoDat,2,2,78456.36189026832,0.3,HDoC-Sampling,0,0.0,4322,0,0,1202,78456.36189026832,78470.71410107613,14.352210807803203,0.0035960994428023696,0,False,1202,78470.71410107613,0.1,20261003.0,12135,1.0001829324029563,
SensoDat,2,0,156912.72378053665,0.3,HDoC-Sampling,0,0.0,4322,0,0,2395,156912.72378053665,156930.825851202,18.102070665365318,0.005653499509207904,0,False,2395,156930.825851202,0.2,20261003.0,12135,1.0001153639439124,
SensoDat,2,1,156912.72378053665,0.3,HDoC-Sampling,0,0.0,4322,0,0,2441,156912.72378053665,156976.63280010223,63.909019565588096,0.008509199600666761,0,False,2441,156976.63280010223,0.2,20261003.0,12135,1.0004072902313197,
SensoDat,2,2,156912.72378053665,0.3,HDoC-Sampling,0,0.0,4322,0,0,2409,156912.72378053665,156957.24294185638,44.51916131973849,0.0062217009253799915,0,False,2409,156957.24294185638,0.2,20261003.0,12135,1.0002837192564575,
SensoDat,3,0,39228.18094513416,0.3,HDoC-Sampling,0,0.0,4322,0,0,608,39228.18094513416,39259.44457125664,31.263626122476126,0.0017079004319384694,0,False,608,39259.44457125664,0.05,20261004.0,12135,1.000796968540708,
SensoDat,3,1,39228.18094513416,0.3,HDoC-Sampling,0,0.0,4322,0,0,588,39228.18094513416,39286.378873586655,58.197928452493215,0.002891101175919175,0,False,588,39286.378873586655,0.05,20261004.0,12135,1.001483574487787,
SensoDat,3,2,39228.18094513416,0.3,HDoC-Sampling,0,0.0,4322,0,0,606,39228.18094513416,39242.82194018364,14.640995049478079,0.0015744989505037665,0,False,606,39242.82194018364,0.05,20261004.0,12135,1.0003732264585492,
SensoDat,3,0,78456.36189026832,0.3,HDoC-Sampling,0,0.0,4322,0,0,1231,78456.36189026832,78512.60325050354,56.241360235217144,0.0033249001717194915,0,False,1231,78512.60325050354,0.1,20261004.0,12135,1.000716848944817,
SensoDat,3,1,78456.36189026832,0.3,HDoC-Sampling,0,0.0,4322,0,0,1236,78456.36189026832,78464.71440911293,8.352518844607403,0.0037450994132086635,0,False,1236,78464.71440911293,0.1,20261004.0,12135,1.00010646069539,
SensoDat,3,2,78456.36189026832,0.3,HDoC-Sampling,0,0.0,4322,0,0,1226,78456.36189026832,78543.09225416183,86.73036389351182,0.003333500004373491,0,False,1226,78543.09225416183,0.1,20261004.0,12135,1.0011054599245224,
SensoDat,3,0,156912.72378053665,0.3,HDoC-Sampling,0,0.0,4322,0,0,2397,156912.72378053665,156913.55508613586,0.8313055992184673,0.005688399192877114,0,False,2397,156913.55508613586,0.2,20261004.0,12135,1.000005297885214,
SensoDat,3,1,156912.72378053665,0.3,HDoC-Sampling,0,0.0,4322,0,0,2400,156912.72378053665,156957.02311372757,44.29933319092379,0.006775000598281622,0,False,2400,156957.02311372757,0.2,20261004.0,12135,1.0002823182985012,
SensoDat,3,2,156912.72378053665,0.3,HDoC-Sampling,0,0.0,4322,0,0,2459,156912.72378053665,156979.34824228287,66.62446174622164,0.005901599652133882,0,False,2459,156979.34824228287,0.2,20261004.0,12135,1.0004245956614672,
SensoDat,4,0,39228.18094513416,0.3,HDoC-Sampling,0,0.0,4322,0,0,608,39228.18094513416,39237.43015027046,9.249205136300588,0.0019061996135860682,0,False,608,39237.43015027046,0.05,20261005.0,12135,1.0002357796082677,
SensoDat,4,1,39228.18094513416,0.3,HDoC-Sampling,0,0.0,4322,0,0,624,39228.18094513416,39260.81549859047,32.63455345630791,0.0016927001997828484,0,False,624,39260.81549859047,0.05,20261005.0,12135,1.0008319160529506,
SensoDat,4,2,39228.18094513416,0.3,HDoC-Sampling,0,0.0,4322,0,0,609,39228.18094513416,39290.300243377686,62.1192982435241,0.0015105998609215021,0,False,609,39290.300243377686,0.05,20261005.0,12135,1.0015835375678115,
SensoDat,4,0,78456.36189026832,0.3,HDoC-Sampling,0,0.0,4322,0,0,1205,78456.36189026832,78463.93021965027,7.568329381945659,0.0035007999977096915,0,False,1205,78463.93021965027,0.1,20261005.0,12135,1.0000964654643627,
SensoDat,4,1,78456.36189026832,0.3,HDoC-Sampling,0,0.0,4322,0,0,1205,78456.36189026832,78515.92795491219,59.566064643862774,0.0034363012528046966,0,False,1205,78515.92795491219,0.1,20261005.0,12135,1.0007592254242832,
SensoDat,4,2,78456.36189026832,0.3,HDoC-Sampling,0,0.0,4322,0,0,1214,78456.36189026832,78498.94645023346,42.58455996513658,0.0028849999653175473,0,False,1214,78498.94645023346,0.1,20261005.0,12135,1.0005427802021294,
SensoDat,4,0,156912.72378053665,0.3,HDoC-Sampling,0,0.0,4322,0,0,2400,156912.72378053665,156948.32474589348,35.6009653568326,0.005623198696412146,0,False,2400,156948.32474589348,0.2,20261005.0,12135,1.0002268838657509,
SensoDat,4,1,156912.72378053665,0.3,HDoC-Sampling,0,0.0,4322,0,0,2399,156912.72378053665,157006.27595734596,93.55217680931673,0.005983800161629915,0,False,2399,157006.27595734596,0.2,20261005.0,12135,1.000596205167786,
SensoDat,4,2,156912.72378053665,0.3,HDoC-Sampling,0,0.0,4322,0,0,2426,156912.72378053665,156940.6283068657,27.904526329046348,0.005859401426278055,0,False,2426,156940.6283068657,0.2,20261005.0,12135,1.0001778346947063,
SensoDat,5,0,39228.18094513416,0.3,HDoC-Sampling,0,0.0,4322,0,0,611,39228.18094513416,39234.64522266388,6.464277529717947,0.0015639999182894826,0,False,611,39234.64522266388,0.05,20261006.0,12135,1.0001647865736818,
SensoDat,5,1,39228.18094513416,0.3,HDoC-Sampling,0,0.0,4322,0,0,598,39228.18094513416,39324.32821917534,96.1472740411773,0.001517900382168591,0,False,598,39324.32821917534,0.05,20261006.0,12135,1.0024509745729901,
SensoDat,5,2,39228.18094513416,0.3,HDoC-Sampling,0,0.0,4322,0,0,600,39228.18094513416,39234.5160844326,6.335139298440481,0.0014631999656558037,0,False,600,39234.5160844326,0.05,20261006.0,12135,1.0001614945976542,
SensoDat,5,0,78456.36189026832,0.3,HDoC-Sampling,0,0.0,4322,0,0,1219,78456.36189026832,78563.4733068943,107.11141662597947,0.0028606990817934275,0,False,1219,78563.4733068943,0.1,20261006.0,12135,1.0013652355786749,
SensoDat,5,1,78456.36189026832,0.3,HDoC-Sampling,0,0.0,4322,0,0,1246,78456.36189026832,78459.76712226868,3.4052320003538625,0.002805500291287899,0,False,1246,78459.76712226868,0.1,20261006.0,12135,1.000043402879235,
SensoDat,5,2,78456.36189026832,0.3,HDoC-Sampling,0,0.0,4322,0,0,1219,78456.36189026832,78498.85692572594,42.495035457613994,0.0035032000159844756,0,False,1219,78498.85692572594,0.1,20261006.0,12135,1.0005416391282207,
SensoDat,5,0,156912.72378053665,0.3,HDoC-Sampling,0,0.0,4322,0,0,2399,156912.72378053665,156914.61485648155,1.8910759449063335,0.007674801163375378,0,False,2399,156914.61485648155,0.2,20261006.0,12135,1.0000120517692852,
SensoDat,5,1,156912.72378053665,0.3,HDoC-Sampling,0,0.0,4322,0,0,2433,156912.72378053665,156941.0203614235,28.29658088684664,0.0061611003475263715,0,False,2433,156941.0203614235,0.2,20261006.0,12135,1.0001803332464385,
SensoDat,5,2,156912.72378053665,0.3,HDoC-Sampling,0,0.0,4322,0,0,2447,156912.72378053665,156999.7264134884,87.00263295174227,0.007166301598772407,0,False,2447,156999.7264134884,0.2,20261006.0,12135,1.00055446512466,
SensoDat,6,0,39228.18094513416,0.3,HDoC-Sampling,0,0.0,4322,0,0,624,39228.18094513416,39299.25942325592,71.07847812175896,0.0033181998878717422,0,False,624,39299.25942325592,0.05,20261007.0,12135,1.0018119238876044,
SensoDat,6,1,39228.18094513416,0.3,HDoC-Sampling,0,0.0,4322,0,0,622,39228.18094513416,39238.473999500275,10.29305436611321,0.0015834001824259758,0,False,622,39238.473999500275,0.05,20261007.0,12135,1.0002623892854097,
SensoDat,6,2,39228.18094513416,0.3,HDoC-Sampling,0,0.0,4322,0,0,600,39228.18094513416,39302.52399396896,74.34304883480218,0.002390099805779755,0,False,600,39302.52399396896,0.05,20261007.0,12135,1.0018951439257096,
SensoDat,6,0,78456.36189026832,0.3,HDoC-Sampling,0,0.0,4322,0,0,1202,78456.36189026832,78481.71536970139,25.353479433062603,0.0028237991500645876,0,False,1202,78481.71536970139,0.1,20261007.0,12135,1.0003231539013817,
SensoDat,6,1,78456.36189026832,0.3,HDoC-Sampling,0,0.0,4322,0,0,1240,78456.36189026832,78511.48426127434,55.12237100601487,0.0031475998694077134,0,False,1240,78511.48426127434,0.1,20261007.0,12135,1.0007025863764,
SensoDat,6,2,78456.36189026832,0.3,HDoC-Sampling,0,0.0,4322,0,0,1215,78456.36189026832,78494.60552883148,38.24363856315904,0.0037238001823425293,0,False,1215,78494.60552883148,0.1,20261007.0,12135,1.0004874510828918,
SensoDat,6,0,156912.72378053665,0.3,HDoC-Sampling,0,0.0,4322,0,0,2457,156912.72378053665,156962.06785869598,49.344078159338096,0.006887900410220027,0,False,2457,156962.06785869598,0.2,20261007.0,12135,1.0003144683042298,
SensoDat,6,1,156912.72378053665,0.3,HDoC-Sampling,0,0.0,4322,0,0,2426,156912.72378053665,156916.448148489,3.7243679523526225,0.006600197637453675,0,False,2426,156916.448148489,0.2,20261007.0,12135,1.0000237352833004,
SensoDat,6,2,156912.72378053665,0.3,HDoC-Sampling,0,0.0,4322,0,0,2445,156912.72378053665,156924.19485402107,11.471073484426597,0.005762001732364297,0,False,2445,156924.19485402107,0.2,20261007.0,12135,1.0000731048012428,
SensoDat,7,0,39228.18094513416,0.3,HDoC-Sampling,0,0.0,4322,0,0,636,39228.18094513416,39235.97243642807,7.791491293908621,0.001700600958429277,0,False,636,39235.97243642807,0.05,20261008.0,12135,1.0001986197449433,
SensoDat,7,1,39228.18094513416,0.3,HDoC-Sampling,0,0.0,4322,0,0,597,39228.18094513416,39314.15289521217,85.97195007801201,0.0018110001692548394,0,False,597,39314.15289521217,0.05,20261008.0,12135,1.0021915864566409,
SensoDat,7,2,39228.18094513416,0.3,HDoC-Sampling,0,0.0,4322,0,0,592,39228.18094513416,39284.270427942276,56.08948280811455,0.0016267008613795042,0,False,592,39284.270427942276,0.05,20261008.0,12135,1.0014298262488022,
SensoDat,7,0,78456.36189026832,0.3,HDoC-Sampling,0,0.0,4322,0,0,1240,78456.36189026832,78518.66329574585,62.301405477526714,0.0038158000679686666,0,False,1240,78518.66329574585,0.1,20261008.0,12135,1.0007940899115952,
SensoDat,7,1,78456.36189026832,0.3,HDoC-Sampling,0,0.0,4322,0,0,1216,78456.36189026832,78472.75129413605,16.389403867724468,0.003754599718376994,0,False,1216,78472.75129413605,0.1,20261008.0,12135,1.0002088983413562,
SensoDat,7,2,78456.36189026832,0.3,HDoC-Sampling,0,0.0,4322,0,0,1218,78456.36189026832,78468.121301651,11.759411382678081,0.0035660999128594995,0,False,1218,78468.121301651,0.1,20261008.0,12135,1.0001498847397376,
SensoDat,7,0,156912.72378053665,0.3,HDoC-Sampling,0,0.0,4322,0,0,2420,156912.72378053665,156939.53656053543,26.812779998785118,0.007359700044617057,0,False,2420,156939.53656053543,0.2,20261008.0,12135,1.0001708770286615,
SensoDat,7,1,156912.72378053665,0.3,HDoC-Sampling,0,0.0,4322,0,0,2425,156912.72378053665,156965.94623708725,53.222456550603965,0.007964200922288,0,False,2425,156965.94623708725,0.2,20261008.0,12135,1.0003391850913572,
SensoDat,7,2,156912.72378053665,0.3,HDoC-Sampling,0,0.0,4322,0,0,2469,156912.72378053665,156977.7046482563,64.98086771965609,0.006628700066357851,0,False,2469,156977.7046482563,0.2,20261008.0,12135,1.000414121086895,
SensoDat,8,0,39228.18094513416,0.3,HDoC-Sampling,0,0.0,4322,0,0,615,39228.18094513416,39295.1026661396,66.92172100544121,0.0015736001078039408,0,False,615,39295.1026661396,0.05,20261009.0,12135,1.001705960342618,
SensoDat,8,1,39228.18094513416,0.3,HDoC-Sampling,0,0.0,4322,0,0,623,39228.18094513416,39257.07652044296,28.8955753088012,0.002239000052213669,0,False,623,39257.07652044296,0.05,20261009.0,12135,1.000736602478438,
SensoDat,8,2,39228.18094513416,0.3,HDoC-Sampling,0,0.0,4322,0,0,608,39228.18094513416,39229.59503817558,1.414093041421438,0.0018556996947154403,0,False,608,39229.59503817558,0.05,20261009.0,12135,1.000036047887191,
SensoDat,8,0,78456.36189026832,0.3,HDoC-Sampling,0,0.0,4322,0,0,1250,78456.36189026832,78544.10969400406,87.74780373573594,0.00415390043053776,0,False,1250,78544.10969400406,0.1,20261009.0,12135,1.0011184281506509,
SensoDat,8,1,78456.36189026832,0.3,HDoC-Sampling,0,0.0,4322,0,0,1206,78456.36189026832,78494.07054567337,37.708655405047466,0.0030199980828911066,0,False,1206,78494.07054567337,0.1,20261009.0,12135,1.0004806322202116,
SensoDat,8,2,78456.36189026832,0.3,HDoC-Sampling,0,0.0,4322,0,0,1217,78456.36189026832,78467.7762105465,11.414320278170635,0.002847899799235165,0,False,1217,78467.7762105465,0.1,20261009.0,12135,1.0001454862295824,
SensoDat,8,0,156912.72378053665,0.3,HDoC-Sampling,0,0.0,4322,0,0,2390,156912.72378053665,156992.96006846428,80.23628792763338,0.0057857007486745715,0,False,2390,156992.96006846428,0.2,20261009.0,12135,1.0005113434143165,
SensoDat,8,1,156912.72378053665,0.3,HDoC-Sampling,0,0.0,4322,0,0,2442,156912.72378053665,157007.03710865974,94.31332812309847,0.006302400375716388,0,False,2442,157007.03710865974,0.2,20261009.0,12135,1.0006010559618799,
SensoDat,8,2,156912.72378053665,0.3,HDoC-Sampling,0,0.0,4322,0,0,2400,156912.72378053665,156970.6801083088,57.956327772146324,0.006182498880662024,0,False,2400,156970.6801083088,0.2,20261009.0,12135,1.0003693539081842,
SensoDat,9,0,39228.18094513416,0.3,HDoC-Sampling,0,0.0,4322,0,0,606,39228.18094513416,39284.448504924774,56.26755979061272,0.0014471999602392316,0,False,606,39284.448504924774,0.05,20261010.0,12135,1.0014343657655018,
SensoDat,9,1,39228.18094513416,0.3,HDoC-Sampling,0,0.0,4322,0,0,624,39228.18094513416,39250.56759881973,22.38665368557122,0.0023393998853862286,0,False,624,39250.56759881973,0.05,20261010.0,12135,1.0005706778429742,
SensoDat,9,2,39228.18094513416,0.3,HDoC-Sampling,0,0.0,4322,0,0,605,39228.18094513416,39283.71314454079,55.532199406625296,0.001418500323779881,0,False,605,39283.71314454079,0.05,20261010.0,12135,1.00141562004836,
SensoDat,9,0,78456.36189026832,0.3,HDoC-Sampling,0,0.0,4322,0,0,1192,78456.36189026832,78456.75099253654,0.3891022682219045,0.0029385993257164955,0,False,1192,78456.75099253654,0.1,20261010.0,12135,1.0000049594737614,
SensoDat,9,1,78456.36189026832,0.3,HDoC-Sampling,0,0.0,4322,0,0,1216,78456.36189026832,78499.48972558975,43.1278353214293,0.003332200227305293,0,False,1216,78499.48972558975,0.1,20261010.0,12135,1.0005497047566614,
SensoDat,9,2,78456.36189026832,0.3,HDoC-Sampling,0,0.0,4322,0,0,1195,78456.36189026832,78461.39338254929,5.031492280962993,0.003072999301366508,0,False,1195,78461.39338254929,0.1,20261010.0,12135,1.0000641310935117,
SensoDat,9,0,156912.72378053665,0.3,HDoC-Sampling,0,0.0,4322,0,0,2436,156912.72378053665,156927.14781093597,14.42403039932833,0.00580669951159507,0,False,2436,156927.14781093597,0.2,20261010.0,12135,1.0000919239055432,
SensoDat,9,1,156912.72378053665,0.3,HDoC-Sampling,0,0.0,4322,0,0,2462,156912.72378053665,156978.5165553093,65.79277477264986,0.006448998698033392,0,False,2462,156978.5165553093,0.2,20261010.0,12135,1.000419295345766,
SensoDat,9,2,156912.72378053665,0.3,HDoC-Sampling,0,0.0,4322,0,0,2428,156912.72378053665,156930.6738679409,17.95008740425692,0.006035998929291964,0,False,2428,156930.6738679409,0.2,20261010.0,12135,1.0001143953592275,
Amini,2000,0,97779.65863193275,0.3,HDoC-Sampling,0,0.0,23,0,0,26,97779.65863193275,98632.68055486679,853.0219229340437,0.00010790000669658184,0,False,26,98632.68055486679,0.05,,36,1.00872392003479,2000.0
Amini,2000,0,195559.3172638655,0.3,HDoC-Sampling,0,0.0,23,0,0,51,195559.3172638655,197668.86127209663,2109.5440082311397,0.0007246000459417701,0,True,36,134527.09691166878,0.1,,36,0.6879094220305199,2000.0
Amini,2000,0,391118.634527731,0.3,HDoC-Sampling,0,0.0,23,0,0,94,391118.634527731,393209.21795892715,2090.583431196166,0.0020326997619122267,0,True,36,134527.09691166878,0.2,,36,0.34395471101525993,2000.0
Amini,2001,0,97779.65863193275,0.3,HDoC-Sampling,0,0.0,23,0,0,28,97779.65863193275,101166.94399189949,3387.2853599667433,9.309977758675814e-05,0,False,28,101166.94399189949,0.05,,36,1.0346420248071977,2001.0
Amini,2001,0,195559.3172638655,0.3,HDoC-Sampling,0,0.0,23,0,0,52,195559.3172638655,197580.69764733315,2021.380383467651,0.000843200134113431,0,True,36,133499.24780988693,0.1,,36,0.682653476590728,2001.0
Amini,2001,0,391118.634527731,0.3,HDoC-Sampling,0,0.0,23,0,0,101,391118.634527731,393251.3612713814,2132.72674365039,0.002482899813912809,0,True,36,133499.24780988693,0.2,,36,0.341326738295364,2001.0
Amini,2002,0,97779.65863193275,0.3,HDoC-Sampling,0,0.0,23,0,0,28,97779.65863193275,102332.64863538742,4552.990003454674,8.299993351101875e-05,0,False,28,102332.64863538742,0.05,,36,1.0465637747887142,2002.0
Amini,2002,0,195559.3172638655,0.3,HDoC-Sampling,0,0.0,23,0,0,50,195559.3172638655,196856.8000688553,1297.4828049897915,0.0005870002787560225,0,True,36,131150.4464225769,0.1,,36,0.6706427914432602,2002.0
Amini,2002,0,391118.634527731,0.3,HDoC-Sampling,0,0.0,23,0,0,94,391118.634527731,392158.4392592907,1039.8047315597069,0.0029263001633808017,0,True,36,131150.4464225769,0.2,,36,0.3353213957216301,2002.0
Amini,2003,0,97779.65863193275,0.3,HDoC-Sampling,0,0.0,23,0,0,29,97779.65863193275,101132.74268364906,3353.084051716316,8.949986658990383e-05,0,False,29,101132.74268364906,0.05,,36,1.0342922454284502,2003.0
Amini,2003,0,195559.3172638655,0.3,HDoC-Sampling,0,0.0,23,0,0,50,195559.3172638655,199519.6256363392,3960.3083724736935,0.0006066996138542891,0,True,36,133502.46070837975,0.1,,36,0.6826699058692597,2003.0
Amini,2003,0,391118.634527731,0.3,HDoC-Sampling,0,0.0,23,0,0,94,391118.634527731,391989.80083298683,871.1663052558433,0.0022207008441910148,0,True,36,133502.46070837975,0.2,,36,0.34133495293462984,2003.0
Amini,2004,0,97779.65863193275,0.3,HDoC-Sampling,0,0.0,23,0,0,26,97779.65863193275,100778.54698204994,2998.888350117195,7.590011227875948e-05,0,False,26,100778.54698204994,0.05,,36,1.0306698590696226,2004.0
Amini,2004,0,195559.3172638655,0.3,HDoC-Sampling,0,0.0,23,0,0,50,195559.3172638655,196054.6501133442,495.33284947869834,0.0007037000032141805,0,True,36,141648.98493242264,0.1,,36,0.7243274670533729,2004.0
Amini,2004,0,391118.634527731,0.3,HDoC-Sampling,0,0.0,23,0,0,97,391118.634527731,392175.09894013405,1056.4644124030601,0.0020574002992361784,0,True,36,141648.98493242264,0.2,,36,0.36216373352668646,2004.0
Amini,2005,0,97779.65863193275,0.3,HDoC-Sampling,0,0.0,23,0,0,26,97779.65863193275,99677.92913556099,1898.2705036282423,6.950006354600191e-05,0,False,26,99677.92913556099,0.05,,36,1.0194137567075563,2005.0
Amini,2005,0,195559.3172638655,0.3,HDoC-Sampling,0,0.0,23,0,0,49,195559.3172638655,197079.6354777813,1520.3182139158016,0.0005197998834773898,0,True,36,133159.74412941933,0.1,,36,0.6809174116196607,2005.0
Amini,2005,0,391118.634527731,0.3,HDoC-Sampling,0,0.0,23,0,0,94,391118.634527731,394819.8676235676,3701.233095836593,0.0031194993061944842,0,True,36,133159.74412941933,0.2,,36,0.34045870580983034,2005.0
Amini,2006,0,97779.65863193275,0.3,HDoC-Sampling,0,0.0,23,0,0,29,97779.65863193275,98059.28996610641,279.6313341736677,8.099991828203201e-05,0,False,29,98059.28996610641,0.05,,36,1.0028598109063387,2006.0
Amini,2006,0,195559.3172638655,0.3,HDoC-Sampling,0,0.0,23,0,0,51,195559.3172638655,197693.06705594063,2133.749792075134,0.0005931999767199159,0,True,36,128350.43990659714,0.1,,36,0.6563248517247361,2006.0
Amini,2006,0,391118.634527731,0.3,HDoC-Sampling,0,0.0,23,0,0,101,391118.634527731,391928.49239754677,809.8578698157798,0.0034425007179379463,0,True,36,128350.43990659714,0.2,,36,0.32816242586236805,2006.0
Amini,2007,0,97779.65863193275,0.3,HDoC-Sampling,0,0.0,23,0,0,27,97779.65863193275,98068.41229319572,288.7536612629774,9.820004925131798e-05,0,False,27,98068.41229319572,0.05,,36,1.0029531056387702,2007.0
Amini,2007,0,195559.3172638655,0.3,HDoC-Sampling,0,0.0,23,0,0,51,195559.3172638655,199751.1779677868,4191.860703921295,0.0006682001985609531,0,True,36,131236.48980522156,0.1,,36,0.6710827775500258,2007.0
Amini,2007,0,391118.634527731,0.3,HDoC-Sampling,0,0.0,23,0,0,101,391118.634527731,395545.7254445553,4427.090916824294,0.002491799765266478,0,True,36,131236.48980522156,0.2,,36,0.3355413887750129,2007.0
Amini,2008,0,97779.65863193275,0.3,HDoC-Sampling,0,0.0,23,0,0,25,97779.65863193275,97930.94019293785,151.28156100510387,7.700012065470219e-05,0,False,25,97930.94019293785,0.05,,36,1.0015471680216697,2008.0
Amini,2008,0,195559.3172638655,0.3,HDoC-Sampling,0,0.0,23,0,0,50,195559.3172638655,196805.4228515625,1246.1055876970058,0.0006172002758830786,0,True,36,137512.8885228634,0.1,,36,0.70317738089318,2008.0
Amini,2008,0,391118.634527731,0.3,HDoC-Sampling,0,0.0,23,0,0,95,391118.634527731,392952.17852830887,1833.54400057788,0.0020667993230745196,0,True,36,137512.8885228634,0.2,,36,0.35158869044659,2008.0
Amini,2009,0,97779.65863193275,0.3,HDoC-Sampling,0,0.0,23,0,0,26,97779.65863193275,100595.1553273201,2815.496695387352,7.789989467710257e-05,0,False,26,100595.1553273201,0.05,,36,1.0287942986790901,2009.0
Amini,2009,0,195559.3172638655,0.3,HDoC-Sampling,0,0.0,23,0,0,50,195559.3172638655,198328.13530778885,2768.8180439233547,0.0006085998611524701,0,True,36,138092.36520814896,0.1,,36,0.7061405569432564,2009.0
Amini,2009,0,391118.634527731,0.3,HDoC-Sampling,0,0.0,23,0,0,95,391118.634527731,392319.902667284,1201.2681395530235,0.002543899230659008,0,True,36,138092.36520814896,0.2,,36,0.3530702784716282,2009.0
Amini,2010,0,97779.65863193275,0.3,HDoC-Sampling,0,0.0,23,0,0,26,97779.65863193275,97790.85529613495,11.196664202201646,6.849982310086489e-05,0,False,26,97790.85529613495,0.05,,36,1.0001145091357329,2010.0
Amini,2010,0,195559.3172638655,0.3,HDoC-Sampling,0,0.0,23,0,0,50,195559.3172638655,196412.64272141457,853.3254575490719,0.0005514000076800585,0,True,36,130720.37562060356,0.1,,36,0.6684436080548612,2010.0
Amini,2010,0,391118.634527731,0.3,HDoC-Sampling,0,0.0,23,0,0,98,391118.634527731,393435.0270726681,2316.392544937087,0.002422100049443543,0,True,36,130720.37562060356,0.2,,36,0.3342218040274306,2010.0
Amini,2011,0,97779.65863193275,0.3,HDoC-Sampling,0,0.0,23,0,0,27,97779.65863193275,99137.86854934692,1358.2099174141767,0.00020580017007887363,0,False,27,99137.86854934692,0.05,,36,1.013890516048198,2011.0
Amini,2011,0,195559.3172638655,0.3,HDoC-Sampling,0,0.0,23,0,0,50,195559.3172638655,195904.67644906044,345.3591851949459,0.000667399843223393,0,True,36,136355.5982644558,0.1,,36,0.6972595331802732,2011.0
Amini,2011,0,391118.634527731,0.3,HDoC-Sampling,0,0.0,23,0,0,99,391118.634527731,394519.5397195816,3400.9051918506157,0.0025483001954853535,0,True,36,136355.5982644558,0.2,,36,0.3486297665901366,2011.0
