benchmark,budget,method,n_units,mean_recall,sd,ci_low,ci_high
sensodat,0.03,Uniform,10,0,0,0,0
sensodat,0.03,FailRerun,10,0.01038870893,0.0007022168527,0.009953470417,0.01082394745
sensodat,0.03,ScoreCost,10,0.01064322073,0.001299730028,0.009837639714,0.01144880175
sensodat,0.03,APGAI,10,0,0,0,0
sensodat,0.03,Mean Planning,10,0.01250192812,0.0007977435865,0.01200748152,0.01299637472
sensodat,0.03,ReproAlloc,10,0.01263304026,0.001302675999,0.01182563331,0.01344044721
sensodat,0.05,Uniform,10,0,0,0,0
sensodat,0.05,FailRerun,10,0.01728366497,0.001204974545,0.01653681401,0.01803051593
sensodat,0.05,ScoreCost,10,0.0169828783,0.002026489576,0.01572684705,0.01823890955
sensodat,0.05,APGAI,10,0,0,0,0
sensodat,0.05,Mean Planning,10,0.02033009409,0.001095063356,0.01965136679,0.02100882139
sensodat,0.05,ReproAlloc,10,0.02060774333,0.00146144181,0.01970193231,0.02151355435
sensodat,0.06,Uniform,10,0,0,0,0
sensodat,0.06,FailRerun,10,0.02049976863,0.001460084475,0.01959479889,0.02140473836
sensodat,0.06,ScoreCost,10,0.02045349375,0.002151767761,0.01911981428,0.02178717323
sensodat,0.06,APGAI,10,0,0,0,0
sensodat,0.06,Mean Planning,10,0.02417862101,0.001355120542,0.0233387086,0.02501853342
sensodat,0.06,ReproAlloc,10,0.0244716952,0.001647356102,0.02345065331,0.02549273709
sensodat,0.07,Uniform,10,0,0,0,0
sensodat,0.07,FailRerun,10,0.02401665895,0.001490724594,0.02309269828,0.02494061963
sensodat,0.07,ScoreCost,10,0.02394724665,0.002606886284,0.02233148179,0.0255630115
sensodat,0.07,APGAI,10,0,0,0,0
sensodat,0.07,Mean Planning,10,0.02793459818,0.001422947112,0.02705264642,0.02881654994
sensodat,0.07,ReproAlloc,10,0.028543884,0.001690286499,0.02749623358,0.02959153443
sensodat,0.08,Uniform,10,0,0,0,0
sensodat,0.08,FailRerun,10,0.0274178621,0.00161502326,0.02641686031,0.02841886389
sensodat,0.08,ScoreCost,10,0.02737158723,0.00269837579,0.02569911659,0.02904405787
sensodat,0.08,APGAI,10,0,0,0,0
sensodat,0.08,Mean Planning,10,0.03153632578,0.001540544981,0.0305814861,0.03249116545
sensodat,0.08,ReproAlloc,10,0.03233071109,0.001662432312,0.03130032487,0.03336109731
sensodat,0.1,Uniform,10,0,0,0,0
sensodat,0.1,FailRerun,10,0.03424340583,0.002112149304,0.03293428213,0.03555252953
sensodat,0.1,ScoreCost,10,0.03440536789,0.002046497201,0.03313693578,0.03567379999
sensodat,0.1,APGAI,10,0,0,0,0
sensodat,0.1,Mean Planning,10,0.03884004319,0.001893427069,0.03766648493,0.04001360145
sensodat,0.1,ReproAlloc,10,0.04052907605,0.001589448552,0.03954392563,0.04151422646
sensodat,0.15,Uniform,10,0,0,0,0
sensodat,0.15,FailRerun,10,0.05120314669,0.002642691859,0.04956518931,0.05284110408
sensodat,0.15,ScoreCost,10,0.05080981027,0.00183550514,0.0496721524,0.05194746815
sensodat,0.15,APGAI,10,0,0,0,0
sensodat,0.15,Mean Planning,10,0.05777417862,0.002300408323,0.05634837077,0.05919998647
sensodat,0.15,ReproAlloc,10,0.05991824772,0.001543973276,0.05896128317,0.06087521228
sensodat,0.2,Uniform,10,0,0,0,0
sensodat,0.2,FailRerun,10,0.06906524757,0.002999450329,0.067206169,0.07092432615
sensodat,0.2,ScoreCost,10,0.06628875521,0.002110036098,0.06498094128,0.06759656913
sensodat,0.2,APGAI,10,0,0,0,0
sensodat,0.2,Mean Planning,10,0.07546660497,0.002008948986,0.07422144548,0.07671176445
sensodat,0.2,ReproAlloc,10,0.07824309733,0.001473354864,0.07732990253,0.07915629214
amini,0.03,Uniform,12,0,0,0,0
amini,0.03,FailRerun,12,0.01086956522,0.01966378334,-0.0002562675763,0.02199539801
amini,0.03,ScoreCost,12,0.02173913043,0.02270578121,0.008892125318,0.03458613555
amini,0.03,APGAI,12,0,0,0,0
amini,0.03,Mean Planning,12,0.02536231884,0.0223882022,0.01269500097,0.03802963671
amini,0.03,ReproAlloc,12,0.02536231884,0.0223882022,0.01269500097,0.03802963671
amini,0.05,Uniform,12,0,0,0,0
amini,0.05,FailRerun,12,0.02173913043,0.0293130375,0.005153718146,0.03832454272
amini,0.05,ScoreCost,12,0.04347826087,0.02621837779,0.02864381714,0.05831270459
amini,0.05,APGAI,12,0,0,0,0
amini,0.05,Mean Planning,12,0.04710144928,0.0290677358,0.03065482949,0.06354806906
amini,0.05,ReproAlloc,12,0.0652173913,0.0293130375,0.04863197902,0.08180280359
amini,0.06,Uniform,12,0,0,0,0
amini,0.06,FailRerun,12,0.02536231884,0.03447658527,0.005855354373,0.04486928331
amini,0.06,ScoreCost,12,0.05434782609,0.03765327843,0.03304347826,0.07565217391
amini,0.06,APGAI,12,0,0,0,0
amini,0.06,Mean Planning,12,0.03623188406,0.03120611142,0.01857536437,0.05388840375
amini,0.06,ReproAlloc,12,0.06884057971,0.03447658527,0.04933361524,0.08834754418
amini,0.07,Uniform,12,0,0,0,0
amini,0.07,FailRerun,12,0.04710144928,0.03447658527,0.02759448481,0.06660841374
amini,0.07,ScoreCost,12,0.07971014493,0.04075812463,0.05664906498,0.1027712249
amini,0.07,APGAI,12,0,0,0,0
amini,0.07,Mean Planning,12,0.06884057971,0.03447658527,0.04933361524,0.08834754418
amini,0.07,ReproAlloc,12,0.1014492754,0.02831908466,0.08542624483,0.1174723059
amini,0.08,Uniform,12,0,0,0,0
amini,0.08,FailRerun,12,0.03260869565,0.02702528524,0.01731770106,0.04789969025
amini,0.08,ScoreCost,12,0.0652173913,0.04347826087,0.0406172494,0.08981753321
amini,0.08,APGAI,12,0.02173913043,0.02270578121,0.008892125318,0.03458613555
amini,0.08,Mean Planning,12,0.07971014493,0.03120611142,0.06205362524,0.09736666462
amini,0.08,ReproAlloc,12,0.115942029,0.04665594522,0.08954394291,0.1423401151
amini,0.1,Uniform,12,0,0,0,0
amini,0.1,FailRerun,12,0.04347826087,0.03707838545,0.02249918936,0.06445733238
amini,0.1,ScoreCost,12,0.1050724638,0.03914507119,0.08292405473,0.1272208728
amini,0.1,APGAI,12,0.0652173913,0.02270578121,0.05237038619,0.07806439642
amini,0.1,Mean Planning,12,0.07608695652,0.02702528524,0.06079596193,0.09137795112
amini,0.1,ReproAlloc,12,0.1413043478,0.02702528524,0.1260133532,0.1565953424
amini,0.15,Uniform,12,0,0,0,0
amini,0.15,FailRerun,12,0.05434782609,0.03765327843,0.03304347826,0.07565217391
amini,0.15,ScoreCost,12,0.1485507246,0.05063044143,0.1199038556,0.1771975936
amini,0.15,APGAI,12,0.1775362319,0.03914507119,0.1553878228,0.1996846409
amini,0.15,Mean Planning,12,0.1449275362,0.04665594522,0.1185294502,0.1713256223
amini,0.15,ReproAlloc,12,0.2028985507,0.03859240716,0.1810628408,0.2247342607
amini,0.2,Uniform,12,0.003623188406,0.01255109281,-0.00347826087,0.01072463768
amini,0.2,FailRerun,12,0.08333333333,0.05391793084,0.05282639209,0.1138402746
amini,0.2,ScoreCost,12,0.2065217391,0.04196988257,0.1827750426,0.2302684357
amini,0.2,APGAI,12,0.2282608696,0.03765327843,0.2069565217,0.2495652174
amini,0.2,Mean Planning,12,0.1594202899,0.05020437123,0.1310144928,0.187826087
amini,0.2,ReproAlloc,12,0.2463768116,0.02140721582,0.234264539,0.2584890842
