benchmark,budget,method,paired_reference,paired_delta,paired_ci_low,paired_ci_high,wilcoxon_p,wins,losses,ties
sensodat,0.03,Uniform,ReproAlloc,-0.01263304026,-0.01344044721,-0.01182563331,0.001953125,0,10,0
sensodat,0.03,FailRerun,ReproAlloc,-0.002244331328,-0.002890971102,-0.001597691554,0.001953125,0,10,0
sensodat,0.03,ScoreCost,ReproAlloc,-0.001989819528,-0.002294491072,-0.001685147984,0.001953125,0,10,0
sensodat,0.03,APGAI,ReproAlloc,-0.01263304026,-0.01344044721,-0.01182563331,0.001953125,0,10,0
sensodat,0.03,Mean Planning,ReproAlloc,-0.0001311121394,-0.0006091630835,0.0003469388047,0.9765625,3,4,3
sensodat,0.03,ReproAlloc,ScoreCost,0.001989819528,0.001685147984,0.002294491072,0.001953125,10,0,0
sensodat,0.05,Uniform,ReproAlloc,-0.02060774333,-0.02151355435,-0.01970193231,0.001953125,0,10,0
sensodat,0.05,FailRerun,ReproAlloc,-0.003324078359,-0.003840624945,-0.002807531773,0.001953125,0,10,0
sensodat,0.05,ScoreCost,ReproAlloc,-0.003624865032,-0.004202464097,-0.003047265966,0.001953125,0,10,0
sensodat,0.05,APGAI,ReproAlloc,-0.02060774333,-0.02151355435,-0.01970193231,0.001953125,0,10,0
sensodat,0.05,Mean Planning,ReproAlloc,-0.0002776492365,-0.0006963263205,0.0001410278475,0.2421875,3,6,1
sensodat,0.05,ReproAlloc,FailRerun,0.003324078359,0.002807531773,0.003840624945,0.001953125,10,0,0
sensodat,0.06,Uniform,ReproAlloc,-0.0244716952,-0.02549273709,-0.02345065331,0.001953125,0,10,0
sensodat,0.06,FailRerun,ReproAlloc,-0.003971926577,-0.004388201383,-0.003555651771,0.001953125,0,10,0
sensodat,0.06,ScoreCost,ReproAlloc,-0.00401820145,-0.004757878868,-0.003278524032,0.001953125,0,10,0
sensodat,0.06,APGAI,ReproAlloc,-0.0244716952,-0.02549273709,-0.02345065331,0.001953125,0,10,0
sensodat,0.06,Mean Planning,ReproAlloc,-0.000293074194,-0.0007514683164,0.0001653199283,0.140625,1,6,3
sensodat,0.06,ReproAlloc,FailRerun,0.003971926577,0.003555651771,0.004388201383,0.001953125,10,0,0
sensodat,0.07,Uniform,ReproAlloc,-0.028543884,-0.02959153443,-0.02749623358,0.001953125,0,10,0
sensodat,0.07,FailRerun,ReproAlloc,-0.00452722505,-0.005235909528,-0.003818540572,0.001953125,0,10,0
sensodat,0.07,ScoreCost,ReproAlloc,-0.004596637359,-0.005690699559,-0.003502575159,0.001953125,0,10,0
sensodat,0.07,APGAI,ReproAlloc,-0.028543884,-0.02959153443,-0.02749623358,0.001953125,0,10,0
sensodat,0.07,Mean Planning,ReproAlloc,-0.0006092858245,-0.001313802168,9.523051947e-05,0.154296875,3,7,0
sensodat,0.07,ReproAlloc,FailRerun,0.00452722505,0.003818540572,0.005235909528,0.001953125,10,0,0
sensodat,0.08,Uniform,ReproAlloc,-0.03233071109,-0.03336109731,-0.03130032487,0.001953125,0,10,0
sensodat,0.08,FailRerun,ReproAlloc,-0.00491284899,-0.005643755765,-0.004181942215,0.001953125,0,10,0
sensodat,0.08,ScoreCost,ReproAlloc,-0.004959123862,-0.005918102687,-0.004000145038,0.001953125,0,10,0
sensodat,0.08,APGAI,ReproAlloc,-0.03233071109,-0.03336109731,-0.03130032487,0.001953125,0,10,0
sensodat,0.08,Mean Planning,ReproAlloc,-0.0007943853154,-0.001292719212,-0.0002960514188,0.01953125,2,8,0
sensodat,0.08,ReproAlloc,FailRerun,0.00491284899,0.004181942215,0.005643755765,0.001953125,10,0,0
sensodat,0.1,Uniform,ReproAlloc,-0.04052907605,-0.04151422646,-0.03954392563,0.001953125,0,10,0
sensodat,0.1,FailRerun,ReproAlloc,-0.006285670214,-0.007377885914,-0.005193454514,0.001953125,0,10,0
sensodat,0.1,ScoreCost,ReproAlloc,-0.00612370816,-0.006493435294,-0.005753981025,0.001953125,0,10,0
sensodat,0.1,APGAI,ReproAlloc,-0.04052907605,-0.04151422646,-0.03954392563,0.001953125,0,10,0
sensodat,0.1,Mean Planning,ReproAlloc,-0.001689032855,-0.002686782731,-0.0006912829794,0.009765625,1,9,0
sensodat,0.1,ReproAlloc,ScoreCost,0.00612370816,0.005753981025,0.006493435294,0.001953125,10,0,0
sensodat,0.15,Uniform,ReproAlloc,-0.05991824772,-0.06087521228,-0.05896128317,0.001953125,0,10,0
sensodat,0.15,FailRerun,ReproAlloc,-0.008715101033,-0.009930073156,-0.007500128911,0.001953125,0,10,0
sensodat,0.15,ScoreCost,ReproAlloc,-0.009108437452,-0.009527266115,-0.008689608789,0.001953125,0,10,0
sensodat,0.15,APGAI,ReproAlloc,-0.05991824772,-0.06087521228,-0.05896128317,0.001953125,0,10,0
sensodat,0.15,Mean Planning,ReproAlloc,-0.002144069104,-0.002942622639,-0.001345515569,0.001953125,0,10,0
sensodat,0.15,ReproAlloc,FailRerun,0.008715101033,0.007500128911,0.009930073156,0.001953125,10,0,0
sensodat,0.2,Uniform,ReproAlloc,-0.07824309733,-0.07915629214,-0.07732990253,0.001953125,0,10,0
sensodat,0.2,FailRerun,ReproAlloc,-0.009177849761,-0.01058547625,-0.007770223276,0.001953125,0,10,0
sensodat,0.2,ScoreCost,ReproAlloc,-0.01195434213,-0.01255096899,-0.01135771526,0.001953125,0,10,0
sensodat,0.2,APGAI,ReproAlloc,-0.07824309733,-0.07915629214,-0.07732990253,0.001953125,0,10,0
sensodat,0.2,Mean Planning,ReproAlloc,-0.002776492365,-0.004001246861,-0.001551737868,0.00390625,0,9,1
sensodat,0.2,ReproAlloc,FailRerun,0.009177849761,0.007770223276,0.01058547625,0.001953125,10,0,0
amini,0.03,Uniform,ReproAlloc,-0.02536231884,-0.03802963671,-0.01269500097,0.015625,0,7,5
amini,0.03,FailRerun,ReproAlloc,-0.01449275362,-0.03364393812,0.004658430876,0.2890625,2,6,4
amini,0.03,ScoreCost,ReproAlloc,-0.003623188406,-0.02006980819,0.01282343138,1,2,3,7
amini,0.03,APGAI,ReproAlloc,-0.02536231884,-0.03802963671,-0.01269500097,0.015625,0,7,5
amini,0.03,Mean Planning,ReproAlloc,0,-0.01483444372,0.01483444372,1,2,2,8
amini,0.03,ReproAlloc,ScoreCost,0.003623188406,-0.01282343138,0.02006980819,1,3,2,7
amini,0.05,Uniform,ReproAlloc,-0.0652173913,-0.08180280359,-0.04863197902,0.0009765625,0,11,1
amini,0.05,FailRerun,ReproAlloc,-0.04347826087,-0.06445733238,-0.02249918936,0.0087890625,1,10,1
amini,0.05,ScoreCost,ReproAlloc,-0.02173913043,-0.03832454272,-0.005153718146,0.0703125,1,7,4
amini,0.05,APGAI,ReproAlloc,-0.0652173913,-0.08180280359,-0.04863197902,0.0009765625,0,11,1
amini,0.05,Mean Planning,ReproAlloc,-0.01811594203,-0.04262272442,0.006390840367,0.2734375,3,7,2
amini,0.05,ReproAlloc,ScoreCost,0.02173913043,0.005153718146,0.03832454272,0.0703125,7,1,4
amini,0.06,Uniform,ReproAlloc,-0.06884057971,-0.08834754418,-0.04933361524,0.00048828125,0,12,0
amini,0.06,FailRerun,ReproAlloc,-0.04347826087,-0.06445733238,-0.02249918936,0.00390625,0,9,3
amini,0.06,ScoreCost,ReproAlloc,-0.01449275362,-0.04477343508,0.01578792783,0.40625,2,4,6
amini,0.06,APGAI,ReproAlloc,-0.06884057971,-0.08834754418,-0.04933361524,0.00048828125,0,12,0
amini,0.06,Mean Planning,ReproAlloc,-0.03260869565,-0.06060809417,-0.004609297137,0.078125,1,6,5
amini,0.06,ReproAlloc,ScoreCost,0.01449275362,-0.01578792783,0.04477343508,0.40625,4,2,6
amini,0.07,Uniform,ReproAlloc,-0.1014492754,-0.1174723059,-0.08542624483,0.00048828125,0,12,0
amini,0.07,FailRerun,ReproAlloc,-0.05434782609,-0.07565217391,-0.03304347826,0.00390625,0,9,3
amini,0.07,ScoreCost,ReproAlloc,-0.02173913043,-0.0413632549,-0.002115005968,0.125,0,4,8
amini,0.07,APGAI,ReproAlloc,-0.1014492754,-0.1174723059,-0.08542624483,0.00048828125,0,12,0
amini,0.07,Mean Planning,ReproAlloc,-0.03260869565,-0.05391304348,-0.01130434783,0.03125,0,6,6
amini,0.07,ReproAlloc,ScoreCost,0.02173913043,0.002115005968,0.0413632549,0.125,4,0,8
amini,0.08,Uniform,ReproAlloc,-0.115942029,-0.1423401151,-0.08954394291,0.00048828125,0,12,0
amini,0.08,FailRerun,ReproAlloc,-0.08333333333,-0.1203575809,-0.0463090858,0.001953125,0,10,2
amini,0.08,ScoreCost,ReproAlloc,-0.05072463768,-0.08008284759,-0.02136642777,0.01220703125,1,11,0
amini,0.08,APGAI,ReproAlloc,-0.09420289855,-0.1235611085,-0.06484468864,0.0009765625,0,11,1
amini,0.08,Mean Planning,ReproAlloc,-0.03623188406,-0.06559009397,-0.006873674148,0.052734375,1,9,2
amini,0.08,ReproAlloc,ScoreCost,0.05072463768,0.02136642777,0.08008284759,0.01220703125,11,1,0
amini,0.1,Uniform,ReproAlloc,-0.1413043478,-0.1565953424,-0.1260133532,0.00048828125,0,12,0
amini,0.1,FailRerun,ReproAlloc,-0.09782608696,-0.1295124726,-0.06613970127,0.001953125,0,10,2
amini,0.1,ScoreCost,ReproAlloc,-0.03623188406,-0.05388840375,-0.01857536437,0.0078125,0,8,4
amini,0.1,APGAI,ReproAlloc,-0.07608695652,-0.09463001118,-0.05754390187,0.0009765625,0,11,1
amini,0.1,Mean Planning,ReproAlloc,-0.0652173913,-0.08981753321,-0.0406172494,0.001953125,0,10,2
amini,0.1,ReproAlloc,ScoreCost,0.03623188406,0.01857536437,0.05388840375,0.0078125,8,0,4
amini,0.15,Uniform,ReproAlloc,-0.2028985507,-0.2247342607,-0.1810628408,0.00048828125,0,12,0
amini,0.15,FailRerun,ReproAlloc,-0.1485507246,-0.173057507,-0.1240439422,0.00048828125,0,12,0
amini,0.15,ScoreCost,ReproAlloc,-0.05434782609,-0.0823472246,-0.02634842757,0.00390625,0,9,3
amini,0.15,APGAI,ReproAlloc,-0.02536231884,-0.04986910124,-0.0008555364451,0.09375,1,5,6
amini,0.15,Mean Planning,ReproAlloc,-0.05797101449,-0.09328405387,-0.02265797511,0.025390625,1,9,2
amini,0.15,ReproAlloc,APGAI,0.02536231884,0.0008555364451,0.04986910124,0.09375,5,1,6
amini,0.2,Uniform,ReproAlloc,-0.2427536232,-0.2554209411,-0.2300863053,0.00048828125,0,12,0
amini,0.2,FailRerun,ReproAlloc,-0.1630434783,-0.19956906,-0.1265178966,0.00048828125,0,12,0
amini,0.2,ScoreCost,ReproAlloc,-0.03985507246,-0.05936203693,-0.020348108,0.0078125,0,8,4
amini,0.2,APGAI,ReproAlloc,-0.01811594203,-0.03456256182,-0.001669322241,0.125,0,4,8
amini,0.2,Mean Planning,ReproAlloc,-0.08695652174,-0.1166254092,-0.05728763429,0.0009765625,0,11,1
amini,0.2,ReproAlloc,APGAI,0.01811594203,0.001669322241,0.03456256182,0.125,4,0,8
