benchmark,tau,budget,method,n_units,n_refpos,mean_recall,sd,ci_low,ci_high,strongest_external,is_best_mean
amini,0.2,0.05,APGAI,12,26,0,0,0,0,ScoreCost,False
amini,0.2,0.05,FailRerun,12,26,0.02884615385,0.02899147544,0.01244268242,0.04524962527,ScoreCost,False
amini,0.2,0.05,Mean Planning,12,26,0.05128205128,0.03787430492,0.02985264595,0.07271145662,ScoreCost,False
amini,0.2,0.05,ReproAlloc,12,26,0.07692307692,0.0164000551,0.06764387222,0.08620228163,ScoreCost,True
amini,0.2,0.05,ScoreCost,12,26,0.0641025641,0.04127256692,0.04075041103,0.08745471717,ScoreCost,True
amini,0.2,0.05,Uniform,12,26,0,0,0,0,ScoreCost,False
amini,0.2,0.1,APGAI,12,26,0.08974358974,0.0341394371,0.07042738481,0.1090597947,ScoreCost,False
amini,0.2,0.1,FailRerun,12,26,0.04487179487,0.0396098962,0.02246038633,0.06728320342,ScoreCost,False
amini,0.2,0.1,Mean Planning,12,26,0.1185897436,0.03831557384,0.09691066686,0.1402688203,ScoreCost,True
amini,0.2,0.1,ReproAlloc,12,26,0.1538461538,0.03280011021,0.1352877444,0.1724045633,ScoreCost,True
amini,0.2,0.1,ScoreCost,12,26,0.1153846154,0.02840572869,0.09931256138,0.1314566694,ScoreCost,True
amini,0.2,0.1,Uniform,12,26,0,0,0,0,ScoreCost,False
amini,0.2,0.2,APGAI,12,26,0.2532051282,0.04478846742,0.2278636672,0.2785465893,APGAI,True
amini,0.2,0.2,FailRerun,12,26,0.125,0.07714129886,0.08135320133,0.1686467987,APGAI,False
amini,0.2,0.2,Mean Planning,12,26,0.2628205128,0.04590062626,0.2368497887,0.288791237,APGAI,True
amini,0.2,0.2,ReproAlloc,12,26,0.2884615385,0.03478977053,0.2687773727,0.3081457042,APGAI,True
amini,0.2,0.2,ScoreCost,12,26,0.2403846154,0.03330866938,0.2215384615,0.2592307692,APGAI,False
amini,0.2,0.2,Uniform,12,26,0.02884615385,0.03712720381,0.007839460752,0.04985284694,APGAI,False
amini,0.3,0.05,APGAI,12,23,0,0,0,0,ScoreCost,False
amini,0.3,0.05,FailRerun,12,23,0.02173913043,0.0293130375,0.005153718146,0.03832454272,ScoreCost,False
amini,0.3,0.05,Mean Planning,12,23,0.04710144928,0.0290677358,0.03065482949,0.06354806906,ScoreCost,True
amini,0.3,0.05,ReproAlloc,12,23,0.0652173913,0.0293130375,0.04863197902,0.08180280359,ScoreCost,True
amini,0.3,0.05,ScoreCost,12,23,0.04347826087,0.02621837779,0.02864381714,0.05831270459,ScoreCost,True
amini,0.3,0.05,Uniform,12,23,0,0,0,0,ScoreCost,False
amini,0.3,0.1,APGAI,12,23,0.0652173913,0.02270578121,0.05237038619,0.07806439642,ScoreCost,False
amini,0.3,0.1,FailRerun,12,23,0.04347826087,0.03707838545,0.02249918936,0.06445733238,ScoreCost,False
amini,0.3,0.1,Mean Planning,12,23,0.07608695652,0.02702528524,0.06079596193,0.09137795112,ScoreCost,False
amini,0.3,0.1,ReproAlloc,12,23,0.1413043478,0.02702528524,0.1260133532,0.1565953424,ScoreCost,True
amini,0.3,0.1,ScoreCost,12,23,0.1050724638,0.03914507119,0.08292405473,0.1272208728,ScoreCost,True
amini,0.3,0.1,Uniform,12,23,0,0,0,0,ScoreCost,False
amini,0.3,0.2,APGAI,12,23,0.2282608696,0.03765327843,0.2069565217,0.2495652174,APGAI,True
amini,0.3,0.2,FailRerun,12,23,0.08333333333,0.05391793084,0.05282639209,0.1138402746,APGAI,False
amini,0.3,0.2,Mean Planning,12,23,0.1594202899,0.05020437123,0.1310144928,0.187826087,APGAI,False
amini,0.3,0.2,ReproAlloc,12,23,0.2463768116,0.02140721582,0.234264539,0.2584890842,APGAI,True
amini,0.3,0.2,ScoreCost,12,23,0.2065217391,0.04196988257,0.1827750426,0.2302684357,APGAI,False
amini,0.3,0.2,Uniform,12,23,0.003623188406,0.01255109281,-0.00347826087,0.01072463768,APGAI,False
amini,0.4,0.05,APGAI,12,20,0,0,0,0,ScoreCost,False
amini,0.4,0.05,FailRerun,12,20,0.004166666667,0.01443375673,-0.004,0.01233333333,ScoreCost,False
amini,0.4,0.05,Mean Planning,12,20,0.01666666667,0.0246182982,0.002737553198,0.03059578014,ScoreCost,True
amini,0.4,0.05,ReproAlloc,12,20,0.01666666667,0.0246182982,0.002737553198,0.03059578014,ScoreCost,True
amini,0.4,0.05,ScoreCost,12,20,0.008333333333,0.0194624736,-0.002678597754,0.01934526442,ScoreCost,True
amini,0.4,0.05,Uniform,12,20,0,0,0,0,ScoreCost,False
amini,0.4,0.1,APGAI,12,20,0.02916666667,0.02574643253,0.01459925111,0.04373408222,APGAI,True
amini,0.4,0.1,FailRerun,12,20,0.008333333333,0.0194624736,-0.002678597754,0.01934526442,APGAI,False
amini,0.4,0.1,Mean Planning,12,20,0.025,0.03370999312,0.005926775868,0.04407322413,APGAI,False
amini,0.4,0.1,ReproAlloc,12,20,0.0375,0.03107907803,0.01991535622,0.05508464378,APGAI,True
amini,0.4,0.1,ScoreCost,12,20,0.025,0.02611164839,0.01022594412,0.03977405588,APGAI,False
amini,0.4,0.1,Uniform,12,20,0,0,0,0,APGAI,False
amini,0.4,0.2,APGAI,12,20,0.07083333333,0.03342789617,0.05191972058,0.08974694609,APGAI,True
amini,0.4,0.2,FailRerun,12,20,0.01666666667,0.0246182982,0.002737553198,0.03059578014,APGAI,False
amini,0.4,0.2,Mean Planning,12,20,0.03333333333,0.03256694736,0.01490684822,0.05175981844,APGAI,False
amini,0.4,0.2,ReproAlloc,12,20,0.07916666667,0.02574643253,0.06459925111,0.09373408222,APGAI,True
amini,0.4,0.2,ScoreCost,12,20,0.0625,0.03768891807,0.04117548715,0.08382451285,APGAI,False
amini,0.4,0.2,Uniform,12,20,0,0,0,0,APGAI,False
sensodat,0.2,0.05,APGAI,10,-1,0,0,0,0,FailRerun,False
sensodat,0.2,0.05,FailRerun,10,-1,0.02519666821,0.001701820967,0.02414186865,0.02625146777,FailRerun,True
sensodat,0.2,0.05,Mean Planning,10,-1,0.02710165047,0.001640984805,0.02608455755,0.02811874339,FailRerun,True
sensodat,0.2,0.05,ReproAlloc,10,-1,0.02586765386,0.001545149995,0.02490995998,0.02682534775,FailRerun,True
sensodat,0.2,0.05,ScoreCost,10,-1,0.01915779732,0.002348953139,0.01770190108,0.02061369355,FailRerun,False
sensodat,0.2,0.05,Uniform,10,-1,0,0,0,0,FailRerun,False
sensodat,0.2,0.1,APGAI,10,-1,0,0,0,0,FailRerun,False
sensodat,0.2,0.1,FailRerun,10,-1,0.04969921333,0.002756712238,0.04799058538,0.05140784127,FailRerun,True
sensodat,0.2,0.1,Mean Planning,10,-1,0.05340891563,0.002558262787,0.05182328792,0.05499454333,FailRerun,True
sensodat,0.2,0.1,ReproAlloc,10,-1,0.05082523523,0.002271947256,0.04941706773,0.05223340273,FailRerun,True
sensodat,0.2,0.1,ScoreCost,10,-1,0.03944932901,0.002549204671,0.03786931559,0.04102934244,FailRerun,False
sensodat,0.2,0.1,Uniform,10,-1,0,0,0,0,FailRerun,False
sensodat,0.2,0.2,APGAI,10,-1,0,0,0,0,FailRerun,False
sensodat,0.2,0.2,FailRerun,10,-1,0.1000462749,0.002419801743,0.09854646621,0.1015460835,FailRerun,True
sensodat,0.2,0.2,Mean Planning,10,-1,0.1027070801,0.002366850156,0.1012400911,0.104174069,FailRerun,True
sensodat,0.2,0.2,ReproAlloc,10,-1,0.1,0.002613457016,0.09838016256,0.1016198374,FailRerun,False
sensodat,0.2,0.2,ScoreCost,10,-1,0.07764923646,0.002916908013,0.07584131815,0.07945715478,FailRerun,False
sensodat,0.2,0.2,Uniform,10,-1,0,0,0,0,FailRerun,False
sensodat,0.3,0.05,APGAI,10,-1,0,0,0,0,FailRerun,False
sensodat,0.3,0.05,FailRerun,10,-1,0.01728366497,0.001204974545,0.01653681401,0.01803051593,FailRerun,True
sensodat,0.3,0.05,Mean Planning,10,-1,0.02033009409,0.001095063356,0.01965136679,0.02100882139,FailRerun,True
sensodat,0.3,0.05,ReproAlloc,10,-1,0.02060774333,0.00146144181,0.01970193231,0.02151355435,FailRerun,True
sensodat,0.3,0.05,ScoreCost,10,-1,0.0169828783,0.002026489576,0.01572684705,0.01823890955,FailRerun,False
sensodat,0.3,0.05,Uniform,10,-1,0,0,0,0,FailRerun,False
sensodat,0.3,0.1,APGAI,10,-1,0,0,0,0,ScoreCost,False
sensodat,0.3,0.1,FailRerun,10,-1,0.03424340583,0.002112149304,0.03293428213,0.03555252953,ScoreCost,False
sensodat,0.3,0.1,Mean Planning,10,-1,0.03884004319,0.001893427069,0.03766648493,0.04001360145,ScoreCost,True
sensodat,0.3,0.1,ReproAlloc,10,-1,0.04052907605,0.001589448552,0.03954392563,0.04151422646,ScoreCost,True
sensodat,0.3,0.1,ScoreCost,10,-1,0.03440536789,0.002046497201,0.03313693578,0.03567379999,ScoreCost,True
sensodat,0.3,0.1,Uniform,10,-1,0,0,0,0,ScoreCost,False
sensodat,0.3,0.2,APGAI,10,-1,0,0,0,0,FailRerun,False
sensodat,0.3,0.2,FailRerun,10,-1,0.06906524757,0.002999450329,0.067206169,0.07092432615,FailRerun,True
sensodat,0.3,0.2,Mean Planning,10,-1,0.07546660497,0.002008948986,0.07422144548,0.07671176445,FailRerun,True
sensodat,0.3,0.2,ReproAlloc,10,-1,0.07824309733,0.001473354864,0.07732990253,0.07915629214,FailRerun,True
sensodat,0.3,0.2,ScoreCost,10,-1,0.06628875521,0.002110036098,0.06498094128,0.06759656913,FailRerun,False
sensodat,0.3,0.2,Uniform,10,-1,0,0,0,0,FailRerun,False
sensodat,0.4,0.05,APGAI,10,-1,0,0,0,0,ScoreCost,False
sensodat,0.4,0.05,FailRerun,10,-1,0.01230911615,0.001022012573,0.01167566619,0.01294256611,ScoreCost,False
sensodat,0.4,0.05,Mean Planning,10,-1,0.01523214561,0.0008551620843,0.01470211066,0.01576218056,ScoreCost,True
sensodat,0.4,0.05,ReproAlloc,10,-1,0.01670522906,0.001321014516,0.01588645578,0.01752400234,ScoreCost,True
sensodat,0.4,0.05,ScoreCost,10,-1,0.01492364646,0.001838904676,0.01378388153,0.01606341139,ScoreCost,True
sensodat,0.4,0.05,Uniform,10,-1,0,0,0,0,ScoreCost,False
sensodat,0.4,0.1,APGAI,10,-1,0,0,0,0,ScoreCost,False
sensodat,0.4,0.1,FailRerun,10,-1,0.02403979639,0.001481318035,0.02312166596,0.02495792682,ScoreCost,False
sensodat,0.4,0.1,Mean Planning,10,-1,0.02927656949,0.001393568066,0.02841282705,0.03014031193,ScoreCost,False
sensodat,0.4,0.1,ReproAlloc,10,-1,0.03196822459,0.001437940142,0.03107698005,0.03285946912,ScoreCost,True
sensodat,0.4,0.1,ScoreCost,10,-1,0.02943081907,0.002114401063,0.02812029971,0.03074133842,ScoreCost,True
sensodat,0.4,0.1,Uniform,10,-1,0,0,0,0,ScoreCost,False
sensodat,0.4,0.2,APGAI,10,-1,0,0,0,0,ScoreCost,False
sensodat,0.4,0.2,FailRerun,10,-1,0.04814900509,0.002260295832,0.04674805922,0.04954995096,ScoreCost,False
sensodat,0.4,0.2,Mean Planning,10,-1,0.05549899738,0.001962670536,0.05428252158,0.05671547318,ScoreCost,False
sensodat,0.4,0.2,ReproAlloc,10,-1,0.06190806725,0.001179810405,0.06117681319,0.06263932132,ScoreCost,True
sensodat,0.4,0.2,ScoreCost,10,-1,0.05599259602,0.001353534535,0.05515366662,0.05683152542,ScoreCost,True
sensodat,0.4,0.2,Uniform,10,-1,0,0,0,0,ScoreCost,False
