benchmark,tau,budget,method,paired_reference,paired_delta,paired_ci_low,paired_ci_high,wilcoxon_p,wins,losses,ties
amini,0.2,0.05,APGAI,ReproAlloc,-0.07692307692,-0.08620228163,-0.06764387222,0.00048828125,0,12,0
amini,0.2,0.05,FailRerun,ReproAlloc,-0.04807692308,-0.06692307692,-0.02923076923,0.001953125,0,10,2
amini,0.2,0.05,Mean Planning,ReproAlloc,-0.02564102564,-0.04707043098,-0.004211620305,0.046875,1,6,5
amini,0.2,0.05,ReproAlloc,ScoreCost,0.01282051282,-0.01230769231,0.03794871795,0.1796875,6,4,2
amini,0.2,0.05,ScoreCost,ReproAlloc,-0.01282051282,-0.03794871795,0.01230769231,0.1796875,4,6,2
amini,0.2,0.05,Uniform,ReproAlloc,-0.07692307692,-0.08620228163,-0.06764387222,0.00048828125,0,12,0
amini,0.2,0.1,APGAI,ReproAlloc,-0.0641025641,-0.09245100273,-0.03575412547,0.00390625,1,11,0
amini,0.2,0.1,FailRerun,ReproAlloc,-0.108974359,-0.1434866807,-0.07446203722,0.0009765625,0,11,1
amini,0.2,0.1,Mean Planning,ReproAlloc,-0.03525641026,-0.06526475189,-0.005248068619,0.0966796875,2,9,1
amini,0.2,0.1,ReproAlloc,ScoreCost,0.03846153846,0.01391107045,0.06301200647,0.0234375,7,1,4
amini,0.2,0.1,ScoreCost,ReproAlloc,-0.03846153846,-0.06301200647,-0.01391107045,0.0234375,1,7,4
amini,0.2,0.1,Uniform,ReproAlloc,-0.1538461538,-0.1724045633,-0.1352877444,0.00048828125,0,12,0
amini,0.2,0.2,APGAI,ReproAlloc,-0.03525641026,-0.05484923364,-0.01566358687,0.00390625,1,9,2
amini,0.2,0.2,FailRerun,ReproAlloc,-0.1634615385,-0.208083805,-0.1188392719,0.00048828125,0,12,0
amini,0.2,0.2,Mean Planning,ReproAlloc,-0.02564102564,-0.04899317871,-0.002288872571,0.140625,1,6,5
amini,0.2,0.2,ReproAlloc,APGAI,0.03525641026,0.01566358687,0.05484923364,0.00390625,9,1,2
amini,0.2,0.2,ScoreCost,ReproAlloc,-0.04807692308,-0.0644803945,-0.03167345165,0.0009765625,0,11,1
amini,0.2,0.2,Uniform,ReproAlloc,-0.2596153846,-0.2905653926,-0.2286653766,0.00048828125,0,12,0
amini,0.3,0.05,APGAI,ReproAlloc,-0.0652173913,-0.08180280359,-0.04863197902,0.0009765625,0,11,1
amini,0.3,0.05,FailRerun,ReproAlloc,-0.04347826087,-0.06445733238,-0.02249918936,0.0087890625,1,10,1
amini,0.3,0.05,Mean Planning,ReproAlloc,-0.01811594203,-0.04262272442,0.006390840367,0.2734375,3,7,2
amini,0.3,0.05,ReproAlloc,ScoreCost,0.02173913043,0.005153718146,0.03832454272,0.0703125,7,1,4
amini,0.3,0.05,ScoreCost,ReproAlloc,-0.02173913043,-0.03832454272,-0.005153718146,0.0703125,1,7,4
amini,0.3,0.05,Uniform,ReproAlloc,-0.0652173913,-0.08180280359,-0.04863197902,0.0009765625,0,11,1
amini,0.3,0.1,APGAI,ReproAlloc,-0.07608695652,-0.09463001118,-0.05754390187,0.0009765625,0,11,1
amini,0.3,0.1,FailRerun,ReproAlloc,-0.09782608696,-0.1295124726,-0.06613970127,0.001953125,0,10,2
amini,0.3,0.1,Mean Planning,ReproAlloc,-0.0652173913,-0.08981753321,-0.0406172494,0.001953125,0,10,2
amini,0.3,0.1,ReproAlloc,ScoreCost,0.03623188406,0.01857536437,0.05388840375,0.0078125,8,0,4
amini,0.3,0.1,ScoreCost,ReproAlloc,-0.03623188406,-0.05388840375,-0.01857536437,0.0078125,0,8,4
amini,0.3,0.1,Uniform,ReproAlloc,-0.1413043478,-0.1565953424,-0.1260133532,0.00048828125,0,12,0
amini,0.3,0.2,APGAI,ReproAlloc,-0.01811594203,-0.03456256182,-0.001669322241,0.125,0,4,8
amini,0.3,0.2,FailRerun,ReproAlloc,-0.1630434783,-0.19956906,-0.1265178966,0.00048828125,0,12,0
amini,0.3,0.2,Mean Planning,ReproAlloc,-0.08695652174,-0.1166254092,-0.05728763429,0.0009765625,0,11,1
amini,0.3,0.2,ReproAlloc,APGAI,0.01811594203,0.001669322241,0.03456256182,0.125,4,0,8
amini,0.3,0.2,ScoreCost,ReproAlloc,-0.03985507246,-0.05936203693,-0.020348108,0.0078125,0,8,4
amini,0.3,0.2,Uniform,ReproAlloc,-0.2427536232,-0.2554209411,-0.2300863053,0.00048828125,0,12,0
amini,0.4,0.05,APGAI,ReproAlloc,-0.01666666667,-0.03059578014,-0.002737553198,0.125,0,4,8
amini,0.4,0.05,FailRerun,ReproAlloc,-0.0125,-0.03008464378,0.005084643783,0.375,1,4,7
amini,0.4,0.05,Mean Planning,ReproAlloc,0,-0.0208936702,0.0208936702,1,3,3,6
amini,0.4,0.05,ReproAlloc,ScoreCost,0.008333333333,-0.01197166431,0.02863833098,0.6875,4,2,6
amini,0.4,0.05,ScoreCost,ReproAlloc,-0.008333333333,-0.02863833098,0.01197166431,0.6875,2,4,6
amini,0.4,0.05,Uniform,ReproAlloc,-0.01666666667,-0.03059578014,-0.002737553198,0.125,0,4,8
amini,0.4,0.1,APGAI,ReproAlloc,-0.008333333333,-0.02863833098,0.01197166431,0.6875,2,4,6
amini,0.4,0.1,FailRerun,ReproAlloc,-0.02916666667,-0.04808027942,-0.01025305391,0.03125,0,6,6
amini,0.4,0.1,Mean Planning,ReproAlloc,-0.0125,-0.03980870102,0.01480870102,0.5625,2,6,4
amini,0.4,0.1,ReproAlloc,APGAI,0.008333333333,-0.01197166431,0.02863833098,0.6875,4,2,6
amini,0.4,0.1,ScoreCost,ReproAlloc,-0.0125,-0.02529470771,0.0002947077127,0.25,0,3,9
amini,0.4,0.1,Uniform,ReproAlloc,-0.0375,-0.05508464378,-0.01991535622,0.0078125,0,8,4
amini,0.4,0.2,APGAI,ReproAlloc,-0.008333333333,-0.01934526442,0.002678597754,0.5,0,2,10
amini,0.4,0.2,FailRerun,ReproAlloc,-0.0625,-0.087,-0.038,0.00390625,0,9,3
amini,0.4,0.2,Mean Planning,ReproAlloc,-0.04583333333,-0.06474694609,-0.02691972058,0.00390625,0,9,3
amini,0.4,0.2,ReproAlloc,APGAI,0.008333333333,-0.002678597754,0.01934526442,0.5,2,0,10
amini,0.4,0.2,ScoreCost,ReproAlloc,-0.01666666667,-0.03869052884,0.005357195507,0.3125,1,4,7
amini,0.4,0.2,Uniform,ReproAlloc,-0.07916666667,-0.09373408222,-0.06459925111,0.00048828125,0,12,0
sensodat,0.2,0.05,APGAI,ReproAlloc,-0.02586765386,-0.02682534775,-0.02490995998,0.001953125,0,10,0
sensodat,0.2,0.05,FailRerun,ReproAlloc,-0.0006709856548,-0.001415657714,7.368640405e-05,0.130859375,2,8,0
sensodat,0.2,0.05,Mean Planning,ReproAlloc,0.001233996607,0.0005307246894,0.001937268524,0.013671875,8,2,0
sensodat,0.2,0.05,ReproAlloc,FailRerun,0.0006709856548,-7.368640405e-05,0.001415657714,0.130859375,8,2,0
sensodat,0.2,0.05,ScoreCost,ReproAlloc,-0.006709856548,-0.007740784729,-0.005678928367,0.001953125,0,10,0
sensodat,0.2,0.05,Uniform,ReproAlloc,-0.02586765386,-0.02682534775,-0.02490995998,0.001953125,0,10,0
sensodat,0.2,0.1,APGAI,ReproAlloc,-0.05082523523,-0.05223340273,-0.04941706773,0.001953125,0,10,0
sensodat,0.2,0.1,FailRerun,ReproAlloc,-0.001126021903,-0.002107285909,-0.0001447578982,0.048828125,3,7,0
sensodat,0.2,0.1,Mean Planning,ReproAlloc,0.002583680395,0.001975985396,0.003191375394,0.001953125,10,0,0
sensodat,0.2,0.1,ReproAlloc,FailRerun,0.001126021903,0.0001447578982,0.002107285909,0.048828125,7,3,0
sensodat,0.2,0.1,ScoreCost,ReproAlloc,-0.01137590622,-0.01196579253,-0.0107860199,0.001953125,0,10,0
sensodat,0.2,0.1,Uniform,ReproAlloc,-0.05082523523,-0.05223340273,-0.04941706773,0.001953125,0,10,0
sensodat,0.2,0.2,APGAI,ReproAlloc,-0.1,-0.1016198374,-0.09838016256,0.001953125,0,10,0
sensodat,0.2,0.2,FailRerun,ReproAlloc,4.627487274e-05,-0.0007838926184,0.0008764423639,0.91015625,4,4,2
sensodat,0.2,0.2,Mean Planning,ReproAlloc,0.002707080056,0.001800806664,0.003613353447,0.001953125,10,0,0
sensodat,0.2,0.2,ReproAlloc,FailRerun,-4.627487274e-05,-0.0008764423639,0.0007838926184,0.91015625,4,4,2
sensodat,0.2,0.2,ScoreCost,ReproAlloc,-0.02235076354,-0.02340140271,-0.02130012436,0.001953125,0,10,0
sensodat,0.2,0.2,Uniform,ReproAlloc,-0.1,-0.1016198374,-0.09838016256,0.001953125,0,10,0
sensodat,0.3,0.05,APGAI,ReproAlloc,-0.02060774333,-0.02151355435,-0.01970193231,0.001953125,0,10,0
sensodat,0.3,0.05,FailRerun,ReproAlloc,-0.003324078359,-0.003840624945,-0.002807531773,0.001953125,0,10,0
sensodat,0.3,0.05,Mean Planning,ReproAlloc,-0.0002776492365,-0.0006963263205,0.0001410278475,0.2421875,3,6,1
sensodat,0.3,0.05,ReproAlloc,FailRerun,0.003324078359,0.002807531773,0.003840624945,0.001953125,10,0,0
sensodat,0.3,0.05,ScoreCost,ReproAlloc,-0.003624865032,-0.004202464097,-0.003047265966,0.001953125,0,10,0
sensodat,0.3,0.05,Uniform,ReproAlloc,-0.02060774333,-0.02151355435,-0.01970193231,0.001953125,0,10,0
sensodat,0.3,0.1,APGAI,ReproAlloc,-0.04052907605,-0.04151422646,-0.03954392563,0.001953125,0,10,0
sensodat,0.3,0.1,FailRerun,ReproAlloc,-0.006285670214,-0.007377885914,-0.005193454514,0.001953125,0,10,0
sensodat,0.3,0.1,Mean Planning,ReproAlloc,-0.001689032855,-0.002686782731,-0.0006912829794,0.009765625,1,9,0
sensodat,0.3,0.1,ReproAlloc,ScoreCost,0.00612370816,0.005753981025,0.006493435294,0.001953125,10,0,0
sensodat,0.3,0.1,ScoreCost,ReproAlloc,-0.00612370816,-0.006493435294,-0.005753981025,0.001953125,0,10,0
sensodat,0.3,0.1,Uniform,ReproAlloc,-0.04052907605,-0.04151422646,-0.03954392563,0.001953125,0,10,0
sensodat,0.3,0.2,APGAI,ReproAlloc,-0.07824309733,-0.07915629214,-0.07732990253,0.001953125,0,10,0
sensodat,0.3,0.2,FailRerun,ReproAlloc,-0.009177849761,-0.01058547625,-0.007770223276,0.001953125,0,10,0
sensodat,0.3,0.2,Mean Planning,ReproAlloc,-0.002776492365,-0.004001246861,-0.001551737868,0.00390625,0,9,1
sensodat,0.3,0.2,ReproAlloc,FailRerun,0.009177849761,0.007770223276,0.01058547625,0.001953125,10,0,0
sensodat,0.3,0.2,ScoreCost,ReproAlloc,-0.01195434213,-0.01255096899,-0.01135771526,0.001953125,0,10,0
sensodat,0.3,0.2,Uniform,ReproAlloc,-0.07824309733,-0.07915629214,-0.07732990253,0.001953125,0,10,0
sensodat,0.4,0.05,APGAI,ReproAlloc,-0.01670522906,-0.01752400234,-0.01588645578,0.001953125,0,10,0
sensodat,0.4,0.05,FailRerun,ReproAlloc,-0.004396112911,-0.005327681483,-0.003464544338,0.001953125,0,10,0
sensodat,0.4,0.05,Mean Planning,ReproAlloc,-0.001473083449,-0.00201035016,-0.0009358167379,0.00390625,0,9,1
sensodat,0.4,0.05,ReproAlloc,ScoreCost,0.001781582601,0.001389686816,0.002173478385,0.001953125,10,0,0
sensodat,0.4,0.05,ScoreCost,ReproAlloc,-0.001781582601,-0.002173478385,-0.001389686816,0.001953125,0,10,0
sensodat,0.4,0.05,Uniform,ReproAlloc,-0.01670522906,-0.01752400234,-0.01588645578,0.001953125,0,10,0
sensodat,0.4,0.1,APGAI,ReproAlloc,-0.03196822459,-0.03285946912,-0.03107698005,0.001953125,0,10,0
sensodat,0.4,0.1,FailRerun,ReproAlloc,-0.007928428197,-0.008469626496,-0.007387229898,0.001953125,0,10,0
sensodat,0.4,0.1,Mean Planning,ReproAlloc,-0.002691655098,-0.003170979008,-0.002212331188,0.001953125,0,10,0
sensodat,0.4,0.1,ReproAlloc,ScoreCost,0.002537405522,0.001790894596,0.003283916448,0.001953125,10,0,0
sensodat,0.4,0.1,ScoreCost,ReproAlloc,-0.002537405522,-0.003283916448,-0.001790894596,0.001953125,0,10,0
sensodat,0.4,0.1,Uniform,ReproAlloc,-0.03196822459,-0.03285946912,-0.03107698005,0.001953125,0,10,0
sensodat,0.4,0.2,APGAI,ReproAlloc,-0.06190806725,-0.06263932132,-0.06117681319,0.001953125,0,10,0
sensodat,0.4,0.2,FailRerun,ReproAlloc,-0.01375906216,-0.01473565765,-0.01278246667,0.001953125,0,10,0
sensodat,0.4,0.2,Mean Planning,ReproAlloc,-0.006409069875,-0.007139072923,-0.005679066828,0.001953125,0,10,0
sensodat,0.4,0.2,ReproAlloc,ScoreCost,0.005915471232,0.004998447617,0.006832494848,0.001953125,10,0,0
sensodat,0.4,0.2,ScoreCost,ReproAlloc,-0.005915471232,-0.006832494848,-0.004998447617,0.001953125,0,10,0
sensodat,0.4,0.2,Uniform,ReproAlloc,-0.06190806725,-0.06263932132,-0.06117681319,0.001953125,0,10,0
