benchmark,unit,rep,method,budget,tau,n_reference,count,recall,executions,time_used_s,m_cap,sched_overhead_s,cap_bound_steps,changed_steps,diagnostic_steps
Amini,2000,0,Mean Planning,0.05,0.3,23,1,0.043478260869565216,30,99767.22819304466,30,0.010309999983292073,30,9,30
Amini,2000,0,ReproAlloc,0.05,0.3,23,2,0.08695652173913043,31,99409.85990786552,30,0.015075799950864166,0,0,31
Amini,2000,0,Mean Planning,0.1,0.3,23,1,0.043478260869565216,49,198397.39780330658,59,0.01779090001946315,49,21,49
Amini,2000,0,ReproAlloc,0.1,0.3,23,4,0.17391304347826086,59,195744.9650642872,59,0.029692600190173835,30,0,59
Amini,2000,0,Mean Planning,0.2,0.3,23,3,0.13043478260869565,90,392117.63095736504,116,0.026648600003682077,90,9,90
Amini,2000,0,ReproAlloc,0.2,0.3,23,6,0.2608695652173913,108,394560.1530370712,116,0.044456600211560726,0,0,108
Amini,2001,0,Mean Planning,0.05,0.3,23,2,0.08695652173913043,28,102143.06127524376,30,0.004832699953112751,28,7,28
Amini,2001,0,ReproAlloc,0.05,0.3,23,1,0.043478260869565216,29,100017.06231927872,30,0.011958600080106407,0,0,29
Amini,2001,0,Mean Planning,0.1,0.3,23,2,0.08695652173913043,44,196844.64298033714,59,0.010408699978142977,44,5,44
Amini,2001,0,ReproAlloc,0.1,0.3,23,3,0.13043478260869565,54,196112.04999542236,59,0.020810000074561685,41,0,54
Amini,2001,0,Mean Planning,0.2,0.3,23,3,0.13043478260869565,80,391987.5141406059,116,0.01912289985921234,80,0,80
Amini,2001,0,ReproAlloc,0.2,0.3,23,6,0.2608695652173913,108,391651.40622615814,116,0.04848750017117709,0,0,108
Amini,2002,0,Mean Planning,0.05,0.3,23,1,0.043478260869565216,24,98071.77919697762,30,0.004300299973692745,24,9,24
Amini,2002,0,ReproAlloc,0.05,0.3,23,0,0.0,23,100409.1118516922,30,0.008449899964034557,0,0,23
Amini,2002,0,Mean Planning,0.1,0.3,23,2,0.08695652173913043,50,195809.02797532082,59,0.014095499936956912,50,13,50
Amini,2002,0,ReproAlloc,0.1,0.3,23,2,0.08695652173913043,50,199376.84856939316,59,0.019580500025767833,0,0,50
Amini,2002,0,Mean Planning,0.2,0.3,23,2,0.08695652173913043,90,395425.75045132637,116,0.021777799993287772,90,9,90
Amini,2002,0,ReproAlloc,0.2,0.3,23,5,0.21739130434782608,103,392846.14533400536,116,0.039459000108763576,0,0,103
Amini,2003,0,Mean Planning,0.05,0.3,23,0,0.0,32,100876.37402820587,30,0.009173599944915622,32,2,32
Amini,2003,0,ReproAlloc,0.05,0.3,23,1,0.043478260869565216,31,99053.56223392487,30,0.011765799950808287,0,0,31
Amini,2003,0,Mean Planning,0.1,0.3,23,2,0.08695652173913043,51,199340.23273801804,59,0.0102201999980025,51,4,51
Amini,2003,0,ReproAlloc,0.1,0.3,23,3,0.13043478260869565,56,195637.4840478897,59,0.020858100207988173,0,0,56
Amini,2003,0,Mean Planning,0.2,0.3,23,5,0.21739130434782608,104,391694.241499424,116,0.02016589988488704,104,13,104
Amini,2003,0,ReproAlloc,0.2,0.3,23,6,0.2608695652173913,110,392279.75352597237,116,0.03626899991650134,0,0,110
Amini,2004,0,Mean Planning,0.05,0.3,23,1,0.043478260869565216,33,99797.3209848404,30,0.006993100047111511,33,14,33
Amini,2004,0,ReproAlloc,0.05,0.3,23,2,0.08695652173913043,27,98360.59950757027,30,0.011173099919687957,0,0,27
Amini,2004,0,Mean Planning,0.1,0.3,23,2,0.08695652173913043,51,197249.9134669304,59,0.009492300043348223,51,9,51
Amini,2004,0,ReproAlloc,0.1,0.3,23,4,0.17391304347826086,57,196090.12256097794,59,0.021089700108859688,11,0,57
Amini,2004,0,Mean Planning,0.2,0.3,23,5,0.21739130434782608,98,394036.9883234501,116,0.0226280998904258,98,7,98
Amini,2004,0,ReproAlloc,0.2,0.3,23,6,0.2608695652173913,110,393954.9503016472,116,0.03905239998130128,0,0,110
Amini,2005,0,Mean Planning,0.05,0.3,23,1,0.043478260869565216,31,98854.22316360474,30,0.0069855000474490225,31,21,31
Amini,2005,0,ReproAlloc,0.05,0.3,23,2,0.08695652173913043,28,99714.40523219109,30,0.010132000083103776,0,0,28
Amini,2005,0,Mean Planning,0.1,0.3,23,1,0.043478260869565216,50,198639.605345726,59,0.01134930009720847,50,10,50
Amini,2005,0,ReproAlloc,0.1,0.3,23,4,0.17391304347826086,54,199348.97193169594,59,0.021800000162329525,0,0,54
Amini,2005,0,Mean Planning,0.2,0.3,23,3,0.13043478260869565,93,393254.26646614075,116,0.01886789995478466,93,8,93
Amini,2005,0,ReproAlloc,0.2,0.3,23,6,0.2608695652173913,101,393024.4481072426,116,0.03547720011556521,0,0,101
Amini,2006,0,Mean Planning,0.05,0.3,23,1,0.043478260869565216,25,100110.47148442268,30,0.003952299884986132,25,2,25
Amini,2006,0,ReproAlloc,0.05,0.3,23,2,0.08695652173913043,27,97857.62079286575,30,0.010433900111820549,0,0,27
Amini,2006,0,Mean Planning,0.1,0.3,23,2,0.08695652173913043,51,198330.22266554832,59,0.009060900018084794,51,5,51
Amini,2006,0,ReproAlloc,0.1,0.3,23,3,0.13043478260869565,55,196040.27733373642,59,0.02280680026160553,5,0,55
Amini,2006,0,Mean Planning,0.2,0.3,23,5,0.21739130434782608,101,393147.6623568535,116,0.02191290003247559,101,14,101
Amini,2006,0,ReproAlloc,0.2,0.3,23,6,0.2608695652173913,110,394844.69340753555,116,0.04382220015395433,0,0,110
Amini,2007,0,Mean Planning,0.05,0.3,23,1,0.043478260869565216,37,99646.00394916534,30,0.007285000174306333,37,14,37
Amini,2007,0,ReproAlloc,0.05,0.3,23,2,0.08695652173913043,28,97876.79147338867,30,0.010258100111968815,0,0,28
Amini,2007,0,Mean Planning,0.1,0.3,23,1,0.043478260869565216,44,197613.4739637375,59,0.00748349993955344,44,4,44
Amini,2007,0,ReproAlloc,0.1,0.3,23,3,0.13043478260869565,51,199232.0495712757,59,0.01811499980976805,0,0,51
Amini,2007,0,Mean Planning,0.2,0.3,23,2,0.08695652173913043,92,392791.9042518139,116,0.01864139991812408,92,7,92
Amini,2007,0,ReproAlloc,0.2,0.3,23,6,0.2608695652173913,114,391399.9609415531,116,0.04098819982027635,0,0,114
Amini,2008,0,Mean Planning,0.05,0.3,23,0,0.0,29,98886.90211391449,30,0.00724349997472018,29,14,29
Amini,2008,0,ReproAlloc,0.05,0.3,23,2,0.08695652173913043,27,100883.7585363388,30,0.01189300010446459,0,0,27
Amini,2008,0,Mean Planning,0.1,0.3,23,3,0.13043478260869565,55,197766.56851363182,59,0.009389399900101125,55,13,55
Amini,2008,0,ReproAlloc,0.1,0.3,23,3,0.13043478260869565,53,198758.57242274284,59,0.02060729986988008,0,0,53
Amini,2008,0,Mean Planning,0.2,0.3,23,4,0.17391304347826086,92,392254.348146677,116,0.02125100005650893,92,9,92
Amini,2008,0,ReproAlloc,0.2,0.3,23,5,0.21739130434782608,106,393214.2687551975,116,0.0367504998575896,0,0,106
Amini,2009,0,Mean Planning,0.05,0.3,23,2,0.08695652173913043,31,99463.95976161957,30,0.006250299979001284,31,10,31
Amini,2009,0,ReproAlloc,0.05,0.3,23,2,0.08695652173913043,31,100877.23504900932,30,0.012727900000754744,0,0,31
Amini,2009,0,Mean Planning,0.1,0.3,23,2,0.08695652173913043,51,196397.6445298195,59,0.008295199950225651,51,13,51
Amini,2009,0,ReproAlloc,0.1,0.3,23,3,0.13043478260869565,54,196715.7672972679,59,0.021086699853185564,2,0,54
Amini,2009,0,Mean Planning,0.2,0.3,23,5,0.21739130434782608,105,393484.87939953804,116,0.017711200169287622,105,12,105
Amini,2009,0,ReproAlloc,0.2,0.3,23,5,0.21739130434782608,103,391538.88696837425,116,0.04096550011308864,0,0,103
Amini,2010,0,Mean Planning,0.05,0.3,23,1,0.043478260869565216,35,98284.79602503777,30,0.006748999992851168,35,11,35
Amini,2010,0,ReproAlloc,0.05,0.3,23,1,0.043478260869565216,26,99575.08230304718,30,0.01230909995501861,0,0,26
Amini,2010,0,Mean Planning,0.1,0.3,23,1,0.043478260869565216,67,196605.3796095848,59,0.026901699893642217,67,16,67
Amini,2010,0,ReproAlloc,0.1,0.3,23,3,0.13043478260869565,58,197156.33674645424,59,0.022622000018600374,55,0,58
Amini,2010,0,Mean Planning,0.2,0.3,23,3,0.13043478260869565,103,393779.4668776989,116,0.02414689987199381,103,17,103
Amini,2010,0,ReproAlloc,0.2,0.3,23,5,0.21739130434782608,109,391183.6333396435,116,0.044190999993588775,0,0,109
Amini,2011,0,Mean Planning,0.05,0.3,23,2,0.08695652173913043,27,100908.00908756256,30,0.00639640016015619,27,7,27
Amini,2011,0,ReproAlloc,0.05,0.3,23,1,0.043478260869565216,26,101401.75358986855,30,0.010583900031633675,24,0,26
Amini,2011,0,Mean Planning,0.1,0.3,23,2,0.08695652173913043,59,196613.85409498215,59,0.010985200118739158,59,8,59
Amini,2011,0,ReproAlloc,0.1,0.3,23,4,0.17391304347826086,62,198745.59027576447,59,0.022591799846850336,45,0,62
Amini,2011,0,Mean Planning,0.2,0.3,23,4,0.17391304347826086,95,392246.7926671505,116,0.0165300999651663,95,15,95
Amini,2011,0,ReproAlloc,0.2,0.3,23,6,0.2608695652173913,106,391957.62751173973,116,0.04120700008934364,0,0,106
