basis,method,k,reached_n,total_runs,mean_h,median_h,q25_h,q75_h,min_h,max_h
reference_positive,APGAI,1,12,12,46.0518449479176,44.53281309554974,43.760226756168734,48.17506028834316,41.90663602319029,52.45763204832872
reference_positive,APGAI,2,12,12,55.10428435204758,54.16129190514485,51.34035058511628,57.42511956873867,50.177673120829795,66.21382339278857
reference_positive,APGAI,3,12,12,62.83255723125405,62.93019842253791,58.54603191248245,65.37033658304148,57.212682643002935,74.53711378229988
reference_positive,FailRerun,1,10,12,27.449962143725816,21.422022887137203,14.712829584429661,41.20940143124925,6.0611338633298875,64.46415608161026
reference_positive,FailRerun,2,8,12,56.44493340215749,61.47518708212508,32.8183388077716,67.67811376627948,20.878653812011084,102.2645775519477
reference_positive,FailRerun,3,4,12,74.70731634252601,77.83289195742873,69.91635758883423,82.6238507111205,57.56877915349271,85.5947023017539
reference_positive,Mean Planning,1,12,12,25.71914230434983,21.548402238984902,13.099766822126178,35.194504431568916,8.400879193147023,55.945902129941516
reference_positive,Mean Planning,2,12,12,42.22020805830204,35.39003092861838,28.210473102413943,53.89206800820099,15.795908921559652,78.29647591988245
reference_positive,Mean Planning,3,10,12,67.44285175083083,70.30600683788458,47.79865660376019,86.3604115844104,28.084416692919202,104.69873593701257
reference_positive,OptimisticScoreCost,1,12,12,23.639105712594812,18.940032440423963,9.857020303275851,35.5902582752539,7.446927293605275,55.54761629210578
reference_positive,OptimisticScoreCost,2,12,12,47.91802605830961,49.64447376383676,30.491915584289366,60.479874673336745,25.171406192713313,75.56329237441221
reference_positive,OptimisticScoreCost,3,12,12,74.9959272578193,78.98950925959481,58.286535850034824,86.75830898963743,47.382094224757616,103.08887096590466
reference_positive,ReproAlloc,1,12,12,13.502722468458947,10.657240456210243,8.444245933045945,14.851336551209291,8.165175441569753,36.33819262166818
reference_positive,ReproAlloc,2,12,12,31.283226758605903,29.823106623490652,25.125155981431405,40.938673697263,15.248692669404878,44.74819151361783
reference_positive,ReproAlloc,3,12,12,48.8068636297131,48.72103132486343,40.13250233070718,59.184473535782764,24.54254491786162,68.77789997782972
reference_positive,ReproAlloc-OA,1,12,12,23.509069432516895,12.43666418860356,8.528084079275528,32.9076721929676,6.0611338633298875,63.97772372033861
reference_positive,ReproAlloc-OA,2,12,12,45.54734453704622,51.08149427172211,25.60266169387433,60.68923319930832,17.080052801039482,72.54008599301179
reference_positive,ReproAlloc-OA,3,11,12,66.83264823850959,74.24038379675812,57.79136148436202,77.3944019695123,25.92441505577829,86.29398391015
reference_positive,ScoreCost,1,12,12,20.710014206579437,19.995898112853368,14.868592573139402,25.192105886754064,10.61013374255763,36.73742002758715
reference_positive,ScoreCost,2,12,12,37.61118061003861,34.21442692104313,30.011894309272368,42.56220287006762,24.41669596122371,64.77508513874477
reference_positive,ScoreCost,3,12,12,57.03479744551359,54.136830993029804,48.51176499502526,60.36386317628953,38.19403579288059,86.47082264992926
reference_positive,Uniform,1,1,12,105.76968266891109,105.76968266891109,105.76968266891109,105.76968266891109,105.76968266891109,105.76968266891109
reference_positive,Uniform,2,0,12,,,,,,
reference_positive,Uniform,3,0,12,,,,,,
all_confirmed,APGAI,1,12,12,46.0518449479176,44.53281309554974,43.760226756168734,48.17506028834316,41.90663602319029,52.45763204832872
all_confirmed,APGAI,2,12,12,55.10428435204758,54.16129190514485,51.34035058511628,57.42511956873867,50.177673120829795,66.21382339278857
all_confirmed,APGAI,3,12,12,62.83255723125405,62.93019842253791,58.54603191248245,65.37033658304148,57.212682643002935,74.53711378229988
all_confirmed,FailRerun,1,10,12,27.449962143725816,21.422022887137203,14.712829584429661,41.20940143124925,6.0611338633298875,64.46415608161026
all_confirmed,FailRerun,2,8,12,56.44493340215749,61.47518708212508,32.8183388077716,67.67811376627948,20.878653812011084,102.2645775519477
all_confirmed,FailRerun,3,4,12,74.70731634252601,77.83289195742873,69.91635758883423,82.6238507111205,57.56877915349271,85.5947023017539
all_confirmed,Mean Planning,1,12,12,25.71914230434983,21.548402238984902,13.099766822126178,35.194504431568916,8.400879193147023,55.945902129941516
all_confirmed,Mean Planning,2,12,12,42.22020805830204,35.39003092861838,28.210473102413943,53.89206800820099,15.795908921559652,78.29647591988245
all_confirmed,Mean Planning,3,10,12,67.44285175083083,70.30600683788458,47.79865660376019,86.3604115844104,28.084416692919202,104.69873593701257
all_confirmed,OptimisticScoreCost,1,12,12,23.639105712594812,18.940032440423963,9.857020303275851,35.5902582752539,7.446927293605275,55.54761629210578
all_confirmed,OptimisticScoreCost,2,12,12,47.91802605830961,49.64447376383676,30.491915584289366,60.479874673336745,25.171406192713313,75.56329237441221
all_confirmed,OptimisticScoreCost,3,12,12,74.9959272578193,78.98950925959481,58.286535850034824,86.75830898963743,47.382094224757616,103.08887096590466
all_confirmed,ReproAlloc,1,12,12,13.502722468458947,10.657240456210243,8.444245933045945,14.851336551209291,8.165175441569753,36.33819262166818
all_confirmed,ReproAlloc,2,12,12,31.283226758605903,29.823106623490652,25.125155981431405,40.938673697263,15.248692669404878,44.74819151361783
all_confirmed,ReproAlloc,3,12,12,48.8068636297131,48.72103132486343,40.13250233070718,59.184473535782764,24.54254491786162,68.77789997782972
all_confirmed,ReproAlloc-OA,1,12,12,23.509069432516895,12.43666418860356,8.528084079275528,32.9076721929676,6.0611338633298875,63.97772372033861
all_confirmed,ReproAlloc-OA,2,12,12,45.54734453704622,51.08149427172211,25.60266169387433,60.68923319930832,17.080052801039482,72.54008599301179
all_confirmed,ReproAlloc-OA,3,11,12,66.83264823850959,74.24038379675812,57.79136148436202,77.3944019695123,25.92441505577829,86.29398391015
all_confirmed,ScoreCost,1,12,12,20.710014206579437,19.995898112853368,14.868592573139402,25.192105886754064,10.61013374255763,36.73742002758715
all_confirmed,ScoreCost,2,12,12,37.61118061003861,34.21442692104313,30.011894309272368,42.56220287006762,24.41669596122371,64.77508513874477
all_confirmed,ScoreCost,3,12,12,57.03479744551359,54.136830993029804,48.51176499502526,60.36386317628953,38.19403579288059,86.47082264992926
all_confirmed,Uniform,1,1,12,105.76968266891109,105.76968266891109,105.76968266891109,105.76968266891109,105.76968266891109,105.76968266891109
all_confirmed,Uniform,2,0,12,,,,,,
all_confirmed,Uniform,3,0,12,,,,,,
