basis,comparator,k,jointly_reached_n,mean_paired_hours_saved,median_paired_hours_saved,wins,losses,ties
reference_positive,OptimisticScoreCost,1,12,10.136383244135866,4.094449798266092,7,5,0
reference_positive,OptimisticScoreCost,2,12,16.634799299703705,16.76509117424488,9,3,0
reference_positive,OptimisticScoreCost,3,12,26.1890636281062,20.30043786380026,12,0,0
reference_positive,ScoreCost,1,12,7.207291738120493,5.738542288011975,10,2,0
reference_positive,ScoreCost,2,12,6.327953851432713,5.119510118696427,8,4,0
reference_positive,ScoreCost,3,12,8.227933815800482,12.960730954408646,8,4,0
reference_positive,APGAI,1,12,32.549122479458646,34.73361316561699,12,0,0
reference_positive,APGAI,2,12,23.821057593441665,23.988906250231796,12,0,0
reference_positive,APGAI,3,12,14.025693601540944,9.251055144932536,10,2,0
reference_positive,Mean Planning,1,12,12.216419835890884,8.167175725234879,9,3,0
reference_positive,Mean Planning,2,12,10.936981299696148,5.379993896053898,8,4,0
reference_positive,Mean Planning,3,10,18.022927218629253,16.08268268042141,8,2,0
all_confirmed,OptimisticScoreCost,1,12,10.136383244135866,4.094449798266092,7,5,0
all_confirmed,OptimisticScoreCost,2,12,16.634799299703705,16.76509117424488,9,3,0
all_confirmed,OptimisticScoreCost,3,12,26.1890636281062,20.30043786380026,12,0,0
all_confirmed,ScoreCost,1,12,7.207291738120493,5.738542288011975,10,2,0
all_confirmed,ScoreCost,2,12,6.327953851432713,5.119510118696427,8,4,0
all_confirmed,ScoreCost,3,12,8.227933815800482,12.960730954408646,8,4,0
all_confirmed,APGAI,1,12,32.549122479458646,34.73361316561699,12,0,0
all_confirmed,APGAI,2,12,23.821057593441665,23.988906250231796,12,0,0
all_confirmed,APGAI,3,12,14.025693601540944,9.251055144932536,10,2,0
all_confirmed,Mean Planning,1,12,12.216419835890884,8.167175725234879,9,3,0
all_confirmed,Mean Planning,2,12,10.936981299696148,5.379993896053898,8,4,0
all_confirmed,Mean Planning,3,10,18.022927218629253,16.08268268042141,8,2,0
