tag,seed,budget_frac,budget_s,method,m_cap,ceiling_seed,n_refpos,tp,fp,fn,confirmed,recall_refpos,precision,recall_ceiling_seed,nonsticky_confirmed,executions,time_used_s,budget_util,overtime_s,overrun_flag,pools_exhausted,runs_left_in_pools,stopped_by_exhaustion,sched_overhead_s
osc_check,2000,0.05,97779.65863193275,Uniform,30,8,23,0,0,23,0,0.0,0.0,0.0,0,30,101129.8247628212,1.034262403630384,3350.1661308884504,1,0,470,0,0.001059001311659813
osc_check,2000,0.05,97779.65863193275,FailRerun,30,8,23,0,0,23,0,0.0,0.0,0.0,0,18,98681.31445240974,1.0092213026010968,901.6558204769972,1,0,482,0,0.000797598622739315
osc_check,2000,0.05,97779.65863193275,APGAI,30,8,23,0,0,23,0,0.0,0.0,0.0,0,29,99334.67161917686,1.0159032360002154,1555.0129872441175,1,0,471,0,0.0018375986255705357
osc_check,2000,0.05,97779.65863193275,ScoreCost,30,8,23,2,0,21,2,0.08695652173913043,1.0,0.25,2,31,100006.2316801548,1.0227713317818323,2226.5730482220533,1,0,469,0,0.002525999676436186
osc_check,2000,0.05,97779.65863193275,ReproAlloc,30,8,23,1,0,22,1,0.043478260869565216,1.0,0.125,1,30,99767.22819304466,1.0203270249550944,1987.5695611119154,1,0,470,0,0.006216601002961397
osc_check,2000,0.05,97779.65863193275,ReproAlloc-OA,30,8,23,2,0,21,2,0.08695652173913043,1.0,0.25,2,25,97881.88364863396,1.001045463014818,102.22501670120982,1,0,475,0,0.0035598990507423878
osc_check,2000,0.05,97779.65863193275,ReproAlloc-Optimistic,30,8,23,2,0,21,2,0.08695652173913043,1.0,0.25,2,31,99409.85990786552,1.0166721923428805,1630.2012759327772,1,0,469,0,0.020032399334013462
osc_check,2000,0.05,97779.65863193275,OptimisticScoreCost,30,8,23,0,0,23,0,0.0,0.0,0.0,0,42,97895.80067944527,1.0011877935466078,116.14204751251964,1,2,458,0,0.12579630222171545
osc_check,2000,0.1,195559.3172638655,Uniform,59,8,23,0,0,23,0,0.0,0.0,0.0,0,52,196027.881803751,1.0023960225799586,468.56453988549765,1,0,448,0,0.001431797631084919
osc_check,2000,0.1,195559.3172638655,FailRerun,59,8,23,1,0,22,1,0.043478260869565216,1.0,0.125,1,62,200696.67363667488,1.026270067029727,5137.356372809387,1,3,438,0,0.0025942986831068993
osc_check,2000,0.1,195559.3172638655,APGAI,59,8,23,2,0,21,2,0.08695652173913043,1.0,0.25,2,58,198645.35002803802,1.0157805458075342,3086.0327641725307,1,0,442,0,0.004111099522560835
osc_check,2000,0.1,195559.3172638655,ScoreCost,59,8,23,3,0,20,3,0.13043478260869565,1.0,0.375,3,53,195761.84568166733,1.0010356367604238,202.5284178018337,1,0,447,0,0.0036728009581565857
osc_check,2000,0.1,195559.3172638655,ReproAlloc,59,8,23,1,0,22,1,0.043478260869565216,1.0,0.125,1,49,198397.39780330658,1.0145126326842904,2838.0805394410854,1,2,451,0,0.011796000879257917
osc_check,2000,0.1,195559.3172638655,ReproAlloc-OA,59,8,23,4,0,19,4,0.17391304347826086,1.0,0.5,4,57,197105.44650268555,1.0079061906149624,1546.1292388200527,1,1,443,0,0.009108500089496374
osc_check,2000,0.1,195559.3172638655,ReproAlloc-Optimistic,59,8,23,4,0,19,4,0.17391304347826086,1.0,0.5,4,59,195744.9650642872,1.000949317081994,185.6478004216915,1,0,441,0,0.03595219971612096
osc_check,2000,0.1,195559.3172638655,OptimisticScoreCost,59,8,23,2,0,21,2,0.08695652173913043,1.0,0.25,2,74,198175.21195840836,1.0133764769234352,2615.8946945428615,1,1,426,0,0.20925620011985302
osc_check,2000,0.2,391118.634527731,Uniform,116,8,23,0,0,23,0,0.0,0.0,0.0,0,99,392388.45402383804,1.0032466351229732,1269.8194961070549,1,0,401,0,0.002974198665469885
osc_check,2000,0.2,391118.634527731,FailRerun,116,8,23,3,0,20,3,0.13043478260869565,1.0,0.375,3,107,392759.42521715164,1.0041951227698518,1640.7906894206535,1,5,393,0,0.00447540357708931
osc_check,2000,0.2,391118.634527731,APGAI,116,8,23,6,0,17,6,0.2608695652173913,1.0,0.75,6,108,392711.30097317696,1.0040720801947192,1592.6664454459678,1,0,392,0,0.008214102126657963
osc_check,2000,0.2,391118.634527731,ScoreCost,116,8,23,5,0,18,5,0.21739130434782608,1.0,0.625,5,115,395175.7010846138,1.0103729820027154,4057.0665568828117,1,2,385,0,0.008896700106561184
osc_check,2000,0.2,391118.634527731,ReproAlloc,116,8,23,3,0,20,3,0.13043478260869565,1.0,0.375,3,90,392117.63095736504,1.0025542031021875,998.9964296340477,1,1,410,0,0.019564604852348566
osc_check,2000,0.2,391118.634527731,ReproAlloc-OA,116,8,23,4,0,19,4,0.17391304347826086,1.0,0.5,4,96,391676.6646590233,1.0014267541406359,558.0301312922966,1,2,404,0,0.020497801713645458
osc_check,2000,0.2,391118.634527731,ReproAlloc-Optimistic,116,8,23,6,0,17,6,0.2608695652173913,1.0,0.75,6,108,394560.1530370712,1.0087991678368784,3441.5185093402397,1,0,392,0,0.06026739813387394
osc_check,2000,0.2,391118.634527731,OptimisticScoreCost,116,8,23,4,0,19,4,0.17391304347826086,1.0,0.5,4,140,394293.06184482574,1.0081162773564287,3174.4273170947563,1,2,360,0,0.3013103031553328
osc_check,2001,0.05,97779.65863193275,Uniform,30,8,23,0,0,23,0,0.0,0.0,0.0,0,29,101359.44842600822,1.0366107822850017,3579.7897940754774,1,0,471,0,0.0006549996323883533
osc_check,2001,0.05,97779.65863193275,FailRerun,30,8,23,0,0,23,0,0.0,0.0,0.0,0,29,97815.1228711605,1.0003626954698344,35.46423922776012,1,2,471,0,0.001353200525045395
osc_check,2001,0.05,97779.65863193275,APGAI,30,8,23,0,0,23,0,0.0,0.0,0.0,0,26,100275.7322678566,1.025527534774075,2496.073635923851,1,0,474,0,0.0013776998966932297
osc_check,2001,0.05,97779.65863193275,ScoreCost,30,8,23,0,0,23,0,0.0,0.0,0.0,0,23,101534.02262997627,1.0383961659364744,3754.3639980435255,1,0,477,0,0.0013215001672506332
osc_check,2001,0.05,97779.65863193275,ReproAlloc,30,8,23,2,0,21,2,0.08695652173913043,1.0,0.25,2,28,102143.06127524376,1.0446248504480462,4363.402643311012,1,0,472,0,0.003642201889306307
osc_check,2001,0.05,97779.65863193275,ReproAlloc-OA,30,8,23,2,0,21,2,0.08695652173913043,1.0,0.25,2,33,100426.40062046051,1.0270684314668224,2646.741988527763,1,0,467,0,0.0045715016312897205
osc_check,2001,0.05,97779.65863193275,ReproAlloc-Optimistic,30,8,23,1,0,22,1,0.043478260869565216,1.0,0.125,1,29,100017.06231927872,1.022882097551272,2237.40368734597,1,0,471,0,0.015149901621043682
osc_check,2001,0.05,97779.65863193275,OptimisticScoreCost,30,8,23,1,0,22,1,0.043478260869565216,1.0,0.125,1,31,97953.31786227226,1.0017760261466366,173.6592303395155,1,0,469,0,0.07930100057274103
osc_check,2001,0.1,195559.3172638655,Uniform,59,8,23,0,0,23,0,0.0,0.0,0.0,0,57,199196.99211978912,1.0186013886058691,3637.6748559236294,1,0,443,0,0.0017412006855010986
osc_check,2001,0.1,195559.3172638655,FailRerun,59,8,23,1,0,22,1,0.043478260869565216,1.0,0.125,1,74,196720.4769692421,1.0059376342770203,1161.1597053766018,1,5,426,0,0.0034893988631665707
osc_check,2001,0.1,195559.3172638655,APGAI,59,8,23,2,0,21,2,0.08695652173913043,1.0,0.25,2,57,196489.94445729256,1.0047587975170285,930.6271934270626,1,0,443,0,0.003921997733414173
osc_check,2001,0.1,195559.3172638655,ScoreCost,59,8,23,3,0,20,3,0.13043478260869565,1.0,0.375,3,69,199556.1789238453,1.020438103977357,3996.861659979797,1,1,431,0,0.004683099687099457
osc_check,2001,0.1,195559.3172638655,ReproAlloc,59,8,23,2,0,21,2,0.08695652173913043,1.0,0.25,2,44,196844.64298033714,1.0065725618930106,1285.3257164716488,1,0,456,0,0.009746200870722532
osc_check,2001,0.1,195559.3172638655,ReproAlloc-OA,59,8,23,0,0,23,0,0.0,0.0,0.0,0,44,198005.34116983414,1.0125078361910431,2446.023905968643,1,1,456,0,0.007522198837250471
osc_check,2001,0.1,195559.3172638655,ReproAlloc-Optimistic,59,8,23,3,0,20,3,0.13043478260869565,1.0,0.375,3,54,196112.04999542236,1.0028264198264258,552.7327315568691,1,0,446,0,0.04926990112289786
osc_check,2001,0.1,195559.3172638655,OptimisticScoreCost,59,8,23,2,0,21,2,0.08695652173913043,1.0,0.25,2,70,195700.56759762764,1.0007222889491456,141.2503337621456,1,1,430,0,0.4073815974406898
osc_check,2001,0.2,391118.634527731,Uniform,116,8,23,0,0,23,0,0.0,0.0,0.0,0,108,392113.66966962814,1.0025440750045025,995.035141897155,1,0,392,0,0.0070925988256931305
osc_check,2001,0.2,391118.634527731,FailRerun,116,8,23,2,0,21,2,0.08695652173913043,1.0,0.25,2,94,391659.532838583,1.0013829520332242,540.8983108520042,1,4,406,0,0.00872810184955597
osc_check,2001,0.2,391118.634527731,APGAI,116,8,23,6,0,17,6,0.2608695652173913,1.0,0.75,6,109,391956.08956074715,1.0021411790671324,837.4550330161583,1,0,391,0,0.015064600389450788
osc_check,2001,0.2,391118.634527731,ScoreCost,116,8,23,4,0,19,4,0.17391304347826086,1.0,0.5,4,117,395852.26978063583,1.0121028118709319,4733.635252904845,1,3,383,0,0.01364489970728755
osc_check,2001,0.2,391118.634527731,ReproAlloc,116,8,23,3,0,20,3,0.13043478260869565,1.0,0.375,3,80,391987.5141406059,1.0022215244587467,868.8796128749382,1,1,420,0,0.03380279941484332
osc_check,2001,0.2,391118.634527731,ReproAlloc-OA,116,8,23,2,0,21,2,0.08695652173913043,1.0,0.25,2,79,391775.9498286247,1.0016806033844117,657.315300893737,1,3,421,0,0.02484919922426343
osc_check,2001,0.2,391118.634527731,ReproAlloc-Optimistic,116,8,23,6,0,17,6,0.2608695652173913,1.0,0.75,6,108,391651.40622615814,1.0013621741625032,532.7716984271538,1,0,392,0,0.15171210328117013
osc_check,2001,0.2,391118.634527731,OptimisticScoreCost,116,8,23,5,0,18,5,0.21739130434782608,1.0,0.625,5,139,392276.6855750084,1.002960869017851,1158.051047277404,1,2,361,0,0.7439927025698125
osc_check,2002,0.05,97779.65863193275,Uniform,30,8,23,0,0,23,0,0.0,0.0,0.0,0,26,98036.75337529182,1.0026293274793159,257.09474335907726,1,0,474,0,0.0016645998694002628
osc_check,2002,0.05,97779.65863193275,FailRerun,30,8,23,0,0,23,0,0.0,0.0,0.0,0,22,101171.71868872643,1.0346908559945198,3392.060056793678,1,2,478,0,0.002269200049340725
osc_check,2002,0.05,97779.65863193275,APGAI,30,8,23,0,0,23,0,0.0,0.0,0.0,0,26,98858.54181361198,1.0110338202932414,1078.8831816792372,1,0,474,0,0.003241200465708971
osc_check,2002,0.05,97779.65863193275,ScoreCost,30,8,23,0,0,23,0,0.0,0.0,0.0,0,29,98773.5484316349,1.0101645865163367,993.8897997021559,1,0,471,0,0.003703800495713949
osc_check,2002,0.05,97779.65863193275,ReproAlloc,30,8,23,1,0,22,1,0.043478260869565216,1.0,0.125,1,24,98071.77919697762,1.0029875392196292,292.1205650448683,1,0,476,0,0.008737398777157068
osc_check,2002,0.05,97779.65863193275,ReproAlloc-OA,30,8,23,2,0,21,2,0.08695652173913043,1.0,0.25,2,33,100739.91226267815,1.0302747388584015,2960.2536307453993,1,0,467,0,0.010371200740337372
osc_check,2002,0.05,97779.65863193275,ReproAlloc-Optimistic,30,8,23,0,0,23,0,0.0,0.0,0.0,0,23,100409.1118516922,1.0268916179146972,2629.4532197594526,1,1,477,0,0.029868999030441046
osc_check,2002,0.05,97779.65863193275,OptimisticScoreCost,30,8,23,1,0,22,1,0.043478260869565216,1.0,0.125,1,31,97857.05095624924,1.0007914971825358,77.39232431648998,1,0,469,0,0.18117860006168485
osc_check,2002,0.1,195559.3172638655,Uniform,59,8,23,0,0,23,0,0.0,0.0,0.0,0,48,196265.23117303848,1.0036097175989855,705.9139091729885,1,0,452,0,0.0031477990560233593
osc_check,2002,0.1,195559.3172638655,FailRerun,59,8,23,2,0,21,2,0.08695652173913043,1.0,0.25,2,46,196089.74447250366,1.0027123596873806,530.4272086381679,1,1,454,0,0.00428949948400259
osc_check,2002,0.1,195559.3172638655,APGAI,59,8,23,2,0,21,2,0.08695652173913043,1.0,0.25,2,56,198494.69853830338,1.0150101836900831,2935.381274437881,1,0,444,0,0.006890300195664167
osc_check,2002,0.1,195559.3172638655,ScoreCost,59,8,23,1,0,22,1,0.043478260869565216,1.0,0.125,1,51,197071.4570748806,1.007732384384298,1512.1398110151058,1,2,449,0,0.004695199895650148
osc_check,2002,0.1,195559.3172638655,ReproAlloc,59,8,23,2,0,21,2,0.08695652173913043,1.0,0.25,2,50,195809.02797532082,1.0012769052119281,249.71071145532187,1,1,450,0,0.02044419851154089
osc_check,2002,0.1,195559.3172638655,ReproAlloc-OA,59,8,23,2,0,21,2,0.08695652173913043,1.0,0.25,2,46,196353.39232349396,1.004060532991926,794.0750596284634,1,1,454,0,0.021790399681776762
osc_check,2002,0.1,195559.3172638655,ReproAlloc-Optimistic,59,8,23,2,0,21,2,0.08695652173913043,1.0,0.25,2,50,199376.84856939316,1.0195210913953883,3817.531305527664,1,1,450,0,0.0558834015391767
osc_check,2002,0.1,195559.3172638655,OptimisticScoreCost,59,8,23,2,0,21,2,0.08695652173913043,1.0,0.25,2,74,197165.69113445282,1.008214253828775,1606.3738705873257,1,0,426,0,0.40870880149304867
osc_check,2002,0.2,391118.634527731,Uniform,116,8,23,0,0,23,0,0.0,0.0,0.0,0,108,391141.84501481056,1.000059343853835,23.210487079573795,1,0,392,0,0.007336398120969534
osc_check,2002,0.2,391118.634527731,FailRerun,116,8,23,1,0,22,1,0.043478260869565216,1.0,0.125,1,68,391186.4379928112,1.0001733577975953,67.80346508021466,1,3,432,0,0.006144399289041758
osc_check,2002,0.2,391118.634527731,APGAI,116,8,23,4,0,19,4,0.17391304347826086,1.0,0.5,4,103,394232.8177816868,1.0079622472033738,3114.1832539557945,1,2,397,0,0.013124002143740654
osc_check,2002,0.2,391118.634527731,ScoreCost,116,8,23,5,0,18,5,0.21739130434782608,1.0,0.625,5,117,392150.96195340157,1.0026394227595856,1032.3274256705772,1,2,383,0,0.014629098121076822
osc_check,2002,0.2,391118.634527731,ReproAlloc,116,8,23,2,0,21,2,0.08695652173913043,1.0,0.25,2,90,395425.75045132637,1.011012300471943,4307.115923595382,1,2,410,0,0.040096699725836515
osc_check,2002,0.2,391118.634527731,ReproAlloc-OA,116,8,23,3,0,20,3,0.13043478260869565,1.0,0.375,3,93,392948.1966817379,1.0046777677985506,1829.5621540069114,1,2,407,0,0.045932897832244635
osc_check,2002,0.2,391118.634527731,ReproAlloc-Optimistic,116,8,23,5,0,18,5,0.21739130434782608,1.0,0.625,5,103,392846.14533400536,1.0044168460762815,1727.5108062743675,1,1,397,0,0.14275309862568974
osc_check,2002,0.2,391118.634527731,OptimisticScoreCost,116,8,23,3,0,20,3,0.13043478260869565,1.0,0.375,3,135,393789.177441597,1.0068279613347766,2670.5429138659965,1,0,365,0,0.7427039975300431
osc_check,2003,0.05,97779.65863193275,Uniform,30,8,23,0,0,23,0,0.0,0.0,0.0,0,25,101157.0854935646,1.0345412011954893,3377.4268616318586,1,0,475,0,0.0016521993093192577
osc_check,2003,0.05,97779.65863193275,FailRerun,30,8,23,2,0,21,2,0.08695652173913043,1.0,0.25,2,21,102703.20818471909,1.050353515461941,4923.549552786339,1,0,479,0,0.002063899300992489
osc_check,2003,0.05,97779.65863193275,APGAI,30,8,23,0,0,23,0,0.0,0.0,0.0,0,27,99238.18360066414,1.014916445701878,1458.5249687313917,1,0,473,0,0.0029245996847748756
osc_check,2003,0.05,97779.65863193275,ScoreCost,30,8,23,2,0,21,2,0.08695652173913043,1.0,0.25,2,31,98004.11837291718,1.002295566829798,224.4597409844282,1,0,469,0,0.0036118999123573303
osc_check,2003,0.05,97779.65863193275,ReproAlloc,30,8,23,0,0,23,0,0.0,0.0,0.0,0,32,100876.37402820587,1.031670343705432,3096.7153962731245,1,2,468,0,0.015296599827706814
osc_check,2003,0.05,97779.65863193275,ReproAlloc-OA,30,8,23,2,0,21,2,0.08695652173913043,1.0,0.25,2,29,99368.1878619194,1.0162460091619494,1588.529229986656,1,0,471,0,0.008331600110977888
osc_check,2003,0.05,97779.65863193275,ReproAlloc-Optimistic,30,8,23,1,0,22,1,0.043478260869565216,1.0,0.125,1,31,99053.56223392487,1.013028308953168,1273.9036019921186,1,0,469,0,0.03814429836347699
osc_check,2003,0.05,97779.65863193275,OptimisticScoreCost,30,8,23,1,0,22,1,0.043478260869565216,1.0,0.125,1,32,97899.47690367699,1.0012253905712154,119.81827174423961,1,2,468,0,0.175403599627316
osc_check,2003,0.1,195559.3172638655,Uniform,59,8,23,0,0,23,0,0.0,0.0,0.0,0,55,197832.65535473824,1.0116248007135622,2273.3380908727413,1,0,445,0,0.003655899316072464
osc_check,2003,0.1,195559.3172638655,FailRerun,59,8,23,1,0,22,1,0.043478260869565216,1.0,0.125,1,43,196205.81910347939,1.0033059117236618,646.5018396138912,1,2,457,0,0.0044429004192352295
osc_check,2003,0.1,195559.3172638655,APGAI,59,8,23,1,0,22,1,0.043478260869565216,1.0,0.125,1,59,196556.18719005585,1.0050975322482094,996.869926190353,1,1,441,0,0.007742898538708687
osc_check,2003,0.1,195559.3172638655,ScoreCost,59,8,23,2,0,21,2,0.08695652173913043,1.0,0.25,2,46,199192.10928606987,1.0185764200501002,3632.792022204376,1,0,454,0,0.005949901882559061
osc_check,2003,0.1,195559.3172638655,ReproAlloc,59,8,23,2,0,21,2,0.08695652173913043,1.0,0.25,2,51,199340.23273801804,1.0193338549502655,3780.9154741525417,1,1,449,0,0.026159600354731083
osc_check,2003,0.1,195559.3172638655,ReproAlloc-OA,59,8,23,1,0,22,1,0.043478260869565216,1.0,0.125,1,51,198255.66187429428,1.0137878606253807,2696.344610428787,1,1,449,0,0.027792999520897865
osc_check,2003,0.1,195559.3172638655,ReproAlloc-Optimistic,59,8,23,3,0,20,3,0.13043478260869565,1.0,0.375,3,56,195637.4840478897,1.0003997088204124,78.1667840242153,1,0,444,0,0.07030460052192211
osc_check,2003,0.1,195559.3172638655,OptimisticScoreCost,59,8,23,2,0,21,2,0.08695652173913043,1.0,0.25,2,66,197167.5729944706,1.0082238767914857,1608.2557306051021,1,1,434,0,0.31256389850750566
osc_check,2003,0.2,391118.634527731,Uniform,116,8,23,0,0,23,0,0.0,0.0,0.0,0,99,391501.0648379326,1.0009777859617028,382.43031020159833,1,0,401,0,0.006822900380939245
osc_check,2003,0.2,391118.634527731,FailRerun,116,8,23,1,0,22,1,0.043478260869565216,1.0,0.125,1,117,392446.58190083504,1.0033952546769027,1327.947373104049,1,8,383,0,0.010148303117603064
osc_check,2003,0.2,391118.634527731,APGAI,116,8,23,6,0,17,6,0.2608695652173913,1.0,0.75,6,109,394744.8297998905,1.0092713436590361,3626.19527215953,1,1,391,0,0.016788900829851627
osc_check,2003,0.2,391118.634527731,ScoreCost,116,8,23,5,0,18,5,0.21739130434782608,1.0,0.625,5,112,392815.67655968666,1.004338944458642,1697.0420319556724,1,2,388,0,0.014013203792273998
osc_check,2003,0.2,391118.634527731,ReproAlloc,116,8,23,5,0,18,5,0.21739130434782608,1.0,0.625,5,104,391694.241499424,1.0014716940612867,575.6069716929924,1,1,396,0,0.049666900653392076
osc_check,2003,0.2,391118.634527731,ReproAlloc-OA,116,8,23,4,0,19,4,0.17391304347826086,1.0,0.5,4,108,391725.7699699402,1.0015523050773132,607.1354422091972,1,1,392,0,0.045385599602013826
osc_check,2003,0.2,391118.634527731,ReproAlloc-Optimistic,116,8,23,6,0,17,6,0.2608695652173913,1.0,0.75,6,110,392279.75352597237,1.0029687130597686,1161.118998241378,1,0,390,0,0.14726770156994462
osc_check,2003,0.2,391118.634527731,OptimisticScoreCost,116,8,23,4,0,19,4,0.17391304347826086,1.0,0.5,4,140,392042.52991843224,1.0023621870939923,923.8953907012474,1,2,360,0,0.7792033972218633
osc_check,2004,0.05,97779.65863193275,Uniform,30,8,23,0,0,23,0,0.0,0.0,0.0,0,26,98818.81648254395,1.010627546313317,1039.1578506111982,1,0,474,0,0.0016057007014751434
osc_check,2004,0.05,97779.65863193275,FailRerun,30,8,23,1,0,22,1,0.043478260869565216,1.0,0.125,1,27,98013.64334774017,1.0023929794712028,233.98471580742626,1,1,473,0,0.0021640988998115063
osc_check,2004,0.05,97779.65863193275,APGAI,30,8,23,0,0,23,0,0.0,0.0,0.0,0,26,98258.63283133507,1.004898505538921,478.97419940232066,1,0,474,0,0.0023134006187319756
osc_check,2004,0.05,97779.65863193275,ScoreCost,30,8,23,1,0,22,1,0.043478260869565216,1.0,0.125,1,33,98634.13080048561,1.008738751806951,854.4721685528639,1,0,467,0,0.002408298198133707
osc_check,2004,0.05,97779.65863193275,ReproAlloc,30,8,23,1,0,22,1,0.043478260869565216,1.0,0.125,1,33,99797.3209848404,1.020634786223816,2017.662352907646,1,0,467,0,0.011818699538707733
osc_check,2004,0.05,97779.65863193275,ReproAlloc-OA,30,8,23,1,0,22,1,0.043478260869565216,1.0,0.125,1,26,101772.82061648369,1.0408383710929305,3993.1619845509413,1,0,474,0,0.008818000089377165
osc_check,2004,0.05,97779.65863193275,ReproAlloc-Optimistic,30,8,23,2,0,21,2,0.08695652173913043,1.0,0.25,2,27,98360.59950757027,1.0059413264861594,580.9408756375196,1,0,473,0,0.02763559902086854
osc_check,2004,0.05,97779.65863193275,OptimisticScoreCost,30,8,23,1,0,22,1,0.043478260869565216,1.0,0.125,1,42,98721.91303634644,1.0096365074044753,942.2544044136885,1,0,458,0,0.24699039896950126
osc_check,2004,0.1,195559.3172638655,Uniform,59,8,23,0,0,23,0,0.0,0.0,0.0,0,53,199944.72378230095,1.0224249428756098,4385.406518435455,1,0,447,0,0.0030415006913244724
osc_check,2004,0.1,195559.3172638655,FailRerun,59,8,23,0,0,23,0,0.0,0.0,0.0,0,52,195571.15199398994,1.0000605173422061,11.834730124450289,1,2,448,0,0.004315502010285854
osc_check,2004,0.1,195559.3172638655,APGAI,59,8,23,1,0,22,1,0.043478260869565216,1.0,0.125,1,56,196318.1697051525,1.0038804207945926,758.8524412870174,1,0,444,0,0.007493899203836918
osc_check,2004,0.1,195559.3172638655,ScoreCost,59,8,23,4,0,19,4,0.17391304347826086,1.0,0.5,4,57,196588.43118453026,1.0052624131392123,1029.113920664764,1,0,443,0,0.007259000092744827
osc_check,2004,0.1,195559.3172638655,ReproAlloc,59,8,23,2,0,21,2,0.08695652173913043,1.0,0.25,2,51,197249.9134669304,1.0086449279263119,1690.5962030648952,1,0,449,0,0.019399903248995543
osc_check,2004,0.1,195559.3172638655,ReproAlloc-OA,59,8,23,3,0,20,3,0.13043478260869565,1.0,0.375,3,59,198198.22928214073,1.0134941768829893,2638.9120182752376,1,1,441,0,0.02731620194390416
osc_check,2004,0.1,195559.3172638655,ReproAlloc-Optimistic,59,8,23,4,0,19,4,0.17391304347826086,1.0,0.5,4,57,196090.12256097794,1.0027142930571609,530.8052971124416,1,0,443,0,0.0677283015102148
osc_check,2004,0.1,195559.3172638655,OptimisticScoreCost,59,8,23,3,0,20,3,0.13043478260869565,1.0,0.375,3,66,195604.8558461666,1.0002328632710435,45.53858230111655,1,1,434,0,0.35245399735867977
osc_check,2004,0.2,391118.634527731,Uniform,116,8,23,0,0,23,0,0.0,0.0,0.0,0,97,394599.398406744,1.008899509181443,3480.763879013015,1,0,403,0,0.0063313995487987995
osc_check,2004,0.2,391118.634527731,FailRerun,116,8,23,2,0,21,2,0.08695652173913043,1.0,0.25,2,146,392653.66889476776,1.003924728283249,1535.034367036773,1,10,354,0,0.013722498435527086
osc_check,2004,0.2,391118.634527731,APGAI,116,8,23,6,0,17,6,0.2608695652173913,1.0,0.75,6,111,393685.1910545826,1.0065620921640583,2566.5565268516075,1,1,389,0,0.016264199744910002
osc_check,2004,0.2,391118.634527731,ScoreCost,116,8,23,5,0,18,5,0.21739130434782608,1.0,0.625,5,122,392697.08631920815,1.004035736608109,1578.4517914771568,1,1,378,0,0.015723700635135174
osc_check,2004,0.2,391118.634527731,ReproAlloc,116,8,23,5,0,18,5,0.21739130434782608,1.0,0.625,5,98,394036.9883234501,1.0074615565153089,2918.3537957191,1,1,402,0,0.04319450119510293
osc_check,2004,0.2,391118.634527731,ReproAlloc-OA,116,8,23,6,0,17,6,0.2608695652173913,1.0,0.75,6,109,395539.40227770805,1.011302881938405,4420.767749977065,1,1,391,0,0.047247000969946384
osc_check,2004,0.2,391118.634527731,ReproAlloc-Optimistic,116,8,23,6,0,17,6,0.2608695652173913,1.0,0.75,6,110,393954.9503016472,1.0072518042443592,2836.315773916198,1,0,390,0,0.14272770006209612
osc_check,2004,0.2,391118.634527731,OptimisticScoreCost,116,8,23,5,0,18,5,0.21739130434782608,1.0,0.625,5,133,391160.4293820858,1.000106859787965,41.79485435481183,1,1,367,0,0.6952032982371747
osc_check,2005,0.05,97779.65863193275,Uniform,30,8,23,0,0,23,0,0.0,0.0,0.0,0,26,100800.94859623909,1.0308989620804387,3021.289964306343,1,0,474,0,0.0017262985929846764
osc_check,2005,0.05,97779.65863193275,FailRerun,30,8,23,0,0,23,0,0.0,0.0,0.0,0,52,100677.7943034172,1.0296394537681275,2898.1356714844587,1,4,448,0,0.0033216001465916634
osc_check,2005,0.05,97779.65863193275,APGAI,30,8,23,0,0,23,0,0.0,0.0,0.0,0,27,101184.75202465057,1.0348241489115384,3405.0933927178266,1,0,473,0,0.0013026995584368706
osc_check,2005,0.05,97779.65863193275,ScoreCost,30,8,23,1,0,22,1,0.043478260869565216,1.0,0.125,1,30,101357.72346138954,1.0365931409407505,3578.0648294567945,1,0,470,0,0.0025856010615825653
osc_check,2005,0.05,97779.65863193275,ReproAlloc,30,8,23,1,0,22,1,0.043478260869565216,1.0,0.125,1,31,98854.22316360474,1.0109896531314035,1074.5645316719892,1,1,469,0,0.012338199187070131
osc_check,2005,0.05,97779.65863193275,ReproAlloc-OA,30,8,23,2,0,21,2,0.08695652173913043,1.0,0.25,2,31,98931.03318142891,1.0117751950211877,1151.3745494961622,1,0,469,0,0.011562199797481298
osc_check,2005,0.05,97779.65863193275,ReproAlloc-Optimistic,30,8,23,2,0,21,2,0.08695652173913043,1.0,0.25,2,28,99714.40523219109,1.0197868005199446,1934.7466002583387,1,0,472,0,0.021649599075317383
osc_check,2005,0.05,97779.65863193275,OptimisticScoreCost,30,8,23,1,0,22,1,0.043478260869565216,1.0,0.125,1,28,99606.73408555984,1.0186856395204311,1827.0754536270979,1,0,472,0,0.15823839884251356
osc_check,2005,0.1,195559.3172638655,Uniform,59,8,23,0,0,23,0,0.0,0.0,0.0,0,52,197648.3423371315,1.0106823090942136,2089.025073266006,1,0,448,0,0.002142198383808136
osc_check,2005,0.1,195559.3172638655,FailRerun,59,8,23,1,0,22,1,0.043478260869565216,1.0,0.125,1,58,197806.95661735535,1.0114933892434137,2247.6393534898525,1,3,442,0,0.002392797265201807
osc_check,2005,0.1,195559.3172638655,APGAI,59,8,23,2,0,21,2,0.08695652173913043,1.0,0.25,2,56,196159.33193159103,1.0030681978037177,600.0146677255398,1,0,444,0,0.0036117020063102245
osc_check,2005,0.1,195559.3172638655,ScoreCost,59,8,23,2,0,21,2,0.08695652173913043,1.0,0.25,2,64,198212.38559246063,1.013566565713744,2653.068328595138,1,0,436,0,0.00626590009778738
osc_check,2005,0.1,195559.3172638655,ReproAlloc,59,8,23,1,0,22,1,0.043478260869565216,1.0,0.125,1,50,198639.605345726,1.015751170156236,3080.288081860519,1,1,450,0,0.01573530025780201
osc_check,2005,0.1,195559.3172638655,ReproAlloc-OA,59,8,23,2,0,21,2,0.08695652173913043,1.0,0.25,2,50,197083.28512263298,1.0077928675559407,1523.9678587674862,1,1,450,0,0.013637899421155453
osc_check,2005,0.1,195559.3172638655,ReproAlloc-Optimistic,59,8,23,4,0,19,4,0.17391304347826086,1.0,0.5,4,54,199348.97193169594,1.0193785431492233,3789.654667830444,1,0,446,0,0.06946029886603355
osc_check,2005,0.1,195559.3172638655,OptimisticScoreCost,59,8,23,3,0,20,3,0.13043478260869565,1.0,0.375,3,72,196689.17438840866,1.0057775673404437,1129.8571245431667,1,0,428,0,0.36016750102862716
osc_check,2005,0.2,391118.634527731,Uniform,116,8,23,0,0,23,0,0.0,0.0,0.0,0,108,394223.9598457813,1.0079395995074485,3105.325318050338,1,0,392,0,0.0032047019340097904
osc_check,2005,0.2,391118.634527731,FailRerun,116,8,23,2,0,21,2,0.08695652173913043,1.0,0.25,2,99,392688.2891495228,1.0040132442773715,1569.654621791793,1,6,401,0,0.007083296775817871
osc_check,2005,0.2,391118.634527731,APGAI,116,8,23,5,0,18,5,0.21739130434782608,1.0,0.625,5,102,396591.38411426544,1.0139925564864551,5472.749586534454,1,0,398,0,0.01334050064906478
osc_check,2005,0.2,391118.634527731,ScoreCost,116,8,23,5,0,18,5,0.21739130434782608,1.0,0.625,5,115,391132.41666936874,1.0000352377524901,13.782141637755558,1,1,385,0,0.009578102733939886
osc_check,2005,0.2,391118.634527731,ReproAlloc,116,8,23,3,0,20,3,0.13043478260869565,1.0,0.375,3,93,393254.26646614075,1.0054603175350836,2135.6319384097587,1,2,407,0,0.038206498604267836
osc_check,2005,0.2,391118.634527731,ReproAlloc-OA,116,8,23,4,0,19,4,0.17391304347826086,1.0,0.5,4,90,391936.9028983116,1.0020921232034077,818.2683705806267,1,3,410,0,0.03779920097440481
osc_check,2005,0.2,391118.634527731,ReproAlloc-Optimistic,116,8,23,6,0,17,6,0.2608695652173913,1.0,0.75,6,101,393024.4481072426,1.0048727250794707,1905.813579511596,1,0,399,0,0.12297270074486732
osc_check,2005,0.2,391118.634527731,OptimisticScoreCost,116,8,23,5,0,18,5,0.21739130434782608,1.0,0.625,5,136,392570.18120360374,1.0037112695426171,1451.5466758727562,1,2,364,0,0.6018564980477095
osc_check,2006,0.05,97779.65863193275,Uniform,30,8,23,0,0,23,0,0.0,0.0,0.0,0,28,100959.26601338387,1.032518086337568,3179.6073814511183,1,0,472,0,0.000968102365732193
osc_check,2006,0.05,97779.65863193275,FailRerun,30,8,23,0,0,23,0,0.0,0.0,0.0,0,24,100681.23109936714,1.029674602141501,2901.5724674343946,1,1,476,0,0.0010938988998532295
osc_check,2006,0.05,97779.65863193275,APGAI,30,8,23,0,0,23,0,0.0,0.0,0.0,0,27,100160.68142604828,1.024350901071135,2381.0227941155317,1,0,473,0,0.0026318994350731373
osc_check,2006,0.05,97779.65863193275,ScoreCost,30,8,23,1,0,22,1,0.043478260869565216,1.0,0.125,1,26,97809.43607091904,1.000304536131573,29.77743898628978,1,0,474,0,0.0038177999667823315
osc_check,2006,0.05,97779.65863193275,ReproAlloc,30,8,23,1,0,22,1,0.043478260869565216,1.0,0.125,1,25,100110.47148442268,1.0238374001822168,2330.8128524899366,1,1,475,0,0.006766600534319878
osc_check,2006,0.05,97779.65863193275,ReproAlloc-OA,30,8,23,0,0,23,0,0.0,0.0,0.0,0,24,98475.59200239182,1.0071173634700314,695.9333704590681,1,0,476,0,0.008375600911676884
osc_check,2006,0.05,97779.65863193275,ReproAlloc-Optimistic,30,8,23,2,0,21,2,0.08695652173913043,1.0,0.25,2,27,97857.62079286575,1.00079732494492,77.96216093300609,1,0,473,0,0.027719900477677584
osc_check,2006,0.05,97779.65863193275,OptimisticScoreCost,30,8,23,1,0,22,1,0.043478260869565216,1.0,0.125,1,39,98735.55007863045,1.0097759744723176,955.8914466977003,1,0,461,0,0.17770229978486896
osc_check,2006,0.1,195559.3172638655,Uniform,59,8,23,0,0,23,0,0.0,0.0,0.0,0,60,195787.14520168304,1.0011650068173952,227.82793781755026,1,0,440,0,0.003157602157443762
osc_check,2006,0.1,195559.3172638655,FailRerun,59,8,23,1,0,22,1,0.043478260869565216,1.0,0.125,1,48,195922.9125843048,1.0018592584875345,363.5953204393154,1,1,452,0,0.003909498918801546
osc_check,2006,0.1,195559.3172638655,APGAI,59,8,23,2,0,21,2,0.08695652173913043,1.0,0.25,2,60,197183.44774150848,1.0083050529136977,1624.1304776429897,1,0,440,0,0.008015100378543139
osc_check,2006,0.1,195559.3172638655,ScoreCost,59,8,23,2,0,21,2,0.08695652173913043,1.0,0.25,2,54,199510.82311940193,1.0202061753478344,3951.5058555364376,1,1,446,0,0.005734897218644619
osc_check,2006,0.1,195559.3172638655,ReproAlloc,59,8,23,2,0,21,2,0.08695652173913043,1.0,0.25,2,51,198330.22266554832,1.0141691300647369,2770.9054016828304,1,2,449,0,0.02109850151464343
osc_check,2006,0.1,195559.3172638655,ReproAlloc-OA,59,8,23,3,0,20,3,0.13043478260869565,1.0,0.375,3,58,195936.51263666153,1.001928802872057,377.1953727960354,1,0,442,0,0.01870389888063073
osc_check,2006,0.1,195559.3172638655,ReproAlloc-Optimistic,59,8,23,3,0,20,3,0.13043478260869565,1.0,0.375,3,55,196040.27733373642,1.002459407593564,480.9600698709255,1,0,445,0,0.07676770118996501
osc_check,2006,0.1,195559.3172638655,OptimisticScoreCost,59,8,23,0,0,23,0,0.0,0.0,0.0,0,70,196837.54144740105,1.0065362479344866,1278.2241835355526,1,0,430,0,0.37158630043268204
osc_check,2006,0.2,391118.634527731,Uniform,116,8,23,0,0,23,0,0.0,0.0,0.0,0,115,395732.29346871376,1.0117960601559004,4613.658940982772,1,0,385,0,0.005787798669189215
osc_check,2006,0.2,391118.634527731,FailRerun,116,8,23,0,0,23,0,0.0,0.0,0.0,0,113,391626.2479856014,1.0012978503529584,507.61345787043683,1,8,387,0,0.010286598466336727
osc_check,2006,0.2,391118.634527731,APGAI,116,8,23,6,0,17,6,0.2608695652173913,1.0,0.75,6,111,392387.3404016495,1.003243787848284,1268.7058739184868,1,1,389,0,0.015729702543467283
osc_check,2006,0.2,391118.634527731,ScoreCost,116,8,23,5,0,18,5,0.21739130434782608,1.0,0.625,5,112,391959.3682067394,1.0021495618075666,840.7336790084373,1,2,388,0,0.014308399055153131
osc_check,2006,0.2,391118.634527731,ReproAlloc,116,8,23,5,0,18,5,0.21739130434782608,1.0,0.625,5,101,393147.6623568535,1.005187755453208,2029.0278291224968,1,2,399,0,0.038485799450427294
osc_check,2006,0.2,391118.634527731,ReproAlloc-OA,116,8,23,3,0,20,3,0.13043478260869565,1.0,0.375,3,95,396429.5540406704,1.013578794371054,5310.919512939407,1,3,405,0,0.03490449674427509
osc_check,2006,0.2,391118.634527731,ReproAlloc-Optimistic,116,8,23,6,0,17,6,0.2608695652173913,1.0,0.75,6,110,394844.69340753555,1.00952667183527,3726.0588798045646,1,0,390,0,0.14329589996486902
osc_check,2006,0.2,391118.634527731,OptimisticScoreCost,116,8,23,4,0,19,4,0.17391304347826086,1.0,0.5,4,138,391169.223115921,1.0001293433340273,50.58858819003217,1,2,362,0,0.7158815991133451
osc_check,2007,0.05,97779.65863193275,Uniform,30,9,23,0,0,23,0,0.0,0.0,0.0,0,29,98214.88588356972,1.0044511021793938,435.2272516369703,1,0,471,0,0.0017279996536672115
osc_check,2007,0.05,97779.65863193275,FailRerun,30,9,23,1,0,22,1,0.043478260869565216,1.0,0.1111111111111111,1,41,99911.39764976501,1.02180145694573,2131.7390178322676,1,2,459,0,0.0026019983924925327
osc_check,2007,0.05,97779.65863193275,APGAI,30,9,23,0,0,23,0,0.0,0.0,0.0,0,29,104057.64223122597,1.0642054153914071,6277.98359929322,1,0,471,0,0.00273909792304039
osc_check,2007,0.05,97779.65863193275,ScoreCost,30,9,23,1,0,22,1,0.043478260869565216,1.0,0.1111111111111111,1,31,101606.14562940598,1.039133773332929,3826.4869974732283,1,0,469,0,0.0035733990371227264
osc_check,2007,0.05,97779.65863193275,ReproAlloc,30,9,23,1,0,22,1,0.043478260869565216,1.0,0.1111111111111111,1,37,99646.00394916534,1.0190872554000008,1866.3453172325972,1,0,463,0,0.007110901176929474
osc_check,2007,0.05,97779.65863193275,ReproAlloc-OA,30,9,23,0,0,23,0,0.0,0.0,0.0,0,22,100539.54279613495,1.0282255450961544,2759.8841642022016,1,0,478,0,0.008798600174486637
osc_check,2007,0.05,97779.65863193275,ReproAlloc-Optimistic,30,9,23,2,0,21,2,0.08695652173913043,1.0,0.2222222222222222,2,28,97876.79147338867,1.0009933849515833,97.13284145592479,1,0,472,0,0.027704202104359865
osc_check,2007,0.05,97779.65863193275,OptimisticScoreCost,30,9,23,0,0,23,0,0.0,0.0,0.0,0,35,99741.54111456871,1.0200643212513247,1961.8824826359632,1,1,465,0,0.19771629991009831
osc_check,2007,0.1,195559.3172638655,Uniform,59,9,23,0,0,23,0,0.0,0.0,0.0,0,49,200880.32622265816,1.027209181506873,5321.008958792663,1,0,451,0,0.003692999482154846
osc_check,2007,0.1,195559.3172638655,FailRerun,59,9,23,1,0,22,1,0.043478260869565216,1.0,0.1111111111111111,1,50,199583.5111796856,1.0205778685062104,4024.1939158200985,1,3,450,0,0.005072799976915121
osc_check,2007,0.1,195559.3172638655,APGAI,59,9,23,1,0,22,1,0.043478260869565216,1.0,0.1111111111111111,1,62,196562.52491235733,1.0051299404320286,1003.2076484918362,1,2,438,0,0.00829249992966652
osc_check,2007,0.1,195559.3172638655,ScoreCost,59,9,23,1,0,22,1,0.043478260869565216,1.0,0.1111111111111111,1,50,196160.18855381012,1.0030725781739864,600.8712899446255,1,0,450,0,0.004479899071156979
osc_check,2007,0.1,195559.3172638655,ReproAlloc,59,9,23,1,0,22,1,0.043478260869565216,1.0,0.1111111111111111,1,44,197613.4739637375,1.01050400834188,2054.1566998719936,1,2,456,0,0.012539300136268139
osc_check,2007,0.1,195559.3172638655,ReproAlloc-OA,59,9,23,1,0,22,1,0.043478260869565216,1.0,0.1111111111111111,1,45,198049.37543272972,1.012733007067643,2490.058168864227,1,1,455,0,0.019647900946438313
osc_check,2007,0.1,195559.3172638655,ReproAlloc-Optimistic,59,9,23,3,0,20,3,0.13043478260869565,1.0,0.3333333333333333,3,51,199232.0495712757,1.0187806562162143,3672.732307410217,1,0,449,0,0.06644349964335561
osc_check,2007,0.1,195559.3172638655,OptimisticScoreCost,59,9,23,2,0,21,2,0.08695652173913043,1.0,0.2222222222222222,2,68,196864.2736196518,1.0066729439131021,1304.9563557863003,1,2,432,0,0.3017267012037337
osc_check,2007,0.2,391118.634527731,Uniform,116,9,23,0,0,23,0,0.0,0.0,0.0,0,110,392981.4683008194,1.004762835642791,1862.8337730884086,1,0,390,0,0.0030311988666653633
osc_check,2007,0.2,391118.634527731,FailRerun,116,9,23,3,0,20,3,0.13043478260869565,1.0,0.3333333333333333,3,115,391686.17391967773,1.0014510671234882,567.539391946746,1,6,385,0,0.007474395912140608
osc_check,2007,0.2,391118.634527731,APGAI,116,9,23,4,0,19,4,0.17391304347826086,1.0,0.4444444444444444,4,111,391190.3137431145,1.0001832671958217,71.6792153834831,1,3,389,0,0.01461330009624362
osc_check,2007,0.2,391118.634527731,ScoreCost,116,9,23,6,0,17,6,0.2608695652173913,1.0,0.6666666666666666,6,120,394052.9909527302,1.0075024715417673,2934.3564249991905,1,2,380,0,0.016794897615909576
osc_check,2007,0.2,391118.634527731,ReproAlloc,116,9,23,2,0,21,2,0.08695652173913043,1.0,0.2222222222222222,2,92,392791.9042518139,1.0042781641588194,1673.2697240829002,1,4,408,0,0.0366243002936244
osc_check,2007,0.2,391118.634527731,ReproAlloc-OA,116,9,23,4,0,19,4,0.17391304347826086,1.0,0.4444444444444444,4,110,392497.773242712,1.0035261391128714,1379.1387149810325,1,3,390,0,0.04680020036175847
osc_check,2007,0.2,391118.634527731,ReproAlloc-Optimistic,116,9,23,6,0,17,6,0.2608695652173913,1.0,0.6666666666666666,6,114,391399.9609415531,1.000719286653682,281.3264138221275,1,0,386,0,0.13821710087358952
osc_check,2007,0.2,391118.634527731,OptimisticScoreCost,116,9,23,3,0,20,3,0.13043478260869565,1.0,0.3333333333333333,3,136,393837.9554746151,1.006952675497468,2719.3209468841087,1,2,364,0,0.596300701610744
osc_check,2008,0.05,97779.65863193275,Uniform,30,8,23,0,0,23,0,0.0,0.0,0.0,0,28,98483.29004788399,1.007196091966325,703.6314159512403,1,0,472,0,0.0009036003611981869
osc_check,2008,0.05,97779.65863193275,FailRerun,30,8,23,1,0,22,1,0.043478260869565216,1.0,0.125,1,24,100905.57816672325,1.031969016649539,3125.9195347905043,1,1,476,0,0.0016887006349861622
osc_check,2008,0.05,97779.65863193275,APGAI,30,8,23,0,0,23,0,0.0,0.0,0.0,0,28,99535.9562087059,1.0179617887947872,1756.297576773155,1,0,472,0,0.0032250997610390186
osc_check,2008,0.05,97779.65863193275,ScoreCost,30,8,23,1,0,22,1,0.043478260869565216,1.0,0.125,1,32,98681.81049728394,1.0092263756897242,902.1518653511885,1,1,468,0,0.004478100221604109
osc_check,2008,0.05,97779.65863193275,ReproAlloc,30,8,23,0,0,23,0,0.0,0.0,0.0,0,29,98886.90211391449,1.0113238632397938,1107.2434819817427,1,0,471,0,0.008842199109494686
osc_check,2008,0.05,97779.65863193275,ReproAlloc-OA,30,8,23,0,0,23,0,0.0,0.0,0.0,0,25,98865.0491514206,1.0111003713315623,1085.3905194878462,1,1,475,0,0.003410300239920616
osc_check,2008,0.05,97779.65863193275,ReproAlloc-Optimistic,30,8,23,2,0,21,2,0.08695652173913043,1.0,0.25,2,27,100883.7585363388,1.0317458656313239,3104.099904406059,1,0,473,0,0.0306552997790277
osc_check,2008,0.05,97779.65863193275,OptimisticScoreCost,30,8,23,0,0,23,0,0.0,0.0,0.0,0,43,98945.24691939354,1.011920559999584,1165.5882874607923,1,0,457,0,0.20643559796735644
osc_check,2008,0.1,195559.3172638655,Uniform,59,8,23,0,0,23,0,0.0,0.0,0.0,0,54,196133.61655259132,1.0029367012360293,574.2992887258297,1,0,446,0,0.00431279931217432
osc_check,2008,0.1,195559.3172638655,FailRerun,59,8,23,0,0,23,0,0.0,0.0,0.0,0,45,201738.54256916046,1.0315977034065702,6179.225305294967,1,2,455,0,0.004484300501644611
osc_check,2008,0.1,195559.3172638655,APGAI,59,8,23,1,0,22,1,0.043478260869565216,1.0,0.125,1,56,195991.65467381477,1.0022107737744141,432.3374099492794,1,0,444,0,0.007421201094985008
osc_check,2008,0.1,195559.3172638655,ScoreCost,59,8,23,3,0,20,3,0.13043478260869565,1.0,0.375,3,61,198472.1642472744,1.014894953736613,2912.8469834089046,1,1,439,0,0.006524897646158934
osc_check,2008,0.1,195559.3172638655,ReproAlloc,59,8,23,3,0,20,3,0.13043478260869565,1.0,0.375,3,55,197766.56851363182,1.0112868631402927,2207.2512497663265,1,1,445,0,0.010698898695409298
osc_check,2008,0.1,195559.3172638655,ReproAlloc-OA,59,8,23,0,0,23,0,0.0,0.0,0.0,0,45,198228.09472870827,1.0136468949788868,2668.777464842773,1,2,455,0,0.018914298620074987
osc_check,2008,0.1,195559.3172638655,ReproAlloc-Optimistic,59,8,23,3,0,20,3,0.13043478260869565,1.0,0.375,3,53,198758.57242274284,1.0163595128252603,3199.2551588773495,1,1,447,0,0.05393420159816742
osc_check,2008,0.1,195559.3172638655,OptimisticScoreCost,59,8,23,1,0,22,1,0.043478260869565216,1.0,0.125,1,69,195813.72929620743,1.00130094559493,254.4120323419338,1,1,431,0,0.3563061994500458
osc_check,2008,0.2,391118.634527731,Uniform,116,8,23,0,0,23,0,0.0,0.0,0.0,0,107,392159.9123966694,1.0026623069754672,1041.2778689383995,1,0,393,0,0.004142603371292353
osc_check,2008,0.2,391118.634527731,FailRerun,116,8,23,3,0,20,3,0.13043478260869565,1.0,0.375,3,73,396195.3993742466,1.0129801149787856,5076.764846515609,1,2,427,0,0.004582103341817856
osc_check,2008,0.2,391118.634527731,APGAI,116,8,23,5,0,18,5,0.21739130434782608,1.0,0.625,5,104,392769.3331449032,1.0042204550523792,1650.6986171721946,1,2,396,0,0.008928599767386913
osc_check,2008,0.2,391118.634527731,ScoreCost,116,8,23,5,0,18,5,0.21739130434782608,1.0,0.625,5,114,391361.95714330673,1.0006221197204515,243.32261557574384,1,3,386,0,0.017119797877967358
osc_check,2008,0.2,391118.634527731,ReproAlloc,116,8,23,4,0,19,4,0.17391304347826086,1.0,0.5,4,92,392254.348146677,1.0029037573735584,1135.7136189460289,1,2,408,0,0.04179990058764815
osc_check,2008,0.2,391118.634527731,ReproAlloc-OA,116,8,23,3,0,20,3,0.13043478260869565,1.0,0.375,3,98,393524.0750951767,1.006150155873678,2405.4405674457084,1,3,402,0,0.04189749713987112
osc_check,2008,0.2,391118.634527731,ReproAlloc-Optimistic,116,8,23,5,0,18,5,0.21739130434782608,1.0,0.625,5,106,393214.2687551975,1.0053580526276815,2095.6342274665367,1,1,394,0,0.13346259761601686
osc_check,2008,0.2,391118.634527731,OptimisticScoreCost,116,8,23,3,0,20,3,0.13043478260869565,1.0,0.375,3,132,392199.06532788277,1.0027624119762444,1080.4308001517784,1,2,368,0,0.6503397994674742
osc_check,2009,0.05,97779.65863193275,Uniform,30,8,23,0,0,23,0,0.0,0.0,0.0,0,24,100237.27540159225,1.0251342334801004,2457.6167696595076,1,0,476,0,0.0006203996017575264
osc_check,2009,0.05,97779.65863193275,FailRerun,30,8,23,1,0,22,1,0.043478260869565216,1.0,0.125,1,41,99929.66074180603,1.021988234976013,2150.002109873283,1,3,459,0,0.002885102294385433
osc_check,2009,0.05,97779.65863193275,APGAI,30,8,23,0,0,23,0,0.0,0.0,0.0,0,26,101028.7077486515,1.0332282722416632,3249.0491167187574,1,0,474,0,0.0014700996689498425
osc_check,2009,0.05,97779.65863193275,ScoreCost,30,8,23,1,0,22,1,0.043478260869565216,1.0,0.125,1,22,98468.14125847816,1.0070411641457764,688.4826265454176,1,0,478,0,0.001363901887089014
osc_check,2009,0.05,97779.65863193275,ReproAlloc,30,8,23,2,0,21,2,0.08695652173913043,1.0,0.25,2,31,99463.95976161957,1.0172254756587662,1684.3011296868208,1,0,469,0,0.010713901836425066
osc_check,2009,0.05,97779.65863193275,ReproAlloc-OA,30,8,23,2,0,21,2,0.08695652173913043,1.0,0.25,2,28,100131.79263472557,1.0240554532067538,2352.1340027928236,1,0,472,0,0.010251399595290422
osc_check,2009,0.05,97779.65863193275,ReproAlloc-Optimistic,30,8,23,2,0,21,2,0.08695652173913043,1.0,0.25,2,31,100877.23504900932,1.0316791494306259,3097.576417076576,1,0,469,0,0.038713299203664064
osc_check,2009,0.05,97779.65863193275,OptimisticScoreCost,30,8,23,1,0,22,1,0.043478260869565216,1.0,0.125,1,30,99960.42947101593,1.02230290910804,2180.770839083183,1,0,470,0,0.17468199972063303
osc_check,2009,0.1,195559.3172638655,Uniform,59,8,23,0,0,23,0,0.0,0.0,0.0,0,50,201444.55175471306,1.0300943702053669,5885.234490847564,1,0,450,0,0.003626301884651184
osc_check,2009,0.1,195559.3172638655,FailRerun,59,8,23,1,0,22,1,0.043478260869565216,1.0,0.125,1,67,199480.29537010193,1.0200500705417472,3920.9781062364345,1,4,433,0,0.006776999216526747
osc_check,2009,0.1,195559.3172638655,APGAI,59,8,23,1,0,22,1,0.043478260869565216,1.0,0.125,1,56,197933.59038066864,1.0121409358041458,2374.273116803146,1,0,444,0,0.007796301040798426
osc_check,2009,0.1,195559.3172638655,ScoreCost,59,8,23,3,0,20,3,0.13043478260869565,1.0,0.375,3,61,198427.49626636505,1.0146665423188688,2868.179002499557,1,1,439,0,0.00856050243601203
osc_check,2009,0.1,195559.3172638655,ReproAlloc,59,8,23,2,0,21,2,0.08695652173913043,1.0,0.25,2,51,196397.6445298195,1.0042868183305367,838.3272659539944,1,0,449,0,0.018241998739540577
osc_check,2009,0.1,195559.3172638655,ReproAlloc-OA,59,8,23,2,0,21,2,0.08695652173913043,1.0,0.25,2,61,196122.87378430367,1.0028817676821697,563.556520438171,1,1,439,0,0.03188759880140424
osc_check,2009,0.1,195559.3172638655,ReproAlloc-Optimistic,59,8,23,3,0,20,3,0.13043478260869565,1.0,0.375,3,54,196715.7672972679,1.0059135511904147,1156.4500334024196,1,0,446,0,0.0685349004343152
osc_check,2009,0.1,195559.3172638655,OptimisticScoreCost,59,8,23,2,0,21,2,0.08695652173913043,1.0,0.25,2,68,196012.170637846,1.0023156829360858,452.8533739804989,1,0,432,0,0.419357399456203
osc_check,2009,0.2,391118.634527731,Uniform,116,8,23,0,0,23,0,0.0,0.0,0.0,0,108,393710.7712585926,1.0066274948366793,2592.1367308616173,1,0,392,0,0.007201699074357748
osc_check,2009,0.2,391118.634527731,FailRerun,116,8,23,2,0,21,2,0.08695652173913043,1.0,0.25,2,114,391516.7628672123,1.001017922196323,398.1283394813072,1,6,386,0,0.012104797642678022
osc_check,2009,0.2,391118.634527731,APGAI,116,8,23,4,0,19,4,0.17391304347826086,1.0,0.5,4,112,393285.5766637325,1.0055403704776635,2166.9421360015403,1,1,388,0,0.012643696740269661
osc_check,2009,0.2,391118.634527731,ScoreCost,116,8,23,3,0,20,3,0.13043478260869565,1.0,0.375,3,103,391621.31639528275,1.001285241415712,502.681867551757,1,2,397,0,0.01458629872649908
osc_check,2009,0.2,391118.634527731,ReproAlloc,116,8,23,5,0,18,5,0.21739130434782608,1.0,0.625,5,105,393484.87939953804,1.0060499415341442,2366.244871807052,1,1,395,0,0.03582840086892247
osc_check,2009,0.2,391118.634527731,ReproAlloc-OA,116,8,23,5,0,18,5,0.21739130434782608,1.0,0.625,5,97,392348.18218517303,1.00314366933431,1229.5476574420463,1,1,403,0,0.03115980327129364
osc_check,2009,0.2,391118.634527731,ReproAlloc-Optimistic,116,8,23,5,0,18,5,0.21739130434782608,1.0,0.625,5,103,391538.88696837425,1.001074488412322,420.252440643264,1,0,397,0,0.12846599938347936
osc_check,2009,0.2,391118.634527731,OptimisticScoreCost,116,8,23,4,0,19,4,0.17391304347826086,1.0,0.5,4,136,394560.8348376751,1.0088009110435265,3442.2003099441063,1,2,364,0,0.6665475014597178
osc_check,2010,0.05,97779.65863193275,Uniform,30,8,23,0,0,23,0,0.0,0.0,0.0,0,29,97867.22109079361,1.0008955079214428,87.56245886086253,1,0,471,0,0.001922899391502142
osc_check,2010,0.05,97779.65863193275,FailRerun,30,8,23,0,0,23,0,0.0,0.0,0.0,0,40,97864.37193155289,1.0008663693533542,84.71329962013988,1,2,460,0,0.004146598279476166
osc_check,2010,0.05,97779.65863193275,APGAI,30,8,23,0,0,23,0,0.0,0.0,0.0,0,27,98071.5917122364,1.0029856217989324,291.93308030365733,1,0,473,0,0.0033103995956480503
osc_check,2010,0.05,97779.65863193275,ScoreCost,30,8,23,1,0,22,1,0.043478260869565216,1.0,0.125,1,26,98861.33668422699,1.011062403647429,1081.6780522942427,1,0,474,0,0.00379539979621768
osc_check,2010,0.05,97779.65863193275,ReproAlloc,30,8,23,1,0,22,1,0.043478260869565216,1.0,0.125,1,35,98284.79602503777,1.005166078509299,505.1373931050184,1,0,465,0,0.012115399353206158
osc_check,2010,0.05,97779.65863193275,ReproAlloc-OA,30,8,23,1,0,22,1,0.043478260869565216,1.0,0.125,1,31,102760.62290167809,1.0509407001357505,4980.964269745338,1,1,469,0,0.0104565997608006
osc_check,2010,0.05,97779.65863193275,ReproAlloc-Optimistic,30,8,23,1,0,22,1,0.043478260869565216,1.0,0.125,1,26,99575.08230304718,1.0183619343351653,1795.423671114433,1,0,474,0,0.026761199813336134
osc_check,2010,0.05,97779.65863193275,OptimisticScoreCost,30,8,23,2,0,21,2,0.08695652173913043,1.0,0.25,2,38,99380.79652523994,1.0163749589199762,1601.1378933071974,1,1,462,0,0.20136150065809488
osc_check,2010,0.1,195559.3172638655,Uniform,59,8,23,0,0,23,0,0.0,0.0,0.0,0,53,200428.37542414665,1.0248981139247455,4869.058160281158,1,0,447,0,0.0019082967191934586
osc_check,2010,0.1,195559.3172638655,FailRerun,59,8,23,3,0,20,3,0.13043478260869565,1.0,0.375,3,57,199559.8366947174,1.0204568081277052,4000.519430851913,1,2,443,0,0.0024163005873560905
osc_check,2010,0.1,195559.3172638655,APGAI,59,8,23,1,0,22,1,0.043478260869565216,1.0,0.125,1,59,196213.2169611454,1.0033437409499524,653.8996972799068,1,0,441,0,0.008708700072020292
osc_check,2010,0.1,195559.3172638655,ScoreCost,59,8,23,2,0,21,2,0.08695652173913043,1.0,0.25,2,57,195845.63797020912,1.0014641118119536,286.32070634362753,1,2,443,0,0.006305702030658722
osc_check,2010,0.1,195559.3172638655,ReproAlloc,59,8,23,1,0,22,1,0.043478260869565216,1.0,0.125,1,67,196605.3796095848,1.0053490795547617,1046.0623457193142,1,2,433,0,0.030240903608500957
osc_check,2010,0.1,195559.3172638655,ReproAlloc-OA,59,8,23,1,0,22,1,0.043478260869565216,1.0,0.125,1,68,196143.6826016903,1.0029881743606024,584.3653378247982,1,2,432,0,0.03243460273370147
osc_check,2010,0.1,195559.3172638655,ReproAlloc-Optimistic,59,8,23,3,0,20,3,0.13043478260869565,1.0,0.375,3,58,197156.33674645424,1.0081664198102815,1597.0194825887447,1,0,442,0,0.07321240147575736
osc_check,2010,0.1,195559.3172638655,OptimisticScoreCost,59,8,23,2,0,21,2,0.08695652173913043,1.0,0.25,2,69,195882.46533989906,1.0016524299662877,323.14807603356894,1,1,431,0,0.3617563024163246
osc_check,2010,0.2,391118.634527731,Uniform,116,8,23,0,0,23,0,0.0,0.0,0.0,0,109,393628.094332695,1.0064161090355466,2509.459804964019,1,1,391,0,0.005961501505225897
osc_check,2010,0.2,391118.634527731,FailRerun,116,8,23,4,0,19,4,0.17391304347826086,1.0,0.5,4,128,394512.9171886444,1.008678396683942,3394.282660913421,1,7,372,0,0.009698701091110706
osc_check,2010,0.2,391118.634527731,APGAI,116,8,23,5,0,18,5,0.21739130434782608,1.0,0.625,5,112,392732.8575205803,1.0041271953068625,1614.2229928493034,1,1,388,0,0.01041700504720211
osc_check,2010,0.2,391118.634527731,ScoreCost,116,8,23,3,0,20,3,0.13043478260869565,1.0,0.375,3,126,395088.9710326195,1.0101512332944265,3970.336504888488,1,3,374,0,0.011694799177348614
osc_check,2010,0.2,391118.634527731,ReproAlloc,116,8,23,3,0,20,3,0.13043478260869565,1.0,0.375,3,103,393779.4668776989,1.0068031336660317,2660.83234996791,1,3,397,0,0.036076797638088465
osc_check,2010,0.2,391118.634527731,ReproAlloc-OA,116,8,23,4,0,19,4,0.17391304347826086,1.0,0.5,4,114,394399.59172463417,1.0083886496506742,3280.957196903182,1,3,386,0,0.04875159729272127
osc_check,2010,0.2,391118.634527731,ReproAlloc-Optimistic,116,8,23,5,0,18,5,0.21739130434782608,1.0,0.625,5,109,391183.6333396435,1.0001661869473208,64.99881191249005,1,1,391,0,0.11642490327358246
osc_check,2010,0.2,391118.634527731,OptimisticScoreCost,116,8,23,4,0,19,4,0.17391304347826086,1.0,0.5,4,141,391388.68835639954,1.0006904652574138,270.0538286685478,1,2,359,0,0.636700595729053
osc_check,2011,0.05,97779.65863193275,Uniform,30,8,23,0,0,23,0,0.0,0.0,0.0,0,23,98346.82107543945,1.0058004134136083,567.162443506706,1,0,477,0,0.0007716002874076366
osc_check,2011,0.05,97779.65863193275,FailRerun,30,8,23,0,0,23,0,0.0,0.0,0.0,0,27,101614.30954885483,1.0392172663575834,3834.650916922081,1,2,473,0,0.0011924998834729195
osc_check,2011,0.05,97779.65863193275,APGAI,30,8,23,0,0,23,0,0.0,0.0,0.0,0,27,98413.44316363335,1.0064817625727895,633.7845317005995,1,0,473,0,0.0022461004555225372
osc_check,2011,0.05,97779.65863193275,ScoreCost,30,8,23,1,0,22,1,0.043478260869565216,1.0,0.125,1,30,99109.70197606087,1.0136024543625657,1330.0433441281202,1,0,470,0,0.0025408994406461716
osc_check,2011,0.05,97779.65863193275,ReproAlloc,30,8,23,2,0,21,2,0.08695652173913043,1.0,0.25,2,27,100908.00908756256,1.0319938778617106,3128.350455629814,1,0,473,0,0.005777702201157808
osc_check,2011,0.05,97779.65863193275,ReproAlloc-OA,30,8,23,1,0,22,1,0.043478260869565216,1.0,0.125,1,32,99631.64155483246,1.0189403701016286,1851.9829228997114,1,1,468,0,0.007469100411981344
osc_check,2011,0.05,97779.65863193275,ReproAlloc-Optimistic,30,8,23,1,0,22,1,0.043478260869565216,1.0,0.125,1,26,101401.75358986855,1.0370434404109579,3622.0949579357984,1,0,474,0,0.026732798665761948
osc_check,2011,0.05,97779.65863193275,OptimisticScoreCost,30,8,23,2,0,21,2,0.08695652173913043,1.0,0.25,2,31,99840.71818137169,1.0210786126508917,2061.0595494389418,1,0,469,0,0.1650479012168944
osc_check,2011,0.1,195559.3172638655,Uniform,59,8,23,0,0,23,0,0.0,0.0,0.0,0,54,196135.684176445,1.0029472741091738,576.3669125795132,1,0,446,0,0.003408700693398714
osc_check,2011,0.1,195559.3172638655,FailRerun,59,8,23,0,0,23,0,0.0,0.0,0.0,0,83,197341.98415732384,1.0091157349002862,1782.666893458343,1,5,417,0,0.007474500685930252
osc_check,2011,0.1,195559.3172638655,APGAI,59,8,23,2,0,21,2,0.08695652173913043,1.0,0.25,2,57,196843.02715682983,1.0065642993181054,1283.7098929643398,1,0,443,0,0.0053000012412667274
osc_check,2011,0.1,195559.3172638655,ScoreCost,59,8,23,3,0,20,3,0.13043478260869565,1.0,0.375,3,54,199841.98647522926,1.0218995917519247,4282.669211363769,1,0,446,0,0.004852099809795618
osc_check,2011,0.1,195559.3172638655,ReproAlloc,59,8,23,2,0,21,2,0.08695652173913043,1.0,0.25,2,59,196613.85409498215,1.0053924141578678,1054.536831116653,1,1,441,0,0.035998799838125706
osc_check,2011,0.1,195559.3172638655,ReproAlloc-OA,59,8,23,1,0,22,1,0.043478260869565216,1.0,0.125,1,62,200589.81315875053,1.0257236319152079,5030.49589488504,1,1,438,0,0.02901739999651909
osc_check,2011,0.1,195559.3172638655,ReproAlloc-Optimistic,59,8,23,4,0,19,4,0.17391304347826086,1.0,0.5,4,62,198745.59027576447,1.0162931281233702,3186.273011898971,1,0,438,0,0.0489555005915463
osc_check,2011,0.1,195559.3172638655,OptimisticScoreCost,59,8,23,4,0,19,4,0.17391304347826086,1.0,0.5,4,62,197415.33036017418,1.009490793495686,1856.013096308685,1,0,438,0,0.3203998999670148
osc_check,2011,0.2,391118.634527731,Uniform,116,8,23,1,0,22,1,0.043478260869565216,1.0,0.125,1,106,396655.7240025997,1.014157058718398,5537.089474868728,1,0,394,0,0.005203100852668285
osc_check,2011,0.2,391118.634527731,FailRerun,116,8,23,0,0,23,0,0.0,0.0,0.0,0,106,394916.6674540043,1.0097106928460704,3798.0329262732994,1,7,394,0,0.009482000023126602
osc_check,2011,0.2,391118.634527731,APGAI,116,8,23,6,0,17,6,0.2608695652173913,1.0,0.75,6,103,395430.11735868454,1.0110234656453012,4311.4828309535515,1,0,397,0,0.007672001142054796
osc_check,2011,0.2,391118.634527731,ScoreCost,116,8,23,6,0,17,6,0.2608695652173913,1.0,0.75,6,119,394281.6086089611,1.0080869940780228,3162.974081230117,1,1,381,0,0.010512700304389
osc_check,2011,0.2,391118.634527731,ReproAlloc,116,8,23,4,0,19,4,0.17391304347826086,1.0,0.5,4,95,392246.7926671505,1.0028844397577266,1128.158139419509,1,1,405,0,0.040069598238915205
osc_check,2011,0.2,391118.634527731,ReproAlloc-OA,116,8,23,5,0,18,5,0.21739130434782608,1.0,0.625,5,99,391474.3748497963,1.0009095458274313,355.7403220653068,1,2,401,0,0.043563900515437126
osc_check,2011,0.2,391118.634527731,ReproAlloc-Optimistic,116,8,23,6,0,17,6,0.2608695652173913,1.0,0.75,6,106,391957.62751173973,1.0021451112525535,838.9929840087425,1,0,394,0,0.14535760041326284
osc_check,2011,0.2,391118.634527731,OptimisticScoreCost,116,8,23,5,0,18,5,0.21739130434782608,1.0,0.625,5,134,391772.21239566803,1.001671047631689,653.5778679370414,1,1,366,0,0.6492623989470303
