time_frac,method,recall_mean,recall_sd,recall_lo,recall_hi
0.0,ScoreCost,0.0,0.0,0.0,0.0
0.001,ScoreCost,0.0,0.0,0.0,0.0
0.002,ScoreCost,0.0,0.0,0.0,0.0
0.003,ScoreCost,0.0,0.0,0.0,0.0
0.004,ScoreCost,0.0,0.0,0.0,0.0
0.005,ScoreCost,0.0,0.0,0.0,0.0
0.006,ScoreCost,0.0,0.0,0.0,0.0
0.007,ScoreCost,0.0,0.0,0.0,0.0
0.008,ScoreCost,0.0,0.0,0.0,0.0
0.009000000000000001,ScoreCost,0.0,0.0,0.0,0.0
0.01,ScoreCost,0.0,0.0,0.0,0.0
0.011,ScoreCost,0.0,0.0,0.0,0.0
0.012,ScoreCost,0.0,0.0,0.0,0.0
0.013000000000000001,ScoreCost,0.0,0.0,0.0,0.0
0.014,ScoreCost,0.0,0.0,0.0,0.0
0.015,ScoreCost,0.0,0.0,0.0,0.0
0.016,ScoreCost,0.0,0.0,0.0,0.0
0.017,ScoreCost,0.0,0.0,0.0,0.0
0.018000000000000002,ScoreCost,0.0008176946144596763,0.0027119862292570634,0.0,0.007113943145799181
0.019,ScoreCost,0.0026490573586408148,0.00878592930674152,0.0,0.023046799020175077
0.02,ScoreCost,0.00643202414090283,0.012862551028583016,0.0,0.03709669112751401
0.021,ScoreCost,0.010765973876924462,0.01864951554015325,0.0,0.043478260869565216
0.022,ScoreCost,0.010869565217391304,0.018826639212705186,0.0,0.043478260869565216
0.023,ScoreCost,0.010869565217391304,0.018826639212705186,0.0,0.043478260869565216
0.024,ScoreCost,0.010869565217391304,0.018826639212705186,0.0,0.043478260869565216
0.025,ScoreCost,0.010869565217391304,0.018826639212705186,0.0,0.043478260869565216
0.026000000000000002,ScoreCost,0.010869565217391304,0.018826639212705186,0.0,0.043478260869565216
0.027,ScoreCost,0.010869565217391304,0.018826639212705186,0.0,0.043478260869565216
0.028,ScoreCost,0.012092876171997063,0.018555592532957244,0.0,0.043478260869565216
0.029,ScoreCost,0.01371381540011146,0.01953453783571551,0.0,0.043478260869565216
0.03,ScoreCost,0.014492753623188406,0.020495848730044855,0.0,0.043478260869565216
0.031,ScoreCost,0.014691157665527615,0.020365705957862832,0.0,0.043478260869565216
0.032,ScoreCost,0.01706636914066956,0.020453379404967807,0.0,0.043478260869565216
0.033,ScoreCost,0.0193984407505781,0.02076265362450337,0.0,0.043478260869565216
0.034,ScoreCost,0.02080736433064321,0.021014953987966628,0.0,0.043478260869565216
0.035,ScoreCost,0.021739130434782608,0.02173913043478261,0.0,0.043478260869565216
0.036000000000000004,ScoreCost,0.021739130434782608,0.02173913043478261,0.0,0.043478260869565216
0.037,ScoreCost,0.022249380364867694,0.02129011313718752,0.0,0.043478260869565216
0.038,ScoreCost,0.02383881999704282,0.02073148813674378,0.0,0.043478260869565216
0.039,ScoreCost,0.025362318840579712,0.02143507167789716,0.0,0.043478260869565216
0.04,ScoreCost,0.025362318840579712,0.02143507167789716,0.0,0.043478260869565216
0.041,ScoreCost,0.025362318840579712,0.02143507167789716,0.0,0.043478260869565216
0.042,ScoreCost,0.02786643164962262,0.02003543045331638,0.0,0.043478260869565216
0.043000000000000003,ScoreCost,0.028985507246376812,0.020495848730044855,0.0,0.043478260869565216
0.044,ScoreCost,0.03066262106143902,0.022352441209849166,0.0,0.05806915106060642
0.045,ScoreCost,0.03404003984387169,0.024468140087142848,0.0,0.07499999999999998
0.046,ScoreCost,0.036231884057971016,0.02403351297358985,0.0,0.07499999999999998
0.047,ScoreCost,0.03764344069767633,0.022298888906123675,0.0,0.07499999999999998
0.048,ScoreCost,0.0412107530153896,0.02189758111489261,0.0,0.07792006056687574
0.049,ScoreCost,0.04542230318033911,0.025634555836398915,0.0,0.08521978752597686
0.05,ScoreCost,0.047101449275362306,0.02783023821691525,0.0,0.08695652173913043
0.051000000000000004,ScoreCost,0.047101449275362306,0.02783023821691525,0.0,0.08695652173913043
0.052000000000000005,ScoreCost,0.047101449275362306,0.02783023821691525,0.0,0.08695652173913043
0.053,ScoreCost,0.047101449275362306,0.02783023821691525,0.0,0.08695652173913043
0.054,ScoreCost,0.047101449275362306,0.02783023821691525,0.0,0.08695652173913043
0.055,ScoreCost,0.047101449275362306,0.02783023821691525,0.0,0.08695652173913043
0.056,ScoreCost,0.04861137472730543,0.027147376861387768,0.0013337543734780446,0.08695652173913043
0.057,ScoreCost,0.05650249248568847,0.026251738368951366,0.010768546074930573,0.08695652173913043
0.058,ScoreCost,0.057971014492753624,0.02711345932444885,0.011956521739130435,0.08695652173913043
0.059000000000000004,ScoreCost,0.058419250010460964,0.02691388876704054,0.011956521739130435,0.08695652173913043
0.06,ScoreCost,0.06004018923857535,0.026874893904269042,0.011956521739130435,0.08695652173913043
0.061,ScoreCost,0.06159420289855072,0.027830238216915246,0.011956521739130435,0.08695652173913043
0.062,ScoreCost,0.06159420289855072,0.027830238216915246,0.011956521739130435,0.08695652173913043
0.063,ScoreCost,0.06159420289855072,0.027830238216915246,0.011956521739130435,0.08695652173913043
0.064,ScoreCost,0.06319755633210321,0.027289335060854018,0.011956521739130435,0.08695652173913043
0.065,ScoreCost,0.0651970680245978,0.028049430938401496,0.011956521739130435,0.08695652173913043
0.066,ScoreCost,0.06650762318716481,0.025252132973472164,0.02318153911963845,0.08695652173913043
0.067,ScoreCost,0.06793980778708149,0.022673308490348612,0.03564154513891355,0.08695652173913043
0.068,ScoreCost,0.06920859781365478,0.021778110516383512,0.043478260869565216,0.09015827923966632
0.069,ScoreCost,0.0719078961559883,0.024880908077874873,0.043478260869565216,0.10667415110171849
0.07,ScoreCost,0.07478782300615623,0.0292039685311609,0.043478260869565216,0.12378609703962426
0.07100000000000001,ScoreCost,0.07608695652173912,0.03137773202117531,0.043478260869565216,0.13043478260869565
0.07200000000000001,ScoreCost,0.07608695652173912,0.03137773202117531,0.043478260869565216,0.13043478260869565
0.073,ScoreCost,0.0778061208611764,0.030082444043612048,0.043478260869565216,0.13043478260869565
0.074,ScoreCost,0.07971014492753621,0.029877576997229423,0.043478260869565216,0.13043478260869565
0.075,ScoreCost,0.07971014492753621,0.029877576997229423,0.043478260869565216,0.13043478260869565
0.076,ScoreCost,0.07971014492753621,0.029877576997229423,0.043478260869565216,0.13043478260869565
0.077,ScoreCost,0.08125939632977652,0.028404348115049445,0.043478260869565216,0.13043478260869565
0.078,ScoreCost,0.08333333333333331,0.02783023821691525,0.043478260869565216,0.13043478260869565
0.079,ScoreCost,0.08384004371108526,0.02714694294095548,0.043478260869565216,0.13043478260869565
0.08,ScoreCost,0.08667494045777163,0.025119551965460094,0.043478260869565216,0.13043478260869565
0.081,ScoreCost,0.08695652173913042,0.025102185616940248,0.043478260869565216,0.13043478260869565
0.082,ScoreCost,0.08695652173913042,0.025102185616940248,0.043478260869565216,0.13043478260869565
0.083,ScoreCost,0.08695652173913042,0.025102185616940248,0.043478260869565216,0.13043478260869565
0.084,ScoreCost,0.08695652173913042,0.025102185616940248,0.043478260869565216,0.13043478260869565
0.085,ScoreCost,0.08695652173913042,0.025102185616940248,0.043478260869565216,0.13043478260869565
0.08600000000000001,ScoreCost,0.08695652173913042,0.025102185616940248,0.043478260869565216,0.13043478260869565
0.08700000000000001,ScoreCost,0.0898245048949718,0.026843962523282798,0.043478260869565216,0.13043478260869565
0.088,ScoreCost,0.09057971014492751,0.027830238216915243,0.043478260869565216,0.13043478260869565
0.089,ScoreCost,0.0907013873086091,0.027817320131289146,0.043478260869565216,0.13043478260869565
0.09,ScoreCost,0.09420289855072463,0.029877576997229423,0.043478260869565216,0.13043478260869565
0.091,ScoreCost,0.09420289855072463,0.029877576997229423,0.043478260869565216,0.13043478260869565
0.092,ScoreCost,0.09420289855072463,0.029877576997229423,0.043478260869565216,0.13043478260869565
0.093,ScoreCost,0.09420289855072463,0.029877576997229423,0.043478260869565216,0.13043478260869565
0.094,ScoreCost,0.09420289855072463,0.029877576997229423,0.043478260869565216,0.13043478260869565
0.095,ScoreCost,0.09625457220018528,0.027033901209600315,0.05024878391278532,0.13043478260869565
0.096,ScoreCost,0.09782608695652173,0.02587474068312627,0.05543478260869565,0.13043478260869565
0.097,ScoreCost,0.09983833747879634,0.025890119788370643,0.05543478260869565,0.13043478260869565
0.098,ScoreCost,0.10222092930925836,0.02682019469392294,0.05543478260869565,0.13043478260869565
0.099,ScoreCost,0.10507246376811595,0.027830238216915246,0.05543478260869565,0.13043478260869565
0.1,ScoreCost,0.10882098285884982,0.02692639834146047,0.05543478260869565,0.13043478260869565
0.101,ScoreCost,0.11227727058690222,0.027803507130537794,0.05543478260869565,0.13043478260869565
0.10200000000000001,ScoreCost,0.11231884057971013,0.02783023821691525,0.05543478260869565,0.13043478260869565
0.10300000000000001,ScoreCost,0.11231884057971013,0.02783023821691525,0.05543478260869565,0.13043478260869565
0.10400000000000001,ScoreCost,0.11231884057971013,0.02783023821691525,0.05543478260869565,0.13043478260869565
0.105,ScoreCost,0.11300174097544617,0.027294911000398592,0.05543478260869565,0.13043478260869565
0.106,ScoreCost,0.11475856746662312,0.026762713557122585,0.05543478260869565,0.13043478260869565
0.107,ScoreCost,0.11660945073671596,0.027556944755876774,0.05543478260869565,0.13624135184421157
0.108,ScoreCost,0.11808045400681878,0.029110556294565833,0.05543478260869565,0.14903908029410617
0.109,ScoreCost,0.11955145727692162,0.03135392295924227,0.05543478260869565,0.1618368087440008
0.11,ScoreCost,0.11956521739130432,0.03137773202117531,0.05543478260869565,0.16195652173913042
0.111,ScoreCost,0.11974712682080142,0.03144647231493199,0.05543478260869565,0.16255682285647083
0.112,ScoreCost,0.12270518246447919,0.034077490581723276,0.05543478260869565,0.17231840648060748
0.113,ScoreCost,0.12318840579710144,0.034752402342845795,0.05543478260869565,0.17391304347826086
0.114,ScoreCost,0.12318840579710144,0.034752402342845795,0.05543478260869565,0.17391304347826086
0.115,ScoreCost,0.12318840579710144,0.034752402342845795,0.05543478260869565,0.17391304347826086
0.116,ScoreCost,0.12318840579710144,0.034752402342845795,0.05543478260869565,0.17391304347826086
0.117,ScoreCost,0.12318840579710144,0.034752402342845795,0.05543478260869565,0.17391304347826086
0.11800000000000001,ScoreCost,0.12385980170553657,0.03325137343619499,0.06127592701208127,0.17391304347826086
0.11900000000000001,ScoreCost,0.1262350131806785,0.02870781110570611,0.08194026684581615,0.17391304347826086
0.12,ScoreCost,0.12681159420289853,0.02783023821691525,0.08695652173913043,0.17391304347826086
0.121,ScoreCost,0.12681159420289853,0.02783023821691525,0.08695652173913043,0.17391304347826086
0.122,ScoreCost,0.12681159420289853,0.02783023821691525,0.08695652173913043,0.17391304347826086
0.123,ScoreCost,0.12737699685285866,0.02707342449269977,0.08695652173913043,0.17391304347826086
0.124,ScoreCost,0.1294598439140471,0.025309588751871774,0.08695652173913043,0.17391304347826086
0.125,ScoreCost,0.13043478260869565,0.025102185616940248,0.08695652173913043,0.17391304347826086
0.126,ScoreCost,0.13043478260869565,0.025102185616940248,0.08695652173913043,0.17391304347826086
0.127,ScoreCost,0.13087070550806423,0.02514378728957623,0.08695652173913043,0.17391304347826086
0.128,ScoreCost,0.1337681110822154,0.027428845921465102,0.08695652173913043,0.17391304347826086
0.129,ScoreCost,0.1340948031595345,0.02782571081364302,0.08695652173913043,0.17391304347826086
0.13,ScoreCost,0.13597191629966524,0.028301025468666155,0.08695652173913043,0.17391304347826086
0.131,ScoreCost,0.13781980482464082,0.030048757439971218,0.08695652173913043,0.1751192584961142
0.132,ScoreCost,0.13900847730777574,0.03175266230348457,0.08695652173913043,0.1854607090993879
0.133,ScoreCost,0.1401971497909106,0.03383223363923228,0.08695652173913043,0.19580215970266157
0.134,ScoreCost,0.14130434782608695,0.036050269460384775,0.08695652173913043,0.20543478260869563
0.135,ScoreCost,0.14130434782608695,0.036050269460384775,0.08695652173913043,0.20543478260869563
0.136,ScoreCost,0.14130434782608695,0.036050269460384775,0.08695652173913043,0.20543478260869563
0.137,ScoreCost,0.14258358215679556,0.035913971256266324,0.08695652173913043,0.20543478260869563
0.138,ScoreCost,0.1442175282691515,0.036464294066482404,0.08695652173913043,0.20543478260869563
0.139,ScoreCost,0.14492753623188406,0.03694941676516511,0.08695652173913043,0.20543478260869563
0.14,ScoreCost,0.14621993183905377,0.036690214056459364,0.08695652173913043,0.20543478260869563
0.14100000000000001,ScoreCost,0.14789750573213764,0.03688028262504079,0.08695652173913043,0.20543478260869563
0.14200000000000002,ScoreCost,0.15096435312852696,0.037165484010413204,0.08695652173913043,0.20543478260869563
0.14300000000000002,ScoreCost,0.15217391304347827,0.03765327842541037,0.08695652173913043,0.20543478260869563
0.14400000000000002,ScoreCost,0.15217391304347827,0.03765327842541037,0.08695652173913043,0.20543478260869563
0.145,ScoreCost,0.15217391304347827,0.03765327842541037,0.08695652173913043,0.20543478260869563
0.146,ScoreCost,0.15217391304347827,0.03765327842541037,0.08695652173913043,0.20543478260869563
0.147,ScoreCost,0.15217391304347827,0.03765327842541037,0.08695652173913043,0.20543478260869563
0.148,ScoreCost,0.15217391304347827,0.03765327842541037,0.08695652173913043,0.20543478260869563
0.149,ScoreCost,0.15217391304347827,0.03765327842541037,0.08695652173913043,0.20543478260869563
0.15,ScoreCost,0.15217391304347827,0.03765327842541037,0.08695652173913043,0.20543478260869563
0.151,ScoreCost,0.15292844769248223,0.03640898736809278,0.08944648608084343,0.20543478260869563
0.152,ScoreCost,0.1540945474782406,0.0347538349562234,0.09329461537384619,0.20543478260869563
0.153,ScoreCost,0.15526064726399902,0.03346578967821468,0.09714274466684894,0.20543478260869563
0.154,ScoreCost,0.1562767295855391,0.033309012687980026,0.09891304347826087,0.20701755545836603
0.155,ScoreCost,0.1580357293735579,0.0350116799483059,0.09891304347826087,0.21282225475882804
0.156,ScoreCost,0.15942028985507242,0.03694941676516511,0.09891304347826087,0.21739130434782608
0.157,ScoreCost,0.15942028985507242,0.03694941676516511,0.09891304347826087,0.21739130434782608
0.158,ScoreCost,0.16002126567482067,0.035806903603773976,0.10414153311007027,0.21739130434782608
0.159,ScoreCost,0.16257842876797432,0.03189467608999958,0.12638885202050712,0.21739130434782608
0.16,ScoreCost,0.16311431108288732,0.0314031383929222,0.13043478260869565,0.21739130434782608
0.161,ScoreCost,0.1659167433243668,0.033731832505187326,0.13043478260869565,0.21739130434782608
0.162,ScoreCost,0.16666666666666663,0.034752402342845795,0.13043478260869565,0.21739130434782608
0.163,ScoreCost,0.16666666666666663,0.034752402342845795,0.13043478260869565,0.21739130434782608
0.164,ScoreCost,0.16666666666666663,0.034752402342845795,0.13043478260869565,0.21739130434782608
0.165,ScoreCost,0.16666666666666663,0.034752402342845795,0.13043478260869565,0.21739130434782608
0.166,ScoreCost,0.17035312075120024,0.0320395072029819,0.13043478260869565,0.21739130434782608
0.167,ScoreCost,0.17379299413401683,0.030746351237448823,0.13043478260869565,0.21739130434782608
0.168,ScoreCost,0.17391304347826086,0.030743773095067282,0.13043478260869565,0.21739130434782608
0.169,ScoreCost,0.17391304347826086,0.030743773095067282,0.13043478260869565,0.21739130434782608
0.17,ScoreCost,0.17491867722227505,0.03092416329699291,0.13043478260869565,0.21739130434782608
0.171,ScoreCost,0.17709883464457674,0.0325087911653159,0.13043478260869565,0.21739130434782608
0.17200000000000001,ScoreCost,0.17753623188405795,0.033008817315740215,0.13043478260869565,0.21739130434782608
0.17300000000000001,ScoreCost,0.17753623188405795,0.033008817315740215,0.13043478260869565,0.21739130434782608
0.17400000000000002,ScoreCost,0.17753623188405795,0.033008817315740215,0.13043478260869565,0.21739130434782608
0.17500000000000002,ScoreCost,0.17834956639407137,0.03302975833286473,0.13043478260869565,0.21739130434782608
0.176,ScoreCost,0.1804022730528576,0.034046581592151744,0.13043478260869565,0.21739130434782608
0.177,ScoreCost,0.18235807802715054,0.03619935509104758,0.13043478260869565,0.22781962666229658
0.178,ScoreCost,0.18634700080953973,0.038360913936078295,0.13043478260869565,0.24891304347826085
0.179,ScoreCost,0.18804261781238643,0.03711114692860859,0.13043478260869565,0.24891304347826085
0.18,ScoreCost,0.18840579710144925,0.03694941676516511,0.13043478260869565,0.24891304347826085
0.181,ScoreCost,0.1890201430527213,0.03676416598659317,0.13043478260869565,0.24891304347826085
0.182,ScoreCost,0.19100947254309666,0.03693725666267861,0.13043478260869565,0.24891304347826085
0.183,ScoreCost,0.19202898550724637,0.03747855229271232,0.13043478260869565,0.24891304347826085
0.184,ScoreCost,0.19202898550724637,0.03747855229271232,0.13043478260869565,0.24891304347826085
0.185,ScoreCost,0.19202898550724637,0.03747855229271232,0.13043478260869565,0.24891304347826085
0.186,ScoreCost,0.19202898550724637,0.03747855229271232,0.13043478260869565,0.24891304347826085
0.187,ScoreCost,0.19202898550724637,0.03747855229271232,0.13043478260869565,0.24891304347826085
0.188,ScoreCost,0.19202898550724637,0.03747855229271232,0.13043478260869565,0.24891304347826085
0.189,ScoreCost,0.1932084060589355,0.03711078838408579,0.13043478260869565,0.24891304347826085
0.19,ScoreCost,0.1952978214239748,0.03746657135065295,0.13043478260869565,0.24891304347826085
0.191,ScoreCost,0.19565217391304346,0.03765327842541037,0.13043478260869565,0.24891304347826085
0.192,ScoreCost,0.19565217391304346,0.03765327842541037,0.13043478260869565,0.24891304347826085
0.193,ScoreCost,0.196354221117759,0.03731845599333181,0.13043478260869565,0.24891304347826085
0.194,ScoreCost,0.19841991316164487,0.03717118606047677,0.13043478260869565,0.24891304347826085
0.195,ScoreCost,0.1992753623188406,0.03747855229271232,0.13043478260869565,0.24891304347826085
0.196,ScoreCost,0.1992753623188406,0.03747855229271232,0.13043478260869565,0.24891304347826085
0.197,ScoreCost,0.1992753623188406,0.03747855229271232,0.13043478260869565,0.24891304347826085
0.198,ScoreCost,0.20276900508314935,0.03720178670657467,0.13043478260869565,0.2518862978650797
0.199,ScoreCost,0.20559478830923897,0.03903047375540117,0.13043478260869565,0.25781062750744504
0.2,ScoreCost,0.2065217391304348,0.040183103284092095,0.13043478260869565,0.2608695652173913
0.0,ReproAlloc,0.0,0.0,0.0,0.0
0.001,ReproAlloc,0.0,0.0,0.0,0.0
0.002,ReproAlloc,0.0,0.0,0.0,0.0
0.003,ReproAlloc,0.0,0.0,0.0,0.0
0.004,ReproAlloc,0.0,0.0,0.0,0.0
0.005,ReproAlloc,0.0,0.0,0.0,0.0
0.006,ReproAlloc,0.0,0.0,0.0,0.0
0.007,ReproAlloc,0.0,0.0,0.0,0.0
0.008,ReproAlloc,0.0,0.0,0.0,0.0
0.009000000000000001,ReproAlloc,0.0,0.0,0.0,0.0
0.01,ReproAlloc,0.0,0.0,0.0,0.0
0.011,ReproAlloc,0.0,0.0,0.0,0.0
0.012,ReproAlloc,0.0,0.0,0.0,0.0
0.013000000000000001,ReproAlloc,0.0,0.0,0.0,0.0
0.014,ReproAlloc,0.0007089054592860832,0.0023511734202865046,0.0,0.006167477495788921
0.015,ReproAlloc,0.0029201563000248953,0.008912313859783194,0.0,0.024206984518253857
0.016,ReproAlloc,0.007284862072378347,0.013598635089386418,0.0,0.03764610175740872
0.017,ReproAlloc,0.010736190386669493,0.01859945329358376,0.0,0.043478260869565216
0.018000000000000002,ReproAlloc,0.010869565217391304,0.018826639212705186,0.0,0.043478260869565216
0.019,ReproAlloc,0.010869565217391304,0.018826639212705186,0.0,0.043478260869565216
0.02,ReproAlloc,0.010869565217391304,0.018826639212705186,0.0,0.043478260869565216
0.021,ReproAlloc,0.010869565217391304,0.018826639212705186,0.0,0.043478260869565216
0.022,ReproAlloc,0.010869565217391304,0.018826639212705186,0.0,0.043478260869565216
0.023,ReproAlloc,0.010869565217391304,0.018826639212705186,0.0,0.043478260869565216
0.024,ReproAlloc,0.010869565217391304,0.018826639212705186,0.0,0.043478260869565216
0.025,ReproAlloc,0.010869565217391304,0.018826639212705186,0.0,0.043478260869565216
0.026000000000000002,ReproAlloc,0.013174330116627943,0.01904652495673793,0.0,0.043478260869565216
0.027,ReproAlloc,0.014492753623188406,0.020495848730044855,0.0,0.043478260869565216
0.028,ReproAlloc,0.015554815666505017,0.022227378677940966,0.0,0.052718200646419744
0.029,ReproAlloc,0.01793002714164696,0.027373443147815025,0.0,0.07338254048015462
0.03,ReproAlloc,0.018115942028985508,0.02783023821691525,0.0,0.07499999999999998
0.031,ReproAlloc,0.018495790266787358,0.028202428175033947,0.0,0.07625349918474608
0.032,ReproAlloc,0.020254790054806123,0.030550545494772884,0.0,0.08205819848520803
0.033,ReproAlloc,0.021739130434782608,0.03320707025330318,0.0,0.08695652173913043
0.034,ReproAlloc,0.02246388016055602,0.032817320746529356,0.0,0.08695652173913043
0.035,ReproAlloc,0.024961295895575348,0.03189981757121715,0.0,0.08695652173913043
0.036000000000000004,ReproAlloc,0.0285751884472476,0.032251483935980776,0.0,0.08695652173913043
0.037,ReproAlloc,0.028985507246376812,0.03240678228260565,0.0,0.08695652173913043
0.038,ReproAlloc,0.028985507246376812,0.03240678228260565,0.0,0.08695652173913043
0.039,ReproAlloc,0.028985507246376812,0.03240678228260565,0.0,0.08695652173913043
0.04,ReproAlloc,0.028985507246376812,0.03240678228260565,0.0,0.08695652173913043
0.041,ReproAlloc,0.028985507246376812,0.03240678228260565,0.0,0.08695652173913043
0.042,ReproAlloc,0.030254784417788737,0.03145614690479618,0.0,0.08695652173913043
0.043000000000000003,ReproAlloc,0.03486321252122904,0.02988229269166605,0.0,0.08695652173913043
0.044,ReproAlloc,0.03623188405797101,0.029877576997229423,0.0,0.08695652173913043
0.045,ReproAlloc,0.037110195250436594,0.03023052250625482,0.0,0.08695652173913043
0.046,ReproAlloc,0.038731134478550984,0.031584797088566985,0.0,0.08695652173913043
0.047,ReproAlloc,0.039855072463768106,0.033008817315740215,0.0,0.08695652173913043
0.048,ReproAlloc,0.039855072463768106,0.033008817315740215,0.0,0.08695652173913043
0.049,ReproAlloc,0.039855072463768106,0.033008817315740215,0.0,0.08695652173913043
0.05,ReproAlloc,0.039855072463768106,0.033008817315740215,0.0,0.08695652173913043
0.051000000000000004,ReproAlloc,0.04193013587354833,0.03650238044514981,0.0,0.10500957340421843
0.052000000000000005,ReproAlloc,0.04347826086956521,0.039690040398925076,0.0,0.1184782608695652
0.053,ReproAlloc,0.04494646852264078,0.039987639061419354,0.0,0.1184782608695652
0.054,ReproAlloc,0.047101449275362306,0.04146928674731738,0.0,0.1184782608695652
0.055,ReproAlloc,0.047101449275362306,0.04146928674731738,0.0,0.1184782608695652
0.056,ReproAlloc,0.047101449275362306,0.04146928674731738,0.0,0.1184782608695652
0.057,ReproAlloc,0.04843724648385587,0.04158906045367007,0.0,0.1184782608695652
0.058,ReproAlloc,0.05072463768115942,0.04287014335579432,0.0,0.1184782608695652
0.059000000000000004,ReproAlloc,0.05117333115753082,0.042820100087857034,0.0,0.1184782608695652
0.06,ReproAlloc,0.05322603781631707,0.0432483993284415,0.0,0.1184782608695652
0.061,ReproAlloc,0.05490749789428201,0.043270698130075745,0.0,0.1184782608695652
0.062,ReproAlloc,0.05612807966777852,0.042084417042934155,0.0,0.1184782608695652
0.063,ReproAlloc,0.05734866144127502,0.04126280451048492,0.0,0.1184782608695652
0.064,ReproAlloc,0.05908101094794469,0.04306670785621301,0.0,0.12813523002972768
0.065,ReproAlloc,0.06145622242308665,0.048156362785749654,0.0,0.14879956986346257
0.066,ReproAlloc,0.06159420289855072,0.04847495710239004,0.0,0.14999999999999997
0.067,ReproAlloc,0.06259690407301428,0.047300737975252374,0.0,0.14999999999999997
0.068,ReproAlloc,0.0642096102379291,0.04585714248064428,0.0,0.14999999999999997
0.069,ReproAlloc,0.06787520725187063,0.045532139427364386,0.0,0.1539916667902399
0.07,ReproAlloc,0.07145909928725241,0.04695805143911775,0.0,0.15864111460445476
0.07100000000000001,ReproAlloc,0.07246376811594202,0.04806702594717971,0.0,0.16195652173913042
0.07200000000000001,ReproAlloc,0.07246376811594202,0.04806702594717971,0.0,0.16195652173913042
0.073,ReproAlloc,0.07246376811594202,0.04806702594717971,0.0,0.16195652173913042
0.074,ReproAlloc,0.07246376811594202,0.04806702594717971,0.0,0.16195652173913042
0.075,ReproAlloc,0.07246376811594202,0.04806702594717971,0.0,0.16195652173913042
0.076,ReproAlloc,0.07246376811594202,0.04806702594717971,0.0,0.16195652173913042
0.077,ReproAlloc,0.07246376811594202,0.04806702594717971,0.0,0.16195652173913042
0.078,ReproAlloc,0.07246376811594202,0.04806702594717971,0.0,0.16195652173913042
0.079,ReproAlloc,0.07462991076303788,0.0472914306218571,0.0,0.16195652173913042
0.08,ReproAlloc,0.07608695652173912,0.04737933634283341,0.0,0.16195652173913042
0.081,ReproAlloc,0.07608695652173912,0.04737933634283341,0.0,0.16195652173913042
0.082,ReproAlloc,0.07608695652173912,0.04737933634283341,0.0,0.16195652173913042
0.083,ReproAlloc,0.07608695652173912,0.04737933634283341,0.0,0.16195652173913042
0.084,ReproAlloc,0.07608695652173912,0.04737933634283341,0.0,0.16195652173913042
0.085,ReproAlloc,0.0776329754237972,0.04800731754383434,0.0,0.16195652173913042
0.08600000000000001,ReproAlloc,0.08022807271058625,0.048885286199645765,0.0,0.16195652173913042
0.08700000000000001,ReproAlloc,0.08178092038183106,0.0486321081442773,0.0,0.16195652173913042
0.088,ReproAlloc,0.08305184995611418,0.04846290636424091,0.0,0.16195652173913042
0.089,ReproAlloc,0.08333333333333333,0.04847495710239004,0.0,0.16195652173913042
0.09,ReproAlloc,0.08333333333333333,0.04847495710239004,0.0,0.16195652173913042
0.091,ReproAlloc,0.08333333333333333,0.04847495710239004,0.0,0.16195652173913042
0.092,ReproAlloc,0.08400415128437015,0.04857604790101305,0.0,0.16195652173913042
0.093,ReproAlloc,0.08598023782195545,0.049457750358039725,0.0,0.16195652173913042
0.094,ReproAlloc,0.08727543226618384,0.05076475484539768,0.0,0.16473104332449529
0.095,ReproAlloc,0.08837556108402395,0.05281494808821679,0.0,0.17430216403970417
0.096,ReproAlloc,0.08947568990186405,0.0550309311547358,0.0,0.18387328475491302
0.097,ReproAlloc,0.09195523256795878,0.05536300020768781,0.004552065699240265,0.1934444054701219
0.098,ReproAlloc,0.09404197105437061,0.05291162091269022,0.011425461001162167,0.19347826086956518
0.099,ReproAlloc,0.09420289855072461,0.05275441948753999,0.011956521739130435,0.19347826086956518
0.1,ReproAlloc,0.09420289855072461,0.05275441948753999,0.011956521739130435,0.19347826086956518
0.101,ReproAlloc,0.09420289855072461,0.05275441948753999,0.011956521739130435,0.19347826086956518
0.10200000000000001,ReproAlloc,0.09547619826092985,0.05060598721781026,0.023034229217915855,0.19347826086956518
0.10300000000000001,ReproAlloc,0.09782608695652173,0.04737933634283341,0.043478260869565216,0.19347826086956518
0.10400000000000001,ReproAlloc,0.09782608695652173,0.04737933634283341,0.043478260869565216,0.19347826086956518
0.105,ReproAlloc,0.09782608695652173,0.04737933634283341,0.043478260869565216,0.19347826086956518
0.106,ReproAlloc,0.09782608695652173,0.04737933634283341,0.043478260869565216,0.19347826086956518
0.107,ReproAlloc,0.09782608695652173,0.04737933634283341,0.043478260869565216,0.19347826086956518
0.108,ReproAlloc,0.09782608695652173,0.04737933634283341,0.043478260869565216,0.19347826086956518
0.109,ReproAlloc,0.09857592488310718,0.04795715600239347,0.043478260869565216,0.19595272602729713
0.11,ReproAlloc,0.10004692815321,0.04943574085079088,0.043478260869565216,0.20080703681863646
0.111,ReproAlloc,0.10144927536231885,0.05123962182511214,0.043478260869565216,0.20543478260869563
0.112,ReproAlloc,0.10144927536231885,0.05123962182511214,0.043478260869565216,0.20543478260869563
0.113,ReproAlloc,0.10144927536231885,0.05123962182511214,0.043478260869565216,0.20543478260869563
0.114,ReproAlloc,0.10144927536231885,0.05123962182511214,0.043478260869565216,0.20543478260869563
0.115,ReproAlloc,0.10144927536231885,0.05123962182511214,0.043478260869565216,0.20543478260869563
0.116,ReproAlloc,0.10144927536231885,0.05123962182511214,0.043478260869565216,0.20543478260869563
0.117,ReproAlloc,0.10144927536231885,0.05123962182511214,0.043478260869565216,0.20543478260869563
0.11800000000000001,ReproAlloc,0.10231418471078817,0.0510750208867775,0.043478260869565216,0.20543478260869563
0.11900000000000001,ReproAlloc,0.10393512393890254,0.05119979626378684,0.043478260869565216,0.20543478260869563
0.12,ReproAlloc,0.10507246376811592,0.05162248858251814,0.043478260869565216,0.20543478260869563
0.121,ReproAlloc,0.10507246376811592,0.05162248858251814,0.043478260869565216,0.20543478260869563
0.122,ReproAlloc,0.10507246376811592,0.05162248858251814,0.043478260869565216,0.20543478260869563
0.123,ReproAlloc,0.10507246376811592,0.05162248858251814,0.043478260869565216,0.20543478260869563
0.124,ReproAlloc,0.10507246376811592,0.05162248858251814,0.043478260869565216,0.20543478260869563
0.125,ReproAlloc,0.10644439270034149,0.05248977047396484,0.043478260869565216,0.20543478260869563
0.126,ReproAlloc,0.1086126318980201,0.05461058292528907,0.043478260869565216,0.20543478260869563
0.127,ReproAlloc,0.10869565217391304,0.054708945183121374,0.043478260869565216,0.20543478260869563
0.128,ReproAlloc,0.10869565217391304,0.054708945183121374,0.043478260869565216,0.20543478260869563
0.129,ReproAlloc,0.10869565217391304,0.054708945183121374,0.043478260869565216,0.20543478260869563
0.13,ReproAlloc,0.1096159894763028,0.05368744653396888,0.043478260869565216,0.20543478260869563
0.131,ReproAlloc,0.11086181673840323,0.05255606946025191,0.043478260869565216,0.20543478260869563
0.132,ReproAlloc,0.11210764400050366,0.05173088865810945,0.043478260869565216,0.20543478260869563
0.133,ReproAlloc,0.11351078197341409,0.05218903694243713,0.043478260869565216,0.20543478260869563
0.134,ReproAlloc,0.11594202898550725,0.0542269186488977,0.043478260869565216,0.20543478260869563
0.135,ReproAlloc,0.11594202898550725,0.0542269186488977,0.043478260869565216,0.20543478260869563
0.136,ReproAlloc,0.11700839977899431,0.053000050871423864,0.046466800467989636,0.20543478260869563
0.137,ReproAlloc,0.11933694507982995,0.05118970021624059,0.05052057486187497,0.20543478260869563
0.138,ReproAlloc,0.12166549038066561,0.04986165008264825,0.05457434925576032,0.20543478260869563
0.139,ReproAlloc,0.1230263565781831,0.04965792216889402,0.05543478260869565,0.20543478260869563
0.14,ReproAlloc,0.12318840579710144,0.049678656524645246,0.05543478260869565,0.20543478260869563
0.14100000000000001,ReproAlloc,0.12318840579710144,0.049678656524645246,0.05543478260869565,0.20543478260869563
0.14200000000000002,ReproAlloc,0.12318840579710144,0.049678656524645246,0.05543478260869565,0.20543478260869563
0.14300000000000002,ReproAlloc,0.12356968042208742,0.04907937526701281,0.05875187184607368,0.20543478260869563
0.14400000000000002,ReproAlloc,0.1264287082104064,0.04546310725382593,0.08362541360444879,0.20543478260869563
0.145,ReproAlloc,0.12681159420289853,0.04510833187677077,0.08695652173913043,0.20543478260869563
0.146,ReproAlloc,0.12681159420289853,0.04510833187677077,0.08695652173913043,0.20543478260869563
0.147,ReproAlloc,0.12681159420289853,0.04510833187677077,0.08695652173913043,0.20543478260869563
0.148,ReproAlloc,0.1274279503283742,0.04520405730736734,0.08695652173913043,0.20543478260869563
0.149,ReproAlloc,0.12886013492829093,0.0457795567131715,0.08695652173913043,0.20543478260869563
0.15,ReproAlloc,0.1302923195282076,0.046832191798830726,0.08695652173913043,0.20543478260869563
0.151,ReproAlloc,0.13043478260869565,0.046961889118897544,0.08695652173913043,0.20543478260869563
0.152,ReproAlloc,0.13043478260869565,0.046961889118897544,0.08695652173913043,0.20543478260869563
0.153,ReproAlloc,0.13043478260869565,0.046961889118897544,0.08695652173913043,0.20543478260869563
0.154,ReproAlloc,0.13043478260869565,0.046961889118897544,0.08695652173913043,0.20543478260869563
0.155,ReproAlloc,0.1313092132385388,0.046236268250506495,0.08695652173913043,0.20543478260869563
0.156,ReproAlloc,0.13249138150674947,0.04553141697916479,0.08695652173913043,0.20543478260869563
0.157,ReproAlloc,0.13602974676640803,0.04644328952219862,0.08695652173913043,0.2111769587883739
0.158,ReproAlloc,0.13948597550709138,0.04817367125416497,0.08695652173913043,0.21739130434782608
0.159,ReproAlloc,0.1406746479902263,0.04756944796684089,0.08695652173913043,0.21739130434782608
0.16,ReproAlloc,0.14130434782608695,0.04737933634283341,0.08695652173913043,0.21739130434782608
0.161,ReproAlloc,0.14130434782608695,0.04737933634283341,0.08695652173913043,0.21739130434782608
0.162,ReproAlloc,0.14130434782608695,0.04737933634283341,0.08695652173913043,0.21739130434782608
0.163,ReproAlloc,0.14232296287940258,0.04819384059922152,0.08695652173913043,0.21739130434782608
0.164,ReproAlloc,0.14492753623188404,0.05123962182511214,0.08695652173913043,0.21739130434782608
0.165,ReproAlloc,0.14492753623188404,0.05123962182511214,0.08695652173913043,0.21739130434782608
0.166,ReproAlloc,0.14492753623188404,0.05123962182511214,0.08695652173913043,0.21739130434782608
0.167,ReproAlloc,0.14492753623188404,0.05123962182511214,0.08695652173913043,0.21739130434782608
0.168,ReproAlloc,0.14518842813734642,0.05095094914096303,0.08695652173913043,0.21739130434782608
0.169,ReproAlloc,0.14629712831099947,0.04987323096953234,0.08695652173913043,0.21739130434782608
0.17,ReproAlloc,0.14740582848465253,0.04904815868069791,0.08695652173913043,0.21739130434782608
0.171,ReproAlloc,0.14851452865830558,0.048488630896786594,0.08695652173913043,0.21739130434782608
0.17200000000000001,ReproAlloc,0.14918125998089504,0.048848525729214255,0.08695652173913043,0.21739130434782608
0.17300000000000001,ReproAlloc,0.15065080076291068,0.05004858223449516,0.08695652173913043,0.21739130434782608
0.17400000000000002,ReproAlloc,0.15212034154492626,0.05168222909152137,0.08695652173913043,0.21739130434782608
0.17500000000000002,ReproAlloc,0.15217391304347824,0.051749481366252535,0.08695652173913043,0.21739130434782608
0.176,ReproAlloc,0.15217391304347824,0.051749481366252535,0.08695652173913043,0.21739130434782608
0.177,ReproAlloc,0.15217391304347824,0.051749481366252535,0.08695652173913043,0.21739130434782608
0.178,ReproAlloc,0.15217391304347824,0.051749481366252535,0.08695652173913043,0.21739130434782608
0.179,ReproAlloc,0.15217391304347824,0.051749481366252535,0.08695652173913043,0.21739130434782608
0.18,ReproAlloc,0.15217391304347824,0.051749481366252535,0.08695652173913043,0.21739130434782608
0.181,ReproAlloc,0.15217391304347824,0.051749481366252535,0.08695652173913043,0.21739130434782608
0.182,ReproAlloc,0.15217391304347824,0.051749481366252535,0.08695652173913043,0.21739130434782608
0.183,ReproAlloc,0.15217391304347824,0.051749481366252535,0.08695652173913043,0.21739130434782608
0.184,ReproAlloc,0.15217391304347824,0.051749481366252535,0.08695652173913043,0.21739130434782608
0.185,ReproAlloc,0.15217391304347824,0.051749481366252535,0.08695652173913043,0.21739130434782608
0.186,ReproAlloc,0.15217391304347824,0.051749481366252535,0.08695652173913043,0.21739130434782608
0.187,ReproAlloc,0.15217391304347824,0.051749481366252535,0.08695652173913043,0.21739130434782608
0.188,ReproAlloc,0.15217391304347824,0.051749481366252535,0.08695652173913043,0.21739130434782608
0.189,ReproAlloc,0.15217391304347824,0.051749481366252535,0.08695652173913043,0.21739130434782608
0.19,ReproAlloc,0.15217391304347824,0.051749481366252535,0.08695652173913043,0.21739130434782608
0.191,ReproAlloc,0.15217391304347824,0.051749481366252535,0.08695652173913043,0.21739130434782608
0.192,ReproAlloc,0.15419000429239196,0.0495958794767083,0.08695652173913043,0.21739130434782608
0.193,ReproAlloc,0.15579710144927536,0.04847495710239004,0.08695652173913043,0.21739130434782608
0.194,ReproAlloc,0.15579710144927536,0.04847495710239004,0.08695652173913043,0.21739130434782608
0.195,ReproAlloc,0.15579710144927536,0.04847495710239004,0.08695652173913043,0.21739130434782608
0.196,ReproAlloc,0.1558567497624588,0.04844414272270647,0.08695652173913043,0.21739130434782608
0.197,ReproAlloc,0.1593891002811839,0.048057732348411965,0.08695652173913043,0.21739130434782608
0.198,ReproAlloc,0.15942028985507248,0.0480670259471797,0.08695652173913043,0.21739130434782608
0.199,ReproAlloc,0.15942028985507248,0.0480670259471797,0.08695652173913043,0.21739130434782608
0.2,ReproAlloc,0.15942028985507248,0.0480670259471797,0.08695652173913043,0.21739130434782608
0.0,APGAI,0.0,0.0,0.0,0.0
0.001,APGAI,0.0,0.0,0.0,0.0
0.002,APGAI,0.0,0.0,0.0,0.0
0.003,APGAI,0.0,0.0,0.0,0.0
0.004,APGAI,0.0,0.0,0.0,0.0
0.005,APGAI,0.0,0.0,0.0,0.0
0.006,APGAI,0.0,0.0,0.0,0.0
0.007,APGAI,0.0,0.0,0.0,0.0
0.008,APGAI,0.0,0.0,0.0,0.0
0.009000000000000001,APGAI,0.0,0.0,0.0,0.0
0.01,APGAI,0.0,0.0,0.0,0.0
0.011,APGAI,0.0,0.0,0.0,0.0
0.012,APGAI,0.0,0.0,0.0,0.0
0.013000000000000001,APGAI,0.0,0.0,0.0,0.0
0.014,APGAI,0.0,0.0,0.0,0.0
0.015,APGAI,0.0,0.0,0.0,0.0
0.016,APGAI,0.0,0.0,0.0,0.0
0.017,APGAI,0.0,0.0,0.0,0.0
0.018000000000000002,APGAI,0.0,0.0,0.0,0.0
0.019,APGAI,0.0,0.0,0.0,0.0
0.02,APGAI,0.0,0.0,0.0,0.0
0.021,APGAI,0.0,0.0,0.0,0.0
0.022,APGAI,0.0,0.0,0.0,0.0
0.023,APGAI,0.0,0.0,0.0,0.0
0.024,APGAI,0.0,0.0,0.0,0.0
0.025,APGAI,0.0,0.0,0.0,0.0
0.026000000000000002,APGAI,0.0,0.0,0.0,0.0
0.027,APGAI,0.0,0.0,0.0,0.0
0.028,APGAI,0.0,0.0,0.0,0.0
0.029,APGAI,0.0,0.0,0.0,0.0
0.03,APGAI,0.0,0.0,0.0,0.0
0.031,APGAI,0.0,0.0,0.0,0.0
0.032,APGAI,0.0,0.0,0.0,0.0
0.033,APGAI,0.0,0.0,0.0,0.0
0.034,APGAI,0.0,0.0,0.0,0.0
0.035,APGAI,0.0,0.0,0.0,0.0
0.036000000000000004,APGAI,0.0,0.0,0.0,0.0
0.037,APGAI,0.0,0.0,0.0,0.0
0.038,APGAI,0.0,0.0,0.0,0.0
0.039,APGAI,0.0,0.0,0.0,0.0
0.04,APGAI,0.0,0.0,0.0,0.0
0.041,APGAI,0.0,0.0,0.0,0.0
0.042,APGAI,0.0,0.0,0.0,0.0
0.043000000000000003,APGAI,0.0,0.0,0.0,0.0
0.044,APGAI,0.0,0.0,0.0,0.0
0.045,APGAI,0.0,0.0,0.0,0.0
0.046,APGAI,0.0,0.0,0.0,0.0
0.047,APGAI,0.0,0.0,0.0,0.0
0.048,APGAI,0.0,0.0,0.0,0.0
0.049,APGAI,0.0,0.0,0.0,0.0
0.05,APGAI,0.0,0.0,0.0,0.0
0.051000000000000004,APGAI,0.0,0.0,0.0,0.0
0.052000000000000005,APGAI,0.0,0.0,0.0,0.0
0.053,APGAI,0.0,0.0,0.0,0.0
0.054,APGAI,0.0,0.0,0.0,0.0
0.055,APGAI,0.0,0.0,0.0,0.0
0.056,APGAI,0.0,0.0,0.0,0.0
0.057,APGAI,0.0,0.0,0.0,0.0
0.058,APGAI,0.0,0.0,0.0,0.0
0.059000000000000004,APGAI,0.0,0.0,0.0,0.0
0.06,APGAI,0.0,0.0,0.0,0.0
0.061,APGAI,0.0,0.0,0.0,0.0
0.062,APGAI,0.0,0.0,0.0,0.0
0.063,APGAI,0.0,0.0,0.0,0.0
0.064,APGAI,0.0,0.0,0.0,0.0
0.065,APGAI,0.0,0.0,0.0,0.0
0.066,APGAI,0.0,0.0,0.0,0.0
0.067,APGAI,0.0,0.0,0.0,0.0
0.068,APGAI,0.0,0.0,0.0,0.0
0.069,APGAI,0.0,0.0,0.0,0.0
0.07,APGAI,0.0,0.0,0.0,0.0
0.07100000000000001,APGAI,0.0,0.0,0.0,0.0
0.07200000000000001,APGAI,0.0,0.0,0.0,0.0
0.073,APGAI,0.0,0.0,0.0,0.0
0.074,APGAI,0.0,0.0,0.0,0.0
0.075,APGAI,0.0,0.0,0.0,0.0
0.076,APGAI,0.000236737482671487,0.0007851694038345856,0.0,0.002059616099241936
0.077,APGAI,0.0031947931263492575,0.010595930082906978,0.0,0.027794700199238527
0.078,APGAI,0.0036231884057971015,0.012016756486794927,0.0,0.03152173913043477
0.079,APGAI,0.006505467261192047,0.014010961479052345,0.0,0.04004327418132397
0.08,APGAI,0.014174129205748393,0.01791172793755007,0.0,0.043478260869565216
0.081,APGAI,0.021864163621331856,0.020193305635580937,0.0,0.043478260869565216
0.082,APGAI,0.0245487431305063,0.02091090330026572,0.0,0.043478260869565216
0.083,APGAI,0.025362318840579712,0.02143507167789716,0.0,0.043478260869565216
0.084,APGAI,0.025362318840579712,0.02143507167789716,0.0,0.043478260869565216
0.085,APGAI,0.02849507275177544,0.02021163299924536,0.0,0.043478260869565216
0.08600000000000001,APGAI,0.028996222387883307,0.02048072045847383,0.0,0.043478260869565216
0.08700000000000001,APGAI,0.03183111913456968,0.018552341748527892,0.0,0.043478260869565216
0.088,APGAI,0.03260869565217391,0.018826639212705186,0.0,0.043478260869565216
0.089,APGAI,0.03260869565217391,0.018826639212705186,0.0,0.043478260869565216
0.09,APGAI,0.03260869565217391,0.018826639212705186,0.0,0.043478260869565216
0.091,APGAI,0.03260869565217391,0.018826639212705186,0.0,0.043478260869565216
0.092,APGAI,0.03775991561679909,0.021581795043645872,2.043253880232439e-05,0.07049068011046163
0.093,APGAI,0.048124411984109654,0.021932945403677715,0.009489417006285665,0.0855928833392821
0.094,APGAI,0.051915767635354076,0.023999035170980235,0.011956521739130435,0.08695652173913043
0.095,APGAI,0.05938495765417687,0.023924882034379008,0.019514260226110122,0.08695652173913043
0.096,APGAI,0.06421973496294375,0.022954621640558906,0.034798650699349794,0.08695652173913043
0.097,APGAI,0.06521739130434782,0.02173913043478261,0.043478260869565216,0.08695652173913043
0.098,APGAI,0.06521739130434782,0.02173913043478261,0.043478260869565216,0.08695652173913043
0.099,APGAI,0.06521739130434782,0.02173913043478261,0.043478260869565216,0.08695652173913043
0.1,APGAI,0.06521739130434782,0.02173913043478261,0.043478260869565216,0.08695652173913043
0.101,APGAI,0.06521739130434782,0.02173913043478261,0.043478260869565216,0.08695652173913043
0.10200000000000001,APGAI,0.06521739130434782,0.02173913043478261,0.043478260869565216,0.08695652173913043
0.10300000000000001,APGAI,0.0670283433012508,0.0207346995927802,0.043478260869565216,0.08695652173913043
0.10400000000000001,APGAI,0.07213409220702909,0.01962692452324198,0.043478260869565216,0.09117402165747554
0.105,APGAI,0.08045523954285504,0.024120395225978176,0.043478260869565216,0.1185695470091335
0.106,APGAI,0.08453778257800491,0.02635285588266492,0.043478260869565216,0.13043478260869565
0.107,APGAI,0.08988562585458205,0.026266668584884703,0.043478260869565216,0.13043478260869565
0.108,APGAI,0.09420289855072463,0.029877576997229423,0.043478260869565216,0.13043478260869565
0.109,APGAI,0.09716913423752481,0.026577173635906934,0.05130803004104282,0.13043478260869565
0.11,APGAI,0.10041917701112635,0.026212515309237797,0.05543478260869565,0.13043478260869565
0.111,APGAI,0.10144927536231883,0.02711345932444885,0.05543478260869565,0.13043478260869565
0.112,APGAI,0.10144927536231883,0.02711345932444885,0.05543478260869565,0.13043478260869565
0.113,APGAI,0.10144927536231883,0.02711345932444885,0.05543478260869565,0.13043478260869565
0.114,APGAI,0.10232010214884113,0.02680000098173195,0.05543478260869565,0.13043478260869565
0.115,APGAI,0.10531563877067503,0.026885101880710277,0.05543478260869565,0.13043478260869565
0.116,APGAI,0.10796123986634666,0.027598037237320287,0.05543478260869565,0.13043478260869565
0.117,APGAI,0.11042357576739276,0.029926905713556225,0.05543478260869565,0.14546771787196933
0.11800000000000001,APGAI,0.11316454123359927,0.03247385820755733,0.05543478260869565,0.16195652173913042
0.11900000000000001,APGAI,0.11730252486947494,0.03142384580583388,0.05543478260869565,0.16195652173913042
0.12,APGAI,0.11946620048071127,0.031345133164376184,0.05543478260869565,0.16195652173913042
0.121,APGAI,0.1270644510177454,0.025643439868152273,0.07161082054675505,0.1666456137314574
0.122,APGAI,0.1362103162658637,0.02213779224370669,0.09891304347826087,0.17341954570545207
0.123,APGAI,0.13768115942028983,0.02403351297358985,0.09891304347826087,0.17391304347826086
0.124,APGAI,0.13768115942028983,0.02403351297358985,0.09891304347826087,0.17391304347826086
0.125,APGAI,0.13768115942028983,0.02403351297358985,0.09891304347826087,0.17391304347826086
0.126,APGAI,0.13784833907854255,0.02398946209637296,0.09891304347826087,0.17391304347826086
0.127,APGAI,0.14037392012079442,0.024866539577212902,0.09891304347826087,0.17391304347826086
0.128,APGAI,0.14130434782608692,0.025874740683126268,0.09891304347826087,0.17391304347826086
0.129,APGAI,0.14130434782608692,0.025874740683126268,0.09891304347826087,0.17391304347826086
0.13,APGAI,0.1431069784060153,0.025808115607321297,0.09891304347826087,0.17391304347826086
0.131,APGAI,0.144982285312361,0.027084787589153978,0.09891304347826087,0.17391304347826086
0.132,APGAI,0.14697161480273632,0.026867300786512453,0.09891304347826087,0.17391304347826086
0.133,APGAI,0.14855072463768113,0.027830238216915246,0.09891304347826087,0.17391304347826086
0.134,APGAI,0.14855072463768113,0.027830238216915246,0.09891304347826087,0.17391304347826086
0.135,APGAI,0.14855072463768113,0.027830238216915246,0.09891304347826087,0.17391304347826086
0.136,APGAI,0.15408117625102624,0.024632312655990543,0.11110168108669048,0.18242110557413785
0.137,APGAI,0.16136555520187398,0.02455765216896689,0.12703453696106654,0.19803979281310116
0.138,APGAI,0.16304347826086954,0.025874740683126268,0.13043478260869565,0.20543478260869563
0.139,APGAI,0.16304347826086954,0.025874740683126268,0.13043478260869565,0.20543478260869563
0.14,APGAI,0.16304347826086954,0.025874740683126268,0.13043478260869565,0.20543478260869563
0.14100000000000001,APGAI,0.16468710172808687,0.027109954435232807,0.13043478260869565,0.2108587400505128
0.14200000000000002,APGAI,0.166518464472268,0.029628975763451505,0.13043478260869565,0.2169022371063106
0.14300000000000002,APGAI,0.16666666666666663,0.02987757699722942,0.13043478260869565,0.21739130434782608
0.14400000000000002,APGAI,0.1670685206497411,0.030004498510313553,0.13043478260869565,0.21739130434782608
0.145,APGAI,0.16915793601478035,0.03157602908394191,0.13043478260869565,0.21739130434782608
0.146,APGAI,0.17028985507246375,0.033008817315740215,0.13043478260869565,0.21739130434782608
0.147,APGAI,0.1726232125943187,0.0338146976505886,0.13043478260869565,0.21739130434782608
0.148,APGAI,0.17606424630690243,0.036209720451891844,0.13043478260869565,0.21739130434782608
0.149,APGAI,0.17753623188405795,0.03747855229271232,0.13043478260869565,0.21739130434782608
0.15,APGAI,0.17753623188405795,0.03747855229271232,0.13043478260869565,0.21739130434782608
0.151,APGAI,0.17753623188405795,0.03747855229271232,0.13043478260869565,0.21739130434782608
0.152,APGAI,0.1783249599203468,0.036567532400183206,0.13043478260869565,0.21739130434782608
0.153,APGAI,0.18085054096259864,0.0348318166539606,0.13043478260869565,0.21739130434782608
0.154,APGAI,0.18115942028985507,0.034752402342845795,0.13043478260869565,0.21739130434782608
0.155,APGAI,0.1827596656012512,0.03461810052652498,0.13043478260869565,0.21739130434782608
0.156,APGAI,0.1865079948796453,0.03354790234584136,0.13043478260869565,0.21739130434782608
0.157,APGAI,0.18840579710144925,0.03240678228260565,0.13043478260869565,0.21739130434782608
0.158,APGAI,0.18840579710144925,0.03240678228260565,0.13043478260869565,0.21739130434782608
0.159,APGAI,0.18840579710144925,0.03240678228260565,0.13043478260869565,0.21739130434782608
0.16,APGAI,0.18930735023019585,0.03333773036498193,0.13043478260869565,0.22523481656792127
0.161,APGAI,0.19049602271333074,0.03492035955350299,0.13043478260869565,0.23557626717119495
0.162,APGAI,0.19406584415236283,0.03360389456340932,0.13829257416315638,0.2459177177744686
0.163,APGAI,0.19631122116556063,0.03370669843324439,0.1423913043478261,0.2510878994115675
0.164,APGAI,0.1980135154414218,0.035424397427002784,0.1423913043478261,0.2559422102029068
0.165,APGAI,0.2008934422915897,0.038613657714716434,0.1423913043478261,0.26079652099424616
0.166,APGAI,0.20232450048472914,0.040216757472007154,0.1423913043478261,0.2608695652173913
0.167,APGAI,0.20411048334149554,0.04032640431168219,0.1423913043478261,0.2608695652173913
0.168,APGAI,0.20558987104024995,0.04004966850164961,0.1423913043478261,0.2608695652173913
0.169,APGAI,0.20652173913043478,0.04018310328409209,0.1423913043478261,0.2608695652173913
0.17,APGAI,0.20652173913043478,0.04018310328409209,0.1423913043478261,0.2608695652173913
0.171,APGAI,0.20740717727101007,0.03956715597005878,0.1423913043478261,0.2608695652173913
0.17200000000000001,APGAI,0.20961921574346495,0.03896421974405384,0.1423913043478261,0.2608695652173913
0.17300000000000001,APGAI,0.210938256626051,0.03925824670697658,0.1423913043478261,0.2608695652173913
0.17400000000000002,APGAI,0.21368586011676538,0.03904953021316584,0.1423913043478261,0.2608695652173913
0.17500000000000002,APGAI,0.2173792921919783,0.039676899561179965,0.1423913043478261,0.2608695652173913
0.176,APGAI,0.21739130434782608,0.03969004039892508,0.1423913043478261,0.2608695652173913
0.177,APGAI,0.21739130434782608,0.03969004039892508,0.1423913043478261,0.2608695652173913
0.178,APGAI,0.21739130434782608,0.03969004039892508,0.1423913043478261,0.2608695652173913
0.179,APGAI,0.21739130434782608,0.03969004039892508,0.1423913043478261,0.2608695652173913
0.18,APGAI,0.21739130434782608,0.03969004039892508,0.1423913043478261,0.2608695652173913
0.181,APGAI,0.21739130434782608,0.03969004039892508,0.1423913043478261,0.2608695652173913
0.182,APGAI,0.21739130434782608,0.03969004039892508,0.1423913043478261,0.2608695652173913
0.183,APGAI,0.21739130434782608,0.03969004039892508,0.1423913043478261,0.2608695652173913
0.184,APGAI,0.21739130434782608,0.03969004039892508,0.1423913043478261,0.2608695652173913
0.185,APGAI,0.21739130434782608,0.03969004039892508,0.1423913043478261,0.2608695652173913
0.186,APGAI,0.21739130434782608,0.03969004039892508,0.1423913043478261,0.2608695652173913
0.187,APGAI,0.21739130434782608,0.03969004039892508,0.1423913043478261,0.2608695652173913
0.188,APGAI,0.21739130434782608,0.03969004039892508,0.1423913043478261,0.2608695652173913
0.189,APGAI,0.21752398519515426,0.03969247980597874,0.1423913043478261,0.2608695652173913
0.19,APGAI,0.21899498846525708,0.04004483908198171,0.1423913043478261,0.2608695652173913
0.191,APGAI,0.22046599173535994,0.04097914145891738,0.1423913043478261,0.2608695652173913
0.192,APGAI,0.2210144927536232,0.04146928674731738,0.1423913043478261,0.2608695652173913
0.193,APGAI,0.2210144927536232,0.04146928674731738,0.1423913043478261,0.2608695652173913
0.194,APGAI,0.2229372809388909,0.03870523794546129,0.15385753028924581,0.2608695652173913
0.195,APGAI,0.22683195197210226,0.035055548929114604,0.17391304347826086,0.2608695652173913
0.196,APGAI,0.2282608695652174,0.03605026946038478,0.17391304347826086,0.2608695652173913
0.197,APGAI,0.2282608695652174,0.03605026946038478,0.17391304347826086,0.2608695652173913
0.198,APGAI,0.2282608695652174,0.03605026946038478,0.17391304347826086,0.2608695652173913
0.199,APGAI,0.2282608695652174,0.03605026946038478,0.17391304347826086,0.2608695652173913
0.2,APGAI,0.2282608695652174,0.03605026946038478,0.17391304347826086,0.2608695652173913
0.0,ReproAlloc-Optimistic,0.0,0.0,0.0,0.0
0.001,ReproAlloc-Optimistic,0.0,0.0,0.0,0.0
0.002,ReproAlloc-Optimistic,0.0,0.0,0.0,0.0
0.003,ReproAlloc-Optimistic,0.0,0.0,0.0,0.0
0.004,ReproAlloc-Optimistic,0.0,0.0,0.0,0.0
0.005,ReproAlloc-Optimistic,0.0,0.0,0.0,0.0
0.006,ReproAlloc-Optimistic,0.0,0.0,0.0,0.0
0.007,ReproAlloc-Optimistic,0.0,0.0,0.0,0.0
0.008,ReproAlloc-Optimistic,0.0,0.0,0.0,0.0
0.009000000000000001,ReproAlloc-Optimistic,0.0,0.0,0.0,0.0
0.01,ReproAlloc-Optimistic,0.0,0.0,0.0,0.0
0.011,ReproAlloc-Optimistic,0.0,0.0,0.0,0.0
0.012,ReproAlloc-Optimistic,0.0,0.0,0.0,0.0
0.013000000000000001,ReproAlloc-Optimistic,0.0,0.0,0.0,0.0
0.014,ReproAlloc-Optimistic,0.0012861991644282011,0.0028803703042476615,0.0,0.007891450082925073
0.015,ReproAlloc-Optimistic,0.011965143402210365,0.015287758920890881,0.0,0.039538923815294565
0.016,ReproAlloc-Optimistic,0.01946611169633617,0.02071853945211923,0.0,0.043478260869565216
0.017,ReproAlloc-Optimistic,0.021286156161973407,0.021334298701156988,0.0,0.043478260869565216
0.018000000000000002,ReproAlloc-Optimistic,0.021739130434782608,0.02173913043478261,0.0,0.043478260869565216
0.019,ReproAlloc-Optimistic,0.021739130434782608,0.02173913043478261,0.0,0.043478260869565216
0.02,ReproAlloc-Optimistic,0.02256567753649502,0.02107529223465471,0.0,0.043478260869565216
0.021,ReproAlloc-Optimistic,0.0244598582290817,0.020240764885405955,0.0,0.043478260869565216
0.022,ReproAlloc-Optimistic,0.027823662490686563,0.020031272330514382,0.0,0.043478260869565216
0.023,ReproAlloc-Optimistic,0.028985507246376812,0.02049584873004486,0.0,0.043478260869565216
0.024,ReproAlloc-Optimistic,0.028985507246376812,0.02049584873004486,0.0,0.043478260869565216
0.025,ReproAlloc-Optimistic,0.029016531219861964,0.020452185978632922,0.0,0.043478260869565216
0.026000000000000002,ReproAlloc-Optimistic,0.03185219359627975,0.01720847539898049,0.0,0.043478260869565216
0.027,ReproAlloc-Optimistic,0.03533741277238501,0.016270711498072632,0.0,0.04743986127051935
0.028,ReproAlloc-Optimistic,0.03964529606957454,0.02098058199734231,0.0,0.07317494537051587
0.029,ReproAlloc-Optimistic,0.039855072463768106,0.02143507167789716,0.0,0.07499999999999998
0.03,ReproAlloc-Optimistic,0.039855072463768106,0.02143507167789716,0.0,0.07499999999999998
0.031,ReproAlloc-Optimistic,0.039855072463768106,0.02143507167789716,0.0,0.07499999999999998
0.032,ReproAlloc-Optimistic,0.039855072463768106,0.02143507167789716,0.0,0.07499999999999998
0.033,ReproAlloc-Optimistic,0.039855072463768106,0.02143507167789716,0.0,0.07499999999999998
0.034,ReproAlloc-Optimistic,0.039855072463768106,0.02143507167789716,0.0,0.07499999999999998
0.035,ReproAlloc-Optimistic,0.039855072463768106,0.02143507167789716,0.0,0.07499999999999998
0.036000000000000004,ReproAlloc-Optimistic,0.04034377222473459,0.020570247229529205,0.0016127092111893923,0.07499999999999998
0.037,ReproAlloc-Optimistic,0.04321316145730525,0.0177716886101419,0.011081693678672563,0.07499999999999998
0.038,ReproAlloc-Optimistic,0.043478260869565216,0.01774992567234187,0.011956521739130435,0.07499999999999998
0.039,ReproAlloc-Optimistic,0.043478260869565216,0.01774992567234187,0.011956521739130435,0.07499999999999998
0.04,ReproAlloc-Optimistic,0.04443880684595711,0.01803355194281066,0.011956521739130435,0.07816980172209323
0.041,ReproAlloc-Optimistic,0.04681401832109904,0.020915542472136825,0.011956521739130435,0.08600799959006164
0.042,ReproAlloc-Optimistic,0.04710144927536231,0.02143507167789716,0.011956521739130435,0.08695652173913043
0.043000000000000003,ReproAlloc-Optimistic,0.04710144927536231,0.02143507167789716,0.011956521739130435,0.08695652173913043
0.044,ReproAlloc-Optimistic,0.04897211318601985,0.022834591777093637,0.011956521739130435,0.09255668887491464
0.045,ReproAlloc-Optimistic,0.054677533679765356,0.02965259337465615,0.011956521739130435,0.11452924394250574
0.046,ReproAlloc-Optimistic,0.0587192498642255,0.03151787111600774,0.011956521739130435,0.1184782608695652
0.047,ReproAlloc-Optimistic,0.06159420289855072,0.033008817315740215,0.011956521739130435,0.1184782608695652
0.048,ReproAlloc-Optimistic,0.06159420289855072,0.033008817315740215,0.011956521739130435,0.1184782608695652
0.049,ReproAlloc-Optimistic,0.06159420289855072,0.033008817315740215,0.011956521739130435,0.1184782608695652
0.05,ReproAlloc-Optimistic,0.06159420289855072,0.033008817315740215,0.011956521739130435,0.1184782608695652
0.051000000000000004,ReproAlloc-Optimistic,0.06159420289855072,0.033008817315740215,0.011956521739130435,0.1184782608695652
0.052000000000000005,ReproAlloc-Optimistic,0.06159420289855072,0.033008817315740215,0.011956521739130435,0.1184782608695652
0.053,ReproAlloc-Optimistic,0.06218792934465148,0.03274061414890428,0.011956521739130435,0.1184782608695652
0.054,ReproAlloc-Optimistic,0.06521739130434782,0.03320707025330318,0.011956521739130435,0.1184782608695652
0.055,ReproAlloc-Optimistic,0.06664094711710698,0.0325460208285143,0.011956521739130435,0.1184782608695652
0.056,ReproAlloc-Optimistic,0.07066007113410909,0.03215128328387566,0.011956521739130435,0.1184782608695652
0.057,ReproAlloc-Optimistic,0.0723556881369558,0.03236039676824967,0.011956521739130435,0.1184782608695652
0.058,ReproAlloc-Optimistic,0.07288832986038503,0.032626499273682115,0.011956521739130435,0.11987931462622713
0.059000000000000004,ReproAlloc-Optimistic,0.07689660209575834,0.03794104316220867,0.011956521739130435,0.14297843299354607
0.06,ReproAlloc-Optimistic,0.07971014492753624,0.04287014335579432,0.011956521739130435,0.16195652173913042
0.061,ReproAlloc-Optimistic,0.07971014492753624,0.04287014335579432,0.011956521739130435,0.16195652173913042
0.062,ReproAlloc-Optimistic,0.07971014492753624,0.04287014335579432,0.011956521739130435,0.16195652173913042
0.063,ReproAlloc-Optimistic,0.08016171457476379,0.04297251151139068,0.011956521739130435,0.16195652173913042
0.064,ReproAlloc-Optimistic,0.0817511542069389,0.04374073551782213,0.011956521739130435,0.16195652173913042
0.065,ReproAlloc-Optimistic,0.08333333333333333,0.04510833187677077,0.011956521739130435,0.16195652173913042
0.066,ReproAlloc-Optimistic,0.0850944098721849,0.042135070245132626,0.02727788762713903,0.16195652173913042
0.067,ReproAlloc-Optimistic,0.08695652173913043,0.03969004039892508,0.043478260869565216,0.16195652173913042
0.068,ReproAlloc-Optimistic,0.08695652173913043,0.03969004039892508,0.043478260869565216,0.16195652173913042
0.069,ReproAlloc-Optimistic,0.08695652173913043,0.03969004039892508,0.043478260869565216,0.16195652173913042
0.07,ReproAlloc-Optimistic,0.08695652173913043,0.03969004039892508,0.043478260869565216,0.16195652173913042
0.07100000000000001,ReproAlloc-Optimistic,0.08695652173913043,0.03969004039892508,0.043478260869565216,0.16195652173913042
0.07200000000000001,ReproAlloc-Optimistic,0.08695652173913043,0.03969004039892508,0.043478260869565216,0.16195652173913042
0.073,ReproAlloc-Optimistic,0.08695652173913043,0.03969004039892508,0.043478260869565216,0.16195652173913042
0.074,ReproAlloc-Optimistic,0.08880685697448726,0.03784840963872714,0.043478260869565216,0.16195652173913042
0.075,ReproAlloc-Optimistic,0.09246861452735185,0.03558017947500257,0.043478260869565216,0.16195652173913042
0.076,ReproAlloc-Optimistic,0.0951789336563111,0.035001724932527505,0.043478260869565216,0.16195652173913042
0.077,ReproAlloc-Optimistic,0.09782608695652173,0.03605026946038478,0.043478260869565216,0.16195652173913042
0.078,ReproAlloc-Optimistic,0.09782608695652173,0.03605026946038478,0.043478260869565216,0.16195652173913042
0.079,ReproAlloc-Optimistic,0.09782608695652173,0.03605026946038478,0.043478260869565216,0.16195652173913042
0.08,ReproAlloc-Optimistic,0.09878153965262891,0.03704019234454175,0.043478260869565216,0.16510951563628407
0.081,ReproAlloc-Optimistic,0.10256020634237556,0.038724681282153305,0.04605646981828698,0.1720045863409138
0.082,ReproAlloc-Optimistic,0.10967487119283909,0.03408142416294241,0.07648353950863573,0.17391304347826086
0.083,ReproAlloc-Optimistic,0.11231884057971013,0.033008817315740215,0.08695652173913043,0.17391304347826086
0.084,ReproAlloc-Optimistic,0.11231884057971013,0.033008817315740215,0.08695652173913043,0.17391304347826086
0.085,ReproAlloc-Optimistic,0.11337833982785551,0.03237571976533189,0.08695652173913043,0.17391304347826086
0.08600000000000001,ReproAlloc-Optimistic,0.11593550292100918,0.03240387083524283,0.08695652173913043,0.17391304347826086
0.08700000000000001,ReproAlloc-Optimistic,0.11594202898550725,0.03240678228260564,0.08695652173913043,0.17391304347826086
0.088,ReproAlloc-Optimistic,0.11594202898550725,0.03240678228260564,0.08695652173913043,0.17391304347826086
0.089,ReproAlloc-Optimistic,0.11594202898550725,0.03240678228260564,0.08695652173913043,0.17391304347826086
0.09,ReproAlloc-Optimistic,0.11594202898550725,0.03240678228260564,0.08695652173913043,0.17391304347826086
0.091,ReproAlloc-Optimistic,0.11594202898550725,0.03240678228260564,0.08695652173913043,0.17391304347826086
0.092,ReproAlloc-Optimistic,0.11594202898550725,0.03240678228260564,0.08695652173913043,0.17391304347826086
0.093,ReproAlloc-Optimistic,0.11823713706616917,0.031226471562231156,0.08695652173913043,0.17391304347826086
0.094,ReproAlloc-Optimistic,0.11956521739130432,0.03137773202117531,0.08695652173913043,0.17391304347826086
0.095,ReproAlloc-Optimistic,0.11956521739130432,0.03137773202117531,0.08695652173913043,0.17391304347826086
0.096,ReproAlloc-Optimistic,0.11956521739130432,0.03137773202117531,0.08695652173913043,0.17391304347826086
0.097,ReproAlloc-Optimistic,0.11956521739130432,0.03137773202117531,0.08695652173913043,0.17391304347826086
0.098,ReproAlloc-Optimistic,0.11956521739130432,0.03137773202117531,0.08695652173913043,0.17391304347826086
0.099,ReproAlloc-Optimistic,0.12108177473328667,0.034273964813329144,0.08695652173913043,0.1871070923535073
0.1,ReproAlloc-Optimistic,0.12506484819387334,0.03775641190582769,0.08695652173913043,0.20543478260869563
0.101,ReproAlloc-Optimistic,0.12681159420289853,0.03747855229271232,0.08695652173913043,0.20543478260869563
0.10200000000000001,ReproAlloc-Optimistic,0.12681159420289853,0.03747855229271232,0.08695652173913043,0.20543478260869563
0.10300000000000001,ReproAlloc-Optimistic,0.12681159420289853,0.03747855229271232,0.08695652173913043,0.20543478260869563
0.10400000000000001,ReproAlloc-Optimistic,0.12681159420289853,0.03747855229271232,0.08695652173913043,0.20543478260869563
0.105,ReproAlloc-Optimistic,0.12681159420289853,0.03747855229271232,0.08695652173913043,0.20543478260869563
0.106,ReproAlloc-Optimistic,0.12681159420289853,0.03747855229271232,0.08695652173913043,0.20543478260869563
0.107,ReproAlloc-Optimistic,0.12767315056277473,0.0366624081672532,0.08695652173913043,0.20543478260869563
0.108,ReproAlloc-Optimistic,0.1319936989133935,0.03608591712410645,0.08695652173913043,0.20543478260869563
0.109,ReproAlloc-Optimistic,0.135994206753593,0.037728321757138514,0.08695652173913043,0.20543478260869563
0.11,ReproAlloc-Optimistic,0.13946677693077472,0.03710407600643072,0.08695652173913043,0.20543478260869563
0.111,ReproAlloc-Optimistic,0.1423657457044893,0.035901814456425575,0.08695652173913043,0.20543478260869563
0.112,ReproAlloc-Optimistic,0.1435544181876242,0.03614413283010131,0.08695652173913043,0.20543478260869563
0.113,ReproAlloc-Optimistic,0.1447430906707591,0.03680952491956359,0.08695652173913043,0.20543478260869563
0.114,ReproAlloc-Optimistic,0.14492753623188406,0.03694941676516511,0.08695652173913043,0.20543478260869563
0.115,ReproAlloc-Optimistic,0.14590687383278925,0.03670725984952012,0.08695652173913043,0.20543478260869563
0.116,ReproAlloc-Optimistic,0.14855072463768113,0.03747855229271232,0.08695652173913043,0.20543478260869563
0.117,ReproAlloc-Optimistic,0.14855072463768113,0.03747855229271232,0.08695652173913043,0.20543478260869563
0.11800000000000001,ReproAlloc-Optimistic,0.148761174872197,0.037383205531012265,0.08695652173913043,0.20543478260869563
0.11900000000000001,ReproAlloc-Optimistic,0.15023217814229983,0.03707856251662808,0.08695652173913043,0.20543478260869563
0.12,ReproAlloc-Optimistic,0.15170318141240263,0.03741310271120881,0.08695652173913043,0.20543478260869563
0.121,ReproAlloc-Optimistic,0.15217391304347824,0.03765327842541038,0.08695652173913043,0.20543478260869563
0.122,ReproAlloc-Optimistic,0.15333942258217567,0.03578671443714632,0.0908027032168319,0.20543478260869563
0.123,ReproAlloc-Optimistic,0.15727892985019998,0.032556151436358316,0.09740109180206413,0.20543478260869563
0.124,ReproAlloc-Optimistic,0.16113353444178535,0.03135551447989889,0.09891304347826087,0.20543478260869563
0.125,ReproAlloc-Optimistic,0.16304347826086954,0.03137773202117531,0.09891304347826087,0.20543478260869563
0.126,ReproAlloc-Optimistic,0.16489511807495175,0.027212222635219295,0.11502230986077602,0.20543478260869563
0.127,ReproAlloc-Optimistic,0.16666666666666663,0.02403351297358985,0.13043478260869565,0.20543478260869563
0.128,ReproAlloc-Optimistic,0.16666666666666663,0.02403351297358985,0.13043478260869565,0.20543478260869563
0.129,ReproAlloc-Optimistic,0.16666666666666663,0.02403351297358985,0.13043478260869565,0.20543478260869563
0.13,ReproAlloc-Optimistic,0.16666666666666663,0.02403351297358985,0.13043478260869565,0.20543478260869563
0.131,ReproAlloc-Optimistic,0.16666666666666663,0.02403351297358985,0.13043478260869565,0.20543478260869563
0.132,ReproAlloc-Optimistic,0.16725782620555987,0.02429035695508732,0.13043478260869565,0.2073856090870434
0.133,ReproAlloc-Optimistic,0.16889177231791583,0.025774400101501126,0.13043478260869565,0.21277763125781793
0.134,ReproAlloc-Optimistic,0.17028985507246375,0.02783023821691525,0.13043478260869565,0.21739130434782608
0.135,ReproAlloc-Optimistic,0.17028985507246375,0.02783023821691525,0.13043478260869565,0.21739130434782608
0.136,ReproAlloc-Optimistic,0.17028985507246375,0.02783023821691525,0.13043478260869565,0.21739130434782608
0.137,ReproAlloc-Optimistic,0.17028985507246375,0.02783023821691525,0.13043478260869565,0.21739130434782608
0.138,ReproAlloc-Optimistic,0.17028985507246375,0.02783023821691525,0.13043478260869565,0.21739130434782608
0.139,ReproAlloc-Optimistic,0.17028985507246375,0.02783023821691525,0.13043478260869565,0.21739130434782608
0.14,ReproAlloc-Optimistic,0.17028985507246375,0.02783023821691525,0.13043478260869565,0.21739130434782608
0.14100000000000001,ReproAlloc-Optimistic,0.17148520007516557,0.028264844346820844,0.13043478260869565,0.21739130434782608
0.14200000000000002,ReproAlloc-Optimistic,0.17553918994231624,0.03099593404462404,0.13043478260869565,0.21739130434782608
0.14300000000000002,ReproAlloc-Optimistic,0.1797024463421074,0.03342565964477387,0.13043478260869565,0.21739130434782608
0.14400000000000002,ReproAlloc-Optimistic,0.18115942028985507,0.034752402342845795,0.13043478260869565,0.21739130434782608
0.145,ReproAlloc-Optimistic,0.1816320090049179,0.03468914956893843,0.13043478260869565,0.21739130434782608
0.146,ReproAlloc-Optimistic,0.18346337174909907,0.035110240433988825,0.13043478260869565,0.21739130434782608
0.147,ReproAlloc-Optimistic,0.18681916575159288,0.03606899166531413,0.13043478260869565,0.21739130434782608
0.148,ReproAlloc-Optimistic,0.18984837909715793,0.036526723625881226,0.13043478260869565,0.21739130434782608
0.149,ReproAlloc-Optimistic,0.19555539404414554,0.03759839590411286,0.13043478260869565,0.21739130434782608
0.15,ReproAlloc-Optimistic,0.19725833214449143,0.03893558179448584,0.13043478260869565,0.23136488096142335
0.151,ReproAlloc-Optimistic,0.19927536231884058,0.041469286747317376,0.13043478260869565,0.24891304347826085
0.152,ReproAlloc-Optimistic,0.19969403401343852,0.04079199290141346,0.13043478260869565,0.24891304347826085
0.153,ReproAlloc-Optimistic,0.20209506909738187,0.03766881275435803,0.13043478260869565,0.24891304347826085
0.154,ReproAlloc-Optimistic,0.20289855072463767,0.03694941676516511,0.13043478260869565,0.24891304347826085
0.155,ReproAlloc-Optimistic,0.20289855072463767,0.03694941676516511,0.13043478260869565,0.24891304347826085
0.156,ReproAlloc-Optimistic,0.20328134563710318,0.03712097460183543,0.13043478260869565,0.2501762666893968
0.157,ReproAlloc-Optimistic,0.20612091046039752,0.03965956070974903,0.13043478260869565,0.2595468306062682
0.158,ReproAlloc-Optimistic,0.2065217391304348,0.04018310328409209,0.13043478260869565,0.2608695652173913
0.159,ReproAlloc-Optimistic,0.2065217391304348,0.04018310328409209,0.13043478260869565,0.2608695652173913
0.16,ReproAlloc-Optimistic,0.2065217391304348,0.04018310328409209,0.13043478260869565,0.2608695652173913
0.161,ReproAlloc-Optimistic,0.2065217391304348,0.04018310328409209,0.13043478260869565,0.2608695652173913
0.162,ReproAlloc-Optimistic,0.20688054195633077,0.039515787903810634,0.1316188319341523,0.2608695652173913
0.163,ReproAlloc-Optimistic,0.2097499311889014,0.035186199504593896,0.14108781640163545,0.2608695652173913
0.164,ReproAlloc-Optimistic,0.2101449275362319,0.0347524023428458,0.1423913043478261,0.2608695652173913
0.165,ReproAlloc-Optimistic,0.21308850850141378,0.031842375063053145,0.15641052901492464,0.2608695652173913
0.166,ReproAlloc-Optimistic,0.21693165451724275,0.03012530649254517,0.17391304347826086,0.2608695652173913
0.167,ReproAlloc-Optimistic,0.21971978239094714,0.03169888789991294,0.17391304347826086,0.2608695652173913
0.168,ReproAlloc-Optimistic,0.22294199049161098,0.03341380505869368,0.17391304347826086,0.2608695652173913
0.169,ReproAlloc-Optimistic,0.2246376811594203,0.034752402342845795,0.17391304347826086,0.2608695652173913
0.17,ReproAlloc-Optimistic,0.2246376811594203,0.034752402342845795,0.17391304347826086,0.2608695652173913
0.171,ReproAlloc-Optimistic,0.2246376811594203,0.034752402342845795,0.17391304347826086,0.2608695652173913
0.17200000000000001,ReproAlloc-Optimistic,0.22616149401513944,0.03480211611561937,0.17391304347826086,0.2608695652173913
0.17300000000000001,ReproAlloc-Optimistic,0.2282608695652174,0.03605026946038478,0.17391304347826086,0.2608695652173913
0.17400000000000002,ReproAlloc-Optimistic,0.2284759081224901,0.03599244134972711,0.17391304347826086,0.2608695652173913
0.17500000000000002,ReproAlloc-Optimistic,0.22988176405636807,0.03596227717856692,0.17391304347826086,0.2608695652173913
0.176,ReproAlloc-Optimistic,0.23128761999024602,0.03653212839915902,0.17391304347826086,0.2608695652173913
0.177,ReproAlloc-Optimistic,0.2318840579710145,0.03694941676516511,0.17391304347826086,0.2608695652173913
0.178,ReproAlloc-Optimistic,0.2318840579710145,0.03694941676516511,0.17391304347826086,0.2608695652173913
0.179,ReproAlloc-Optimistic,0.2318840579710145,0.03694941676516511,0.17391304347826086,0.2608695652173913
0.18,ReproAlloc-Optimistic,0.2318840579710145,0.03694941676516511,0.17391304347826086,0.2608695652173913
0.181,ReproAlloc-Optimistic,0.23333730811526052,0.0349284686858408,0.17391304347826086,0.2608695652173913
0.182,ReproAlloc-Optimistic,0.2355072463768116,0.033008817315740215,0.17391304347826086,0.2608695652173913
0.183,ReproAlloc-Optimistic,0.2355072463768116,0.033008817315740215,0.17391304347826086,0.2608695652173913
0.184,ReproAlloc-Optimistic,0.2355072463768116,0.033008817315740215,0.17391304347826086,0.2608695652173913
0.185,ReproAlloc-Optimistic,0.2355072463768116,0.033008817315740215,0.17391304347826086,0.2608695652173913
0.186,ReproAlloc-Optimistic,0.23645296296826315,0.03135153712231566,0.17703390823005108,0.2608695652173913
0.187,ReproAlloc-Optimistic,0.23918338196127775,0.02670652664142229,0.1926733566288345,0.2608695652173913
0.188,ReproAlloc-Optimistic,0.24279229090289864,0.02174023927856482,0.21065189794272135,0.2608695652173913
0.189,ReproAlloc-Optimistic,0.24481099525772576,0.02004154243547122,0.21739130434782608,0.2608695652173913
0.19,ReproAlloc-Optimistic,0.24605505519817297,0.020295130986974084,0.21739130434782608,0.2608695652173913
0.191,ReproAlloc-Optimistic,0.2463768115942029,0.020495848730044855,0.21739130434782608,0.2608695652173913
0.192,ReproAlloc-Optimistic,0.2463768115942029,0.020495848730044855,0.21739130434782608,0.2608695652173913
0.193,ReproAlloc-Optimistic,0.2463768115942029,0.020495848730044855,0.21739130434782608,0.2608695652173913
0.194,ReproAlloc-Optimistic,0.2463768115942029,0.020495848730044855,0.21739130434782608,0.2608695652173913
0.195,ReproAlloc-Optimistic,0.2463768115942029,0.020495848730044855,0.21739130434782608,0.2608695652173913
0.196,ReproAlloc-Optimistic,0.2463768115942029,0.020495848730044855,0.21739130434782608,0.2608695652173913
0.197,ReproAlloc-Optimistic,0.2463768115942029,0.020495848730044855,0.21739130434782608,0.2608695652173913
0.198,ReproAlloc-Optimistic,0.2463768115942029,0.020495848730044855,0.21739130434782608,0.2608695652173913
0.199,ReproAlloc-Optimistic,0.2463768115942029,0.020495848730044855,0.21739130434782608,0.2608695652173913
0.2,ReproAlloc-Optimistic,0.2463768115942029,0.020495848730044855,0.21739130434782608,0.2608695652173913
