budget_frac,route_id,conf_rate_opt,runs_mean_opt,fails_mean_opt,conf_rate_mean,runs_mean_mean,fails_mean_mean,d_conf,d_runs,n_pool,s_total,p_hat,ref_pos,L_full,k_best,k_worst,mean_dur
0.05,RouteScenario_8,0.4166666666666667,4.833333333333333,4.833333333333333,0.25,2.3333333333333335,2.3333333333333335,0.16666666666666669,2.4999999999999996,10,10,1.0,1,0.35233651407901834,9,9,3023.9015131473543
0.05,RouteScenario_10,0.3333333333333333,3.0,3.0,0.16666666666666666,2.6666666666666665,2.6666666666666665,0.16666666666666666,0.3333333333333335,10,10,1.0,1,0.35233651407901834,9,9,3145.3420322179795
0.05,RouteScenario_9,0.3333333333333333,3.6666666666666665,3.4166666666666665,0.16666666666666666,2.0,1.8333333333333333,0.16666666666666666,1.6666666666666665,20,19,0.95,1,0.4568181328000959,9,12,2518.5798929452894
0.05,RouteScenario_0,0.0,0.08333333333333333,0.0,0.0,0.5,0.0,0.0,-0.4166666666666667,10,0,0.0,0,0.0,-1,-1,2295.0286073684692
0.05,RouteScenario_1,0.0,0.25,0.0,0.0,0.25,0.0,0.0,0.0,10,0,0.0,0,0.0,-1,-1,2152.0620292186736
0.05,RouteScenario_11,0.0,0.08333333333333333,0.0,0.0,2.0833333333333335,0.8333333333333334,0.0,-2.0,10,5,0.5,1,0.0,-1,-1,2445.545970392227
0.05,RouteScenario_12,0.0,0.4166666666666667,0.16666666666666666,0.0,0.16666666666666666,0.0,0.0,0.25,20,9,0.45,1,0.0,9,-1,5408.816071176529
0.05,RouteScenario_13,0.0,1.1666666666666667,1.0,0.0,0.8333333333333334,0.75,0.0,0.33333333333333337,10,9,0.9,1,0.25233651407901836,9,-1,4616.475317502021
0.05,RouteScenario_14,0.08333333333333333,0.75,0.75,0.08333333333333333,0.8333333333333334,0.8333333333333334,0.0,-0.08333333333333337,10,10,1.0,1,0.35233651407901834,9,9,3712.964694285393
0.05,RouteScenario_15,0.0,0.0,0.0,0.0,1.25,0.5,0.0,-1.25,20,10,0.5,1,0.006818132800095966,9,-1,4218.1309917807575
0.05,RouteScenario_16,0.0,0.08333333333333333,0.08333333333333333,0.0,0.75,0.6666666666666666,0.0,-0.6666666666666666,20,16,0.8,1,0.306818132800096,9,20,5107.469013988972
0.05,RouteScenario_17,0.0,0.5,0.16666666666666666,0.0,0.08333333333333333,0.0,0.0,0.4166666666666667,10,4,0.4,1,0.0,-1,-1,3300.431337952614
0.05,RouteScenario_18,0.0,0.5,0.3333333333333333,0.0,0.3333333333333333,0.16666666666666666,0.0,0.16666666666666669,20,11,0.55,1,0.05681813280009601,9,-1,6407.737443745136
0.05,RouteScenario_19,0.0,0.5833333333333334,0.25,0.0,0.3333333333333333,0.08333333333333333,0.0,0.25000000000000006,10,3,0.3,0,0.0,-1,-1,5027.356383395195
0.05,RouteScenario_2,0.0,0.5,0.0,0.0,0.5833333333333334,0.0,0.0,-0.08333333333333337,20,1,0.05,0,0.0,-1,-1,1805.4262664556504
0.05,RouteScenario_20,0.0,0.3333333333333333,0.3333333333333333,0.0,0.3333333333333333,0.25,0.0,0.0,10,9,0.9,1,0.25233651407901836,9,-1,6735.587093091011
0.05,RouteScenario_21,0.0,0.4166666666666667,0.0,0.0,0.25,0.0,0.0,0.16666666666666669,10,1,0.1,0,0.0,-1,-1,4665.2797242641445
0.05,RouteScenario_22,0.0,0.16666666666666666,0.16666666666666666,0.0,0.8333333333333334,0.5,0.0,-0.6666666666666667,20,9,0.45,1,0.0,9,-1,5739.622128891945
0.05,RouteScenario_23,0.0,0.3333333333333333,0.16666666666666666,0.0,0.08333333333333333,0.0,0.0,0.25,20,10,0.5,1,0.006818132800095966,9,-1,6989.939155268669
0.05,RouteScenario_24,0.0,0.75,0.5833333333333334,0.0,0.25,0.16666666666666666,0.0,0.5,10,8,0.8,1,0.15233651407901838,-1,-1,5641.225608897209
0.05,RouteScenario_25,0.0,0.6666666666666666,0.25,0.0,0.3333333333333333,0.08333333333333333,0.0,0.3333333333333333,10,3,0.3,0,0.0,-1,-1,3290.5230909585953
0.05,RouteScenario_26,0.0,0.0,0.0,0.0,0.0,0.0,0.0,0.0,20,8,0.4,1,0.0,-1,-1,3792.8379486083986
0.05,RouteScenario_27,0.0,0.25,0.0,0.0,0.3333333333333333,0.0,0.0,-0.08333333333333331,10,2,0.2,0,0.0,-1,-1,2799.777712273598
0.05,RouteScenario_28,0.0,0.5,0.0,0.0,0.16666666666666666,0.0,0.0,0.33333333333333337,10,2,0.2,0,0.0,-1,-1,2551.028286623955
0.05,RouteScenario_29,0.0,0.16666666666666666,0.0,0.0,0.5,0.0,0.0,-0.33333333333333337,10,0,0.0,0,0.0,-1,-1,2453.580996251106
0.05,RouteScenario_3,0.0,0.3333333333333333,0.0,0.0,1.25,0.0,0.0,-0.9166666666666667,10,0,0.0,0,0.0,-1,-1,1578.477391076088
0.05,RouteScenario_30,0.0,0.25,0.08333333333333333,0.0,0.8333333333333334,0.5833333333333334,0.0,-0.5833333333333334,20,13,0.65,1,0.156818132800096,9,-1,4795.1694167256355
0.05,RouteScenario_31,0.0,0.6666666666666666,0.4166666666666667,0.0,1.5,0.5,0.0,-0.8333333333333334,20,7,0.35,1,0.0,-1,-1,3429.8187932610513
0.05,RouteScenario_32,0.0,0.3333333333333333,0.3333333333333333,0.0,0.16666666666666666,0.16666666666666666,0.0,0.16666666666666666,10,10,1.0,1,0.35233651407901834,9,9,5904.355738830566
0.05,RouteScenario_34,0.0,0.25,0.0,0.0,0.16666666666666666,0.0,0.0,0.08333333333333334,20,6,0.3,0,0.0,-1,-1,2087.571885061264
0.05,RouteScenario_35,0.0,0.75,0.5,0.0,0.5,0.25,0.0,0.25,20,11,0.55,1,0.05681813280009601,9,-1,3724.6433007597925
0.05,RouteScenario_4,0.0,0.08333333333333333,0.0,0.0,0.75,0.0,0.0,-0.6666666666666666,10,0,0.0,0,0.0,-1,-1,1663.3061064481735
0.05,RouteScenario_5,0.0,0.16666666666666666,0.0,0.0,2.0833333333333335,0.0,0.0,-1.9166666666666667,10,0,0.0,0,0.0,-1,-1,1182.5659660577774
0.05,RouteScenario_6,0.0,0.75,0.4166666666666667,0.0,1.0833333333333333,0.4166666666666667,0.0,-0.33333333333333326,10,5,0.5,1,0.0,-1,-1,2664.435472846031
0.05,RouteScenario_7,0.16666666666666666,2.0833333333333335,2.0833333333333335,0.16666666666666666,1.5,1.5,0.0,0.5833333333333335,10,10,1.0,1,0.35233651407901834,9,9,3427.6279660224914
0.05,RouteScenario_33,0.16666666666666666,2.1666666666666665,2.1666666666666665,0.25,2.25,2.25,-0.08333333333333334,-0.08333333333333348,20,20,1.0,1,0.506818132800096,9,9,4615.456803703308
0.1,RouteScenario_10,0.75,6.75,6.75,0.25,2.25,2.25,0.5,4.5,10,10,1.0,1,0.35233651407901834,9,9,3145.3420322179795
0.1,RouteScenario_14,0.5,4.583333333333333,4.583333333333333,0.08333333333333333,0.8333333333333334,0.8333333333333334,0.4166666666666667,3.7499999999999996,10,10,1.0,1,0.35233651407901834,9,9,3712.964694285393
0.1,RouteScenario_33,0.4166666666666667,4.0,4.0,0.16666666666666666,1.8333333333333333,1.8333333333333333,0.25,2.166666666666667,20,20,1.0,1,0.506818132800096,9,9,4615.456803703308
0.1,RouteScenario_8,0.5,4.916666666666667,4.916666666666667,0.25,2.25,2.25,0.25,2.666666666666667,10,10,1.0,1,0.35233651407901834,9,9,3023.9015131473543
0.1,RouteScenario_7,0.4166666666666667,3.8333333333333335,3.8333333333333335,0.25,2.6666666666666665,2.6666666666666665,0.16666666666666669,1.166666666666667,10,10,1.0,1,0.35233651407901834,9,9,3427.6279660224914
0.1,RouteScenario_9,0.5,5.333333333333333,5.0,0.3333333333333333,4.166666666666667,4.0,0.16666666666666669,1.166666666666666,20,19,0.95,1,0.4568181328000959,9,12,2518.5798929452894
0.1,RouteScenario_13,0.08333333333333333,3.0,2.6666666666666665,0.0,2.5833333333333335,2.25,0.08333333333333333,0.4166666666666665,10,9,0.9,1,0.25233651407901836,9,-1,4616.475317502021
0.1,RouteScenario_0,0.0,0.4166666666666667,0.0,0.0,0.8333333333333334,0.0,0.0,-0.4166666666666667,10,0,0.0,0,0.0,-1,-1,2295.0286073684692
0.1,RouteScenario_1,0.0,0.3333333333333333,0.0,0.0,0.6666666666666666,0.0,0.0,-0.3333333333333333,10,0,0.0,0,0.0,-1,-1,2152.0620292186736
0.1,RouteScenario_11,0.0,0.3333333333333333,0.08333333333333333,0.0,1.0,0.4166666666666667,0.0,-0.6666666666666667,10,5,0.5,1,0.0,-1,-1,2445.545970392227
0.1,RouteScenario_12,0.0,0.5,0.08333333333333333,0.0,0.9166666666666666,0.3333333333333333,0.0,-0.41666666666666663,20,9,0.45,1,0.0,9,-1,5408.816071176529
0.1,RouteScenario_15,0.0,0.8333333333333334,0.4166666666666667,0.0,0.8333333333333334,0.3333333333333333,0.0,0.0,20,10,0.5,1,0.006818132800095966,9,-1,4218.1309917807575
0.1,RouteScenario_17,0.0,0.4166666666666667,0.0,0.0,0.5833333333333334,0.16666666666666666,0.0,-0.16666666666666669,10,4,0.4,1,0.0,-1,-1,3300.431337952614
0.1,RouteScenario_18,0.0,0.16666666666666666,0.16666666666666666,0.0,1.6666666666666667,0.9166666666666666,0.0,-1.5,20,11,0.55,1,0.05681813280009601,9,-1,6407.737443745136
0.1,RouteScenario_19,0.0,0.5833333333333334,0.3333333333333333,0.0,0.75,0.3333333333333333,0.0,-0.16666666666666663,10,3,0.3,0,0.0,-1,-1,5027.356383395195
0.1,RouteScenario_2,0.0,0.8333333333333334,0.0,0.0,0.0,0.0,0.0,0.8333333333333334,20,1,0.05,0,0.0,-1,-1,1805.4262664556504
0.1,RouteScenario_20,0.0,0.4166666666666667,0.3333333333333333,0.0,1.0,0.8333333333333334,0.0,-0.5833333333333333,10,9,0.9,1,0.25233651407901836,9,-1,6735.587093091011
0.1,RouteScenario_21,0.0,0.3333333333333333,0.0,0.0,0.16666666666666666,0.0,0.0,0.16666666666666666,10,1,0.1,0,0.0,-1,-1,4665.2797242641445
0.1,RouteScenario_22,0.0,0.5833333333333334,0.25,0.0,0.6666666666666666,0.4166666666666667,0.0,-0.08333333333333326,20,9,0.45,1,0.0,9,-1,5739.622128891945
0.1,RouteScenario_23,0.0,0.4166666666666667,0.25,0.0,0.5833333333333334,0.16666666666666666,0.0,-0.16666666666666669,20,10,0.5,1,0.006818132800095966,9,-1,6989.939155268669
0.1,RouteScenario_24,0.0,1.0833333333333333,0.6666666666666666,0.0,3.75,2.8333333333333335,0.0,-2.666666666666667,10,8,0.8,1,0.15233651407901838,-1,-1,5641.225608897209
0.1,RouteScenario_25,0.0,0.5833333333333334,0.08333333333333333,0.0,0.6666666666666666,0.16666666666666666,0.0,-0.08333333333333326,10,3,0.3,0,0.0,-1,-1,3290.5230909585953
0.1,RouteScenario_26,0.0,1.0,0.4166666666666667,0.0,0.25,0.0,0.0,0.75,20,8,0.4,1,0.0,-1,-1,3792.8379486083986
0.1,RouteScenario_27,0.0,0.8333333333333334,0.16666666666666666,0.0,0.75,0.08333333333333333,0.0,0.08333333333333337,10,2,0.2,0,0.0,-1,-1,2799.777712273598
0.1,RouteScenario_28,0.0,0.4166666666666667,0.08333333333333333,0.0,1.8333333333333333,0.3333333333333333,0.0,-1.4166666666666665,10,2,0.2,0,0.0,-1,-1,2551.028286623955
0.1,RouteScenario_29,0.0,0.5,0.0,0.0,0.5,0.0,0.0,0.0,10,0,0.0,0,0.0,-1,-1,2453.580996251106
0.1,RouteScenario_3,0.0,0.6666666666666666,0.0,0.0,1.25,0.0,0.0,-0.5833333333333334,10,0,0.0,0,0.0,-1,-1,1578.477391076088
0.1,RouteScenario_30,0.0,1.4166666666666667,0.8333333333333334,0.0,1.75,1.0833333333333333,0.0,-0.33333333333333326,20,13,0.65,1,0.156818132800096,9,-1,4795.1694167256355
0.1,RouteScenario_31,0.0,0.6666666666666666,0.25,0.0,0.6666666666666666,0.16666666666666666,0.0,0.0,20,7,0.35,1,0.0,-1,-1,3429.8187932610513
0.1,RouteScenario_34,0.0,1.1666666666666667,0.3333333333333333,0.0,2.0,0.5,0.0,-0.8333333333333333,20,6,0.3,0,0.0,-1,-1,2087.571885061264
0.1,RouteScenario_35,0.0,2.1666666666666665,1.25,0.0,0.75,0.25,0.0,1.4166666666666665,20,11,0.55,1,0.05681813280009601,9,-1,3724.6433007597925
0.1,RouteScenario_4,0.0,0.5,0.0,0.0,1.25,0.0,0.0,-0.75,10,0,0.0,0,0.0,-1,-1,1663.3061064481735
0.1,RouteScenario_5,0.0,1.0,0.0,0.0,1.6666666666666667,0.0,0.0,-0.6666666666666667,10,0,0.0,0,0.0,-1,-1,1182.5659660577774
0.1,RouteScenario_6,0.0,1.75,1.0833333333333333,0.0,2.5833333333333335,1.1666666666666667,0.0,-0.8333333333333335,10,5,0.5,1,0.0,-1,-1,2664.435472846031
0.1,RouteScenario_32,0.0,0.4166666666666667,0.4166666666666667,0.16666666666666666,1.5,1.5,-0.16666666666666666,-1.0833333333333333,10,10,1.0,1,0.35233651407901834,9,9,5904.355738830566
0.1,RouteScenario_16,0.08333333333333333,2.5,2.1666666666666665,0.25,4.416666666666667,3.5833333333333335,-0.16666666666666669,-1.916666666666667,20,16,0.8,1,0.306818132800096,9,20,5107.469013988972
0.2,RouteScenario_10,1.0,9.0,9.0,0.4166666666666667,3.75,3.75,0.5833333333333333,5.25,10,10,1.0,1,0.35233651407901834,9,9,3145.3420322179795
0.2,RouteScenario_7,1.0,9.0,9.0,0.5,5.083333333333333,5.083333333333333,0.5,3.916666666666667,10,10,1.0,1,0.35233651407901834,9,9,3427.6279660224914
0.2,RouteScenario_14,0.9166666666666666,8.333333333333334,8.333333333333334,0.4166666666666667,3.75,3.75,0.49999999999999994,4.583333333333334,10,10,1.0,1,0.35233651407901834,9,9,3712.964694285393
0.2,RouteScenario_33,0.8333333333333334,7.666666666666667,7.666666666666667,0.4166666666666667,4.083333333333333,4.083333333333333,0.4166666666666667,3.583333333333334,20,20,1.0,1,0.506818132800096,9,9,4615.456803703308
0.2,RouteScenario_9,0.6666666666666666,7.833333333333333,7.25,0.25,3.0833333333333335,2.75,0.41666666666666663,4.75,20,19,0.95,1,0.4568181328000959,9,12,2518.5798929452894
0.2,RouteScenario_8,1.0,9.0,9.0,0.6666666666666666,6.0,6.0,0.33333333333333337,3.0,10,10,1.0,1,0.35233651407901834,9,9,3023.9015131473543
0.2,RouteScenario_13,0.08333333333333333,5.416666666666667,4.666666666666667,0.0,3.6666666666666665,3.0,0.08333333333333333,1.7500000000000004,10,9,0.9,1,0.25233651407901836,9,-1,4616.475317502021
0.2,RouteScenario_0,0.0,1.0,0.0,0.0,1.1666666666666667,0.0,0.0,-0.16666666666666674,10,0,0.0,0,0.0,-1,-1,2295.0286073684692
0.2,RouteScenario_1,0.0,1.0,0.0,0.0,1.3333333333333333,0.0,0.0,-0.33333333333333326,10,0,0.0,0,0.0,-1,-1,2152.0620292186736
0.2,RouteScenario_11,0.0,2.0,0.6666666666666666,0.0,1.6666666666666667,0.5833333333333334,0.0,0.33333333333333326,10,5,0.5,1,0.0,-1,-1,2445.545970392227
0.2,RouteScenario_12,0.0,1.0833333333333333,0.4166666666666667,0.0,0.4166666666666667,0.0,0.0,0.6666666666666665,20,9,0.45,1,0.0,9,-1,5408.816071176529
0.2,RouteScenario_15,0.0,2.25,1.1666666666666667,0.0,1.0,0.4166666666666667,0.0,1.25,20,10,0.5,1,0.006818132800095966,9,-1,4218.1309917807575
0.2,RouteScenario_17,0.0,1.4166666666666667,0.25,0.0,0.5833333333333334,0.08333333333333333,0.0,0.8333333333333334,10,4,0.4,1,0.0,-1,-1,3300.431337952614
0.2,RouteScenario_18,0.0,1.6666666666666667,1.1666666666666667,0.0,4.833333333333333,2.5,0.0,-3.166666666666666,20,11,0.55,1,0.05681813280009601,9,-1,6407.737443745136
0.2,RouteScenario_19,0.0,1.4166666666666667,0.5,0.0,1.25,0.4166666666666667,0.0,0.16666666666666674,10,3,0.3,0,0.0,-1,-1,5027.356383395195
0.2,RouteScenario_2,0.0,1.1666666666666667,0.0,0.0,1.75,0.0,0.0,-0.5833333333333333,20,1,0.05,0,0.0,-1,-1,1805.4262664556504
0.2,RouteScenario_20,0.0,1.1666666666666667,1.0,0.0,6.083333333333333,5.416666666666667,0.0,-4.916666666666666,10,9,0.9,1,0.25233651407901836,9,-1,6735.587093091011
0.2,RouteScenario_21,0.0,1.0,0.0,0.0,0.5,0.0,0.0,0.5,10,1,0.1,0,0.0,-1,-1,4665.2797242641445
0.2,RouteScenario_22,0.0,1.0833333333333333,0.5,0.0,1.5833333333333333,0.6666666666666666,0.0,-0.5,20,9,0.45,1,0.0,9,-1,5739.622128891945
0.2,RouteScenario_23,0.0,1.0,0.4166666666666667,0.0,1.0,0.4166666666666667,0.0,0.0,20,10,0.5,1,0.006818132800095966,9,-1,6989.939155268669
0.2,RouteScenario_24,0.0,1.8333333333333333,1.3333333333333333,0.0,2.1666666666666665,1.5,0.0,-0.33333333333333326,10,8,0.8,1,0.15233651407901838,-1,-1,5641.225608897209
0.2,RouteScenario_25,0.0,1.25,0.25,0.0,1.25,0.25,0.0,0.0,10,3,0.3,0,0.0,-1,-1,3290.5230909585953
0.2,RouteScenario_26,0.0,1.5833333333333333,0.5,0.0,2.0833333333333335,0.75,0.0,-0.5000000000000002,20,8,0.4,1,0.0,-1,-1,3792.8379486083986
0.2,RouteScenario_27,0.0,1.25,0.16666666666666666,0.0,0.75,0.08333333333333333,0.0,0.5,10,2,0.2,0,0.0,-1,-1,2799.777712273598
0.2,RouteScenario_28,0.0,1.3333333333333333,0.16666666666666666,0.0,0.8333333333333334,0.16666666666666666,0.0,0.4999999999999999,10,2,0.2,0,0.0,-1,-1,2551.028286623955
0.2,RouteScenario_29,0.0,1.0,0.0,0.0,1.3333333333333333,0.0,0.0,-0.33333333333333326,10,0,0.0,0,0.0,-1,-1,2453.580996251106
0.2,RouteScenario_3,0.0,1.5833333333333333,0.0,0.0,2.0833333333333335,0.0,0.0,-0.5000000000000002,10,0,0.0,0,0.0,-1,-1,1578.477391076088
0.2,RouteScenario_30,0.0,3.0833333333333335,2.0,0.0,4.166666666666667,2.5,0.0,-1.0833333333333335,20,13,0.65,1,0.156818132800096,9,-1,4795.1694167256355
0.2,RouteScenario_31,0.0,2.1666666666666665,1.0,0.0,2.9166666666666665,1.0833333333333333,0.0,-0.75,20,7,0.35,1,0.0,-1,-1,3429.8187932610513
0.2,RouteScenario_34,0.0,1.5833333333333333,0.3333333333333333,0.0,3.0,0.6666666666666666,0.0,-1.4166666666666667,20,6,0.3,0,0.0,-1,-1,2087.571885061264
0.2,RouteScenario_35,0.0,3.0,1.5833333333333333,0.0,3.4166666666666665,1.75,0.0,-0.4166666666666665,20,11,0.55,1,0.05681813280009601,9,-1,3724.6433007597925
0.2,RouteScenario_4,0.0,1.5,0.0,0.0,1.0833333333333333,0.0,0.0,0.41666666666666674,10,0,0.0,0,0.0,-1,-1,1663.3061064481735
0.2,RouteScenario_5,0.0,2.0,0.0,0.0,1.6666666666666667,0.0,0.0,0.33333333333333326,10,0,0.0,0,0.0,-1,-1,1182.5659660577774
0.2,RouteScenario_6,0.0,4.083333333333333,2.0833333333333335,0.0,2.0,0.8333333333333334,0.0,2.083333333333333,10,5,0.5,1,0.0,-1,-1,2664.435472846031
0.2,RouteScenario_16,0.08333333333333333,4.083333333333333,3.0833333333333335,0.3333333333333333,7.333333333333333,5.916666666666667,-0.25,-3.25,20,16,0.8,1,0.306818132800096,9,20,5107.469013988972
0.2,RouteScenario_32,0.08333333333333333,2.5,2.5,0.6666666666666666,6.583333333333333,6.583333333333333,-0.5833333333333333,-4.083333333333333,10,10,1.0,1,0.35233651407901834,9,9,5904.355738830566
