budget_frac,route_id,p_hat,n_pool,s_total,ref_pos,k_best,k_worst,early_s,early_n,q_mean,q_O,m_star_mean,m_star_ORCC,escape_states,visits_mean,visits_orcc,confirmed_mean,confirmed_orcc,d_conf
0.05,RouteScenario_8,1,10,10,1,9,9,1,1,0.666667,0.974679,inf,8,7,2.33333,4.83333,0.25,0.416667,0.166667
0.05,RouteScenario_9,0.95,20,19,1,9,12,1,1,0.666667,0.974679,inf,8,6,2,3.66667,0.166667,0.333333,0.166667
0.05,RouteScenario_10,1,10,10,1,9,9,1,1,0.666667,0.974679,inf,8,4,2.66667,3,0.166667,0.333333,0.166667
0.1,RouteScenario_10,1,10,10,1,9,9,1,1,0.666667,0.974679,39,8,0,2.25,6.75,0.25,0.75,0.5
0.1,RouteScenario_14,1,10,10,1,9,9,1,1,0.666667,0.974679,39,8,0,0.833333,4.58333,0.0833333,0.5,0.416667
0.1,RouteScenario_33,1,20,20,1,9,9,1,1,0.666667,0.974679,39,8,0,1.83333,4,0.166667,0.416667,0.25
0.1,RouteScenario_8,1,10,10,1,9,9,1,1,0.666667,0.974679,39,8,0,2.25,4.91667,0.25,0.5,0.25
0.1,RouteScenario_9,0.95,20,19,1,9,12,1,1,0.666667,0.974679,39,8,1,4.16667,5.33333,0.333333,0.5,0.166667
0.2,RouteScenario_10,1,10,10,1,9,9,1,1,0.666667,0.974679,39,8,0,3.75,9,0.416667,1,0.583333
0.2,RouteScenario_7,1,10,10,1,9,9,1,1,0.666667,0.974679,39,8,0,5.08333,9,0.5,1,0.5
0.2,RouteScenario_14,1,10,10,1,9,9,1,1,0.666667,0.974679,39,8,0,3.75,8.33333,0.416667,0.916667,0.5
0.2,RouteScenario_33,1,20,20,1,9,9,1,1,0.666667,0.974679,39,8,0,4.08333,7.66667,0.416667,0.833333,0.416667
0.2,RouteScenario_9,0.95,20,19,1,9,12,1,1,0.666667,0.974679,39,8,3,3.08333,7.83333,0.25,0.666667,0.416667
