arm,s,n,post_a,post_b,q_mean,q_opt,m_mean,m_opt,confirmed,sel_kind,would_differ
18,1,1,2.0,1.0,0.6666666666666666,0.9746794344808963,39.0,8.0,False,main,True
19,1,1,2.0,1.0,0.6666666666666666,0.9746794344808963,39.0,8.0,False,main,True
19,2,2,3.0,1.0,0.75,0.9830475724915585,21.0,7.0,False,main,False
19,2,3,3.0,2.0,0.6,0.9023885371135856,63.0,12.0,False,main,False
30,1,1,2.0,1.0,0.6666666666666666,0.9746794344808963,39.0,8.0,False,main,True
30,1,2,2.0,2.0,0.5,0.8646496378284161,-1.0,16.0,False,main,False
3,0,1,1.0,2.0,0.3333333333333333,0.776393202250021,-1.0,25.0,False,main,True
9,1,1,2.0,1.0,0.6666666666666666,0.9746794344808963,39.0,8.0,False,main,True
9,1,2,2.0,2.0,0.5,0.8646496378284161,-1.0,16.0,False,main,False
23,0,1,1.0,2.0,0.3333333333333333,0.776393202250021,-1.0,25.0,False,main,True
10,1,1,2.0,1.0,0.6666666666666666,0.9746794344808963,39.0,8.0,False,main,True
10,2,2,3.0,1.0,0.75,0.9830475724915585,21.0,7.0,False,main,False
10,3,3,4.0,1.0,0.8,0.9872585449014338,14.0,6.0,False,main,False
10,4,4,5.0,1.0,0.8333333333333334,0.9897937816869885,10.0,5.0,False,main,False
10,5,5,6.0,1.0,0.8571428571428571,0.9914875553891529,7.0,4.0,False,main,False
10,6,6,7.0,1.0,0.875,0.9926991680209853,4.0,3.0,False,main,False
10,7,7,8.0,1.0,0.8888888888888888,0.993608849045455,2.0,2.0,False,main,False
10,8,8,9.0,1.0,0.9,0.9943169550119519,1.0,1.0,False,main,False
10,9,9,10.0,1.0,0.9090909090909091,0.9948838031081763,-1.0,-1.0,True,main,False
12,0,1,1.0,2.0,0.3333333333333333,0.776393202250021,-1.0,25.0,False,main,True
2,0,1,1.0,2.0,0.3333333333333333,0.776393202250021,-1.0,25.0,False,main,True
4,0,1,1.0,2.0,0.3333333333333333,0.776393202250021,-1.0,25.0,False,main,True
15,0,1,1.0,2.0,0.3333333333333333,0.776393202250021,-1.0,25.0,False,main,True
35,1,1,2.0,1.0,0.6666666666666666,0.9746794344808963,39.0,8.0,False,main,True
35,2,2,3.0,1.0,0.75,0.9830475724915585,21.0,7.0,False,main,False
35,3,3,4.0,1.0,0.8,0.9872585449014338,14.0,6.0,False,main,False
35,3,4,4.0,2.0,0.6666666666666666,0.923559608587671,36.0,10.0,False,main,False
35,4,5,5.0,2.0,0.7142857142857143,0.9371501082916456,24.0,9.0,False,main,False
35,5,6,6.0,2.0,0.75,0.9466244995297628,17.0,7.0,False,main,False
35,5,7,6.0,3.0,0.6666666666666666,0.8888872933923708,33.0,11.0,False,main,False
35,6,8,7.0,3.0,0.7,0.9022531865607242,24.0,9.0,False,main,False
35,7,9,8.0,3.0,0.7272727272727273,0.9127355660858496,17.0,8.0,False,main,False
35,7,10,8.0,4.0,0.6666666666666666,0.8649245270803587,30.0,11.0,False,main,False
0,0,1,1.0,2.0,0.3333333333333333,0.776393202250021,-1.0,25.0,False,main,True
21,0,1,1.0,2.0,0.3333333333333333,0.776393202250021,-1.0,25.0,False,main,True
1,0,1,1.0,2.0,0.3333333333333333,0.776393202250021,-1.0,25.0,False,main,True
8,1,1,2.0,1.0,0.6666666666666666,0.9746794344808963,39.0,8.0,False,main,True
8,2,2,3.0,1.0,0.75,0.9830475724915585,21.0,7.0,False,main,False
8,3,3,4.0,1.0,0.8,0.9872585449014338,14.0,6.0,False,main,False
8,4,4,5.0,1.0,0.8333333333333334,0.9897937816869885,10.0,5.0,False,main,False
8,5,5,6.0,1.0,0.8571428571428571,0.9914875553891529,7.0,4.0,False,main,False
8,6,6,7.0,1.0,0.875,0.9926991680209853,4.0,3.0,False,main,False
8,7,7,8.0,1.0,0.8888888888888888,0.993608849045455,2.0,2.0,False,main,False
8,8,8,9.0,1.0,0.9,0.9943169550119519,1.0,1.0,False,main,False
8,9,9,10.0,1.0,0.9090909090909091,0.9948838031081763,-1.0,-1.0,True,main,False
13,1,1,2.0,1.0,0.6666666666666666,0.9746794344808963,39.0,8.0,False,main,True
13,2,2,3.0,1.0,0.75,0.9830475724915585,21.0,7.0,False,main,True
13,3,3,4.0,1.0,0.8,0.9872585449014338,14.0,6.0,False,main,False
13,4,4,5.0,1.0,0.8333333333333334,0.9897937816869885,10.0,5.0,False,main,False
13,5,5,6.0,1.0,0.8571428571428571,0.9914875553891529,7.0,4.0,False,main,False
13,6,6,7.0,1.0,0.875,0.9926991680209853,4.0,3.0,False,main,False
13,7,7,8.0,1.0,0.8888888888888888,0.993608849045455,2.0,2.0,False,main,False
13,7,8,8.0,2.0,0.8,0.9589768324930035,9.0,5.0,False,main,False
13,8,9,9.0,2.0,0.8181818181818182,0.9632285621125349,6.0,3.0,False,main,False
13,9,10,10.0,2.0,0.8333333333333334,0.9666807823157701,4.0,2.0,False,main,False
14,1,1,2.0,1.0,0.6666666666666666,0.9746794344808963,39.0,8.0,False,main,True
14,2,2,3.0,1.0,0.75,0.9830475724915585,21.0,7.0,False,main,True
14,3,3,4.0,1.0,0.8,0.9872585449014338,14.0,6.0,False,main,False
14,4,4,5.0,1.0,0.8333333333333334,0.9897937816869885,10.0,5.0,False,main,False
14,5,5,6.0,1.0,0.8571428571428571,0.9914875553891529,7.0,4.0,False,main,False
14,6,6,7.0,1.0,0.875,0.9926991680209853,4.0,3.0,False,main,False
14,7,7,8.0,1.0,0.8888888888888888,0.993608849045455,2.0,2.0,False,main,False
14,8,8,9.0,1.0,0.9,0.9943169550119519,1.0,1.0,False,main,False
14,9,9,10.0,1.0,0.9090909090909091,0.9948838031081763,-1.0,-1.0,True,main,False
32,1,1,2.0,1.0,0.6666666666666666,0.9746794344808963,39.0,8.0,False,main,True
29,0,1,1.0,2.0,0.3333333333333333,0.776393202250021,-1.0,25.0,False,main,True
5,0,1,1.0,2.0,0.3333333333333333,0.776393202250021,-1.0,25.0,False,main,True
5,0,2,1.0,3.0,0.25,0.6315968501359612,-1.0,60.0,False,main,True
25,0,1,1.0,2.0,0.3333333333333333,0.776393202250021,-1.0,25.0,False,main,True
26,0,1,1.0,2.0,0.3333333333333333,0.776393202250021,-1.0,25.0,False,main,True
27,0,1,1.0,2.0,0.3333333333333333,0.776393202250021,-1.0,25.0,False,main,True
16,1,1,2.0,1.0,0.6666666666666666,0.9746794344808963,39.0,8.0,False,main,True
22,1,1,2.0,1.0,0.6666666666666666,0.9746794344808963,39.0,8.0,False,main,True
20,1,1,2.0,1.0,0.6666666666666666,0.9746794344808963,39.0,8.0,False,main,True
28,0,1,1.0,2.0,0.3333333333333333,0.776393202250021,-1.0,25.0,False,main,True
17,1,1,2.0,1.0,0.6666666666666666,0.9746794344808963,39.0,8.0,False,main,True
17,1,2,2.0,2.0,0.5,0.8646496378284161,-1.0,16.0,False,main,True
31,0,1,1.0,2.0,0.3333333333333333,0.776393202250021,-1.0,25.0,False,main,True
34,0,1,1.0,2.0,0.3333333333333333,0.776393202250021,-1.0,25.0,False,main,True
7,1,1,2.0,1.0,0.6666666666666666,0.9746794344808963,39.0,8.0,False,main,True
7,2,2,3.0,1.0,0.75,0.9830475724915585,21.0,7.0,False,main,True
7,3,3,4.0,1.0,0.8,0.9872585449014338,14.0,6.0,False,main,False
7,4,4,5.0,1.0,0.8333333333333334,0.9897937816869885,10.0,5.0,False,main,False
7,5,5,6.0,1.0,0.8571428571428571,0.9914875553891529,7.0,4.0,False,main,False
7,6,6,7.0,1.0,0.875,0.9926991680209853,4.0,3.0,False,main,False
7,7,7,8.0,1.0,0.8888888888888888,0.993608849045455,2.0,2.0,False,main,False
7,8,8,9.0,1.0,0.9,0.9943169550119519,1.0,1.0,False,main,False
7,9,9,10.0,1.0,0.9090909090909091,0.9948838031081763,-1.0,-1.0,True,main,False
11,0,1,1.0,2.0,0.3333333333333333,0.776393202250021,-1.0,25.0,False,main,True
33,1,1,2.0,1.0,0.6666666666666666,0.9746794344808963,39.0,8.0,False,main,True
33,2,2,3.0,1.0,0.75,0.9830475724915585,21.0,7.0,False,main,True
33,3,3,4.0,1.0,0.8,0.9872585449014338,14.0,6.0,False,main,False
33,4,4,5.0,1.0,0.8333333333333334,0.9897937816869885,10.0,5.0,False,main,False
33,5,5,6.0,1.0,0.8571428571428571,0.9914875553891529,7.0,4.0,False,main,False
33,6,6,7.0,1.0,0.875,0.9926991680209853,4.0,3.0,False,main,False
33,7,7,8.0,1.0,0.8888888888888888,0.993608849045455,2.0,2.0,False,main,False
33,8,8,9.0,1.0,0.9,0.9943169550119519,1.0,1.0,False,main,False
33,9,9,10.0,1.0,0.9090909090909091,0.9948838031081763,-1.0,-1.0,True,main,False
24,1,1,2.0,1.0,0.6666666666666666,0.9746794344808963,39.0,8.0,False,main,True
24,2,2,3.0,1.0,0.75,0.9830475724915585,21.0,7.0,False,main,True
24,3,3,4.0,1.0,0.8,0.9872585449014338,14.0,6.0,False,main,False
24,4,4,5.0,1.0,0.8333333333333334,0.9897937816869885,10.0,5.0,False,main,False
24,5,5,6.0,1.0,0.8571428571428571,0.9914875553891529,7.0,4.0,False,main,False
