tp,fp,fn,confirmed,recall,precision,executions,time_used,overtime,sched_overhead_s,n_main_pos,n_fallback,fallback_ratio,dataset,split_id,split_seed,rep,method,method_key,time_frac,budget_s,m_cap,K,n_ref_good,unique_tests_visited,mean_exec_per_visited,exec_finally_confirmed,exec_finally_unconfirmed
0,0,4322,0,0.0,0.0,616,39238.05001401901,9.869068884851004,0.029754900257103145,0,0,0.0,sensodat,9,20261010,0,Uniform,uniform,0.05,39228.18094513416,930,12135,4322,595,1.035294117647059,0,616
77,0,4245,77,0.01781582600647848,1.0,730,39256.221653461456,28.04070832729485,0.09653170133242384,0,0,0.0,sensodat,9,20261010,0,FailRerun,failrerun,0.05,39228.18094513416,930,12135,4322,110,6.636363636363637,693,37
0,0,4322,0,0.0,0.0,660,39312.8983399868,84.7173948526397,0.20551179943140596,0,0,0.0,sensodat,9,20261010,0,APGAI,apgai,0.05,39228.18094513416,930,12135,4322,660,1.0,0,660
83,0,4239,83,0.01920407218880148,1.0,1559,39233.85416388512,5.6732187509551295,0.2399440003791824,1559,0,0.0,sensodat,9,20261010,0,ScoreCost,scorecost,0.05,39228.18094513416,930,12135,4322,329,4.738601823708207,747,812
91,0,4231,91,0.02105506709856548,1.0,968,39252.71238923073,24.5314440965667,0.4996297989273444,968,0,0.0,sensodat,9,20261010,0,ReproAlloc,ercc_mean,0.05,39228.18094513416,930,12135,4322,196,4.938775510204081,819,149
94,0,4228,94,0.02174919018972698,1.0,976,39232.61710476875,4.436159634591604,0.2570094998809509,976,0,0.0,sensodat,9,20261010,0,ReproAlloc-OA,ercc_outcome,0.05,39228.18094513416,930,12135,4322,219,4.45662100456621,846,130
94,0,4228,94,0.02174919018972698,1.0,1086,39231.984036684036,3.8030915498748072,0.4839051989838481,1086,0,0.0,sensodat,9,20261010,0,ReproAlloc-Optimistic,ercc_optimistic,0.05,39228.18094513416,930,12135,4322,248,4.379032258064516,846,240
73,0,4249,73,0.016890328551596483,1.0,1823,39245.21035313606,17.029408001901174,0.571516799274832,1823,0,0.0,sensodat,9,20261010,0,OptimisticScoreCost,optimistic_scorecost,0.05,39228.18094513416,930,12135,4322,345,5.284057971014493,657,1166
0,0,4322,0,0.0,0.0,597,39238.02075910568,9.839813971520925,0.016209699970204383,0,0,0.0,sensodat,9,20261010,1,Uniform,uniform,0.05,39228.18094513416,930,12135,4322,586,1.0187713310580204,0,597
77,0,4245,77,0.01781582600647848,1.0,730,39256.221653461456,28.04070832729485,0.07856819941662252,0,0,0.0,sensodat,9,20261010,1,FailRerun,failrerun,0.05,39228.18094513416,930,12135,4322,110,6.636363636363637,693,37
0,0,4322,0,0.0,0.0,660,39312.8983399868,84.7173948526397,0.21775829937541857,0,0,0.0,sensodat,9,20261010,1,APGAI,apgai,0.05,39228.18094513416,930,12135,4322,660,1.0,0,660
83,0,4239,83,0.01920407218880148,1.0,1559,39233.85416388512,5.6732187509551295,0.17034530075034127,1559,0,0.0,sensodat,9,20261010,1,ScoreCost,scorecost,0.05,39228.18094513416,930,12135,4322,329,4.738601823708207,747,812
92,0,4230,92,0.02128644146228598,1.0,969,39233.58849787712,5.407552742959524,0.38684469903819263,969,0,0.0,sensodat,9,20261010,1,ReproAlloc,ercc_mean,0.05,39228.18094513416,930,12135,4322,193,5.020725388601036,828,141
94,0,4228,94,0.02174919018972698,1.0,976,39232.61710476875,4.436159634591604,0.3898727002670057,976,0,0.0,sensodat,9,20261010,1,ReproAlloc-OA,ercc_outcome,0.05,39228.18094513416,930,12135,4322,219,4.45662100456621,846,130
90,0,4232,90,0.020823692734844978,1.0,1024,39239.05081605911,10.869870924951101,0.474489699001424,1024,0,0.0,sensodat,9,20261010,1,ReproAlloc-Optimistic,ercc_optimistic,0.05,39228.18094513416,930,12135,4322,225,4.551111111111111,810,214
73,0,4249,73,0.016890328551596483,1.0,1823,39245.21035313606,17.029408001901174,0.5370374998310581,1823,0,0.0,sensodat,9,20261010,1,OptimisticScoreCost,optimistic_scorecost,0.05,39228.18094513416,930,12135,4322,345,5.284057971014493,657,1166
0,0,4322,0,0.0,0.0,627,39331.815964221954,103.6350190877929,0.020040999515913427,0,0,0.0,sensodat,9,20261010,2,Uniform,uniform,0.05,39228.18094513416,930,12135,4322,616,1.0178571428571428,0,627
77,0,4245,77,0.01781582600647848,1.0,730,39256.221653461456,28.04070832729485,0.06742000061785802,0,0,0.0,sensodat,9,20261010,2,FailRerun,failrerun,0.05,39228.18094513416,930,12135,4322,110,6.636363636363637,693,37
0,0,4322,0,0.0,0.0,660,39312.8983399868,84.7173948526397,0.22773270134348422,0,0,0.0,sensodat,9,20261010,2,APGAI,apgai,0.05,39228.18094513416,930,12135,4322,660,1.0,0,660
83,0,4239,83,0.01920407218880148,1.0,1559,39233.85416388512,5.6732187509551295,0.19530119973933324,1559,0,0.0,sensodat,9,20261010,2,ScoreCost,scorecost,0.05,39228.18094513416,930,12135,4322,329,4.738601823708207,747,812
93,0,4229,93,0.021517815826006478,1.0,977,39233.694437503815,5.51349236965325,0.3245660013053566,977,0,0.0,sensodat,9,20261010,2,ReproAlloc,ercc_mean,0.05,39228.18094513416,930,12135,4322,192,5.088541666666667,837,140
94,0,4228,94,0.02174919018972698,1.0,976,39232.61710476875,4.436159634591604,0.28730840008938685,976,0,0.0,sensodat,9,20261010,2,ReproAlloc-OA,ercc_outcome,0.05,39228.18094513416,930,12135,4322,219,4.45662100456621,846,130
92,0,4230,92,0.02128644146228598,1.0,1047,39256.90266895294,28.721723818780447,0.5674327994929627,1047,0,0.0,sensodat,9,20261010,2,ReproAlloc-Optimistic,ercc_optimistic,0.05,39228.18094513416,930,12135,4322,229,4.572052401746725,828,219
73,0,4249,73,0.016890328551596483,1.0,1823,39245.21035313606,17.029408001901174,0.5064605009974912,1823,0,0.0,sensodat,9,20261010,2,OptimisticScoreCost,optimistic_scorecost,0.05,39228.18094513416,930,12135,4322,345,5.284057971014493,657,1166
0,0,4322,0,0.0,0.0,1206,78502.87973499298,46.51784472465806,0.030039498989935964,0,0,0.0,sensodat,9,20261010,0,Uniform,uniform,0.1,78456.36189026832,1858,12135,4322,1145,1.0532751091703056,0,1206
156,0,4166,156,0.036094400740397964,1.0,1473,78501.24932932854,44.88743906021409,0.13508329971227795,0,0,0.0,sensodat,9,20261010,0,FailRerun,failrerun,0.1,78456.36189026832,1858,12135,4322,224,6.575892857142857,1404,69
0,0,4322,0,0.0,0.0,1274,78526.01414442062,69.65225415230088,0.4276925995363854,0,0,0.0,sensodat,9,20261010,0,APGAI,apgai,0.1,78456.36189026832,1858,12135,4322,1274,1.0,0,1274
151,0,4171,151,0.03493752892179546,1.0,3005,78457.73644351959,1.3745532512693899,0.27668069943320006,3005,0,0.0,sensodat,9,20261010,0,ScoreCost,scorecost,0.1,78456.36189026832,1858,12135,4322,622,4.831189710610932,1359,1646
179,0,4143,179,0.04141601110596946,1.0,1831,78463.69190096855,7.3300107002287405,0.6615390004008077,1831,0,0.0,sensodat,9,20261010,0,ReproAlloc,ercc_mean,0.1,78456.36189026832,1858,12135,4322,339,5.40117994100295,1611,220
180,0,4142,180,0.041647385469689956,1.0,1802,78476.80570363998,20.443813371661236,0.6492157991742715,1802,0,0.0,sensodat,9,20261010,0,ReproAlloc-OA,ercc_outcome,0.1,78456.36189026832,1858,12135,4322,362,4.9779005524861875,1620,182
175,0,4147,175,0.04049051365108746,1.0,2102,78503.6327342987,47.27084403038316,1.038918600359466,2102,0,0.0,sensodat,9,20261010,0,ReproAlloc-Optimistic,ercc_optimistic,0.1,78456.36189026832,1858,12135,4322,545,3.856880733944954,1575,527
130,0,4192,130,0.03007866728366497,1.0,3761,78467.1406276226,10.778737354281475,1.0660392983118072,3761,0,0.0,sensodat,9,20261010,0,OptimisticScoreCost,optimistic_scorecost,0.1,78456.36189026832,1858,12135,4322,678,5.547197640117994,1170,2591
0,0,4322,0,0.0,0.0,1221,78476.15646576881,19.79457550049119,0.03962280007544905,0,0,0.0,sensodat,9,20261010,1,Uniform,uniform,0.1,78456.36189026832,1858,12135,4322,1161,1.0516795865633075,0,1221
156,0,4166,156,0.036094400740397964,1.0,1473,78501.24932932854,44.88743906021409,0.16084230091655627,0,0,0.0,sensodat,9,20261010,1,FailRerun,failrerun,0.1,78456.36189026832,1858,12135,4322,224,6.575892857142857,1404,69
0,0,4322,0,0.0,0.0,1274,78526.01414442062,69.65225415230088,0.37819300062255934,0,0,0.0,sensodat,9,20261010,1,APGAI,apgai,0.1,78456.36189026832,1858,12135,4322,1274,1.0,0,1274
151,0,4171,151,0.03493752892179546,1.0,3005,78457.73644351959,1.3745532512693899,0.27276159852044657,3005,0,0.0,sensodat,9,20261010,1,ScoreCost,scorecost,0.1,78456.36189026832,1858,12135,4322,622,4.831189710610932,1359,1646
179,0,4143,179,0.04141601110596946,1.0,1831,78463.69190096855,7.3300107002287405,0.6903183004469611,1831,0,0.0,sensodat,9,20261010,1,ReproAlloc,ercc_mean,0.1,78456.36189026832,1858,12135,4322,339,5.40117994100295,1611,220
180,0,4142,180,0.041647385469689956,1.0,1802,78476.80570363998,20.443813371661236,0.6147255995310843,1802,0,0.0,sensodat,9,20261010,1,ReproAlloc-OA,ercc_outcome,0.1,78456.36189026832,1858,12135,4322,362,4.9779005524861875,1620,182
174,0,4148,174,0.04025913928736696,1.0,2066,78487.29920697212,30.937316703799297,0.9262474991264753,2066,0,0.0,sensodat,9,20261010,1,ReproAlloc-Optimistic,ercc_optimistic,0.1,78456.36189026832,1858,12135,4322,529,3.9054820415879017,1566,500
130,0,4192,130,0.03007866728366497,1.0,3761,78467.1406276226,10.778737354281475,1.0753380996757187,3761,0,0.0,sensodat,9,20261010,1,OptimisticScoreCost,optimistic_scorecost,0.1,78456.36189026832,1858,12135,4322,678,5.547197640117994,1170,2591
0,0,4322,0,0.0,0.0,1194,78564.70965480804,108.34776453972154,0.027281501097604632,0,0,0.0,sensodat,9,20261010,2,Uniform,uniform,0.1,78456.36189026832,1858,12135,4322,1140,1.0473684210526315,0,1194
156,0,4166,156,0.036094400740397964,1.0,1473,78501.24932932854,44.88743906021409,0.12113560026045889,0,0,0.0,sensodat,9,20261010,2,FailRerun,failrerun,0.1,78456.36189026832,1858,12135,4322,224,6.575892857142857,1404,69
0,0,4322,0,0.0,0.0,1274,78526.01414442062,69.65225415230088,0.3434082003077492,0,0,0.0,sensodat,9,20261010,2,APGAI,apgai,0.1,78456.36189026832,1858,12135,4322,1274,1.0,0,1274
151,0,4171,151,0.03493752892179546,1.0,3005,78457.73644351959,1.3745532512693899,0.2729156021378003,3005,0,0.0,sensodat,9,20261010,2,ScoreCost,scorecost,0.1,78456.36189026832,1858,12135,4322,622,4.831189710610932,1359,1646
179,0,4143,179,0.04141601110596946,1.0,1831,78463.69190096855,7.3300107002287405,0.705306199437473,1831,0,0.0,sensodat,9,20261010,2,ReproAlloc,ercc_mean,0.1,78456.36189026832,1858,12135,4322,339,5.40117994100295,1611,220
180,0,4142,180,0.041647385469689956,1.0,1802,78476.80570363998,20.443813371661236,0.5499816996161826,1802,0,0.0,sensodat,9,20261010,2,ReproAlloc-OA,ercc_outcome,0.1,78456.36189026832,1858,12135,4322,362,4.9779005524861875,1620,182
179,0,4143,179,0.04141601110596946,1.0,2121,78503.00100684166,46.63911657333665,0.9639904004288837,2121,0,0.0,sensodat,9,20261010,2,ReproAlloc-Optimistic,ercc_optimistic,0.1,78456.36189026832,1858,12135,4322,548,3.8704379562043796,1611,510
130,0,4192,130,0.03007866728366497,1.0,3761,78467.1406276226,10.778737354281475,1.0635873969877139,3761,0,0.0,sensodat,9,20261010,2,OptimisticScoreCost,optimistic_scorecost,0.1,78456.36189026832,1858,12135,4322,678,5.547197640117994,1170,2591
0,0,4322,0,0.0,0.0,2509,156962.36101460457,49.63723406792269,0.07588019978720695,0,0,0.0,sensodat,9,20261010,0,Uniform,uniform,0.2,156912.72378053665,3715,12135,4322,2289,1.0961118392311053,0,2509
311,0,4011,311,0.07195742711707542,1.0,2930,156912.82952594757,0.10574541092501022,0.26726449973648414,0,0,0.0,sensodat,9,20261010,0,FailRerun,failrerun,0.2,156912.72378053665,3715,12135,4322,440,6.659090909090909,2799,131
0,0,4322,0,0.0,0.0,2435,156946.34767866135,33.623898124700645,0.7940472975606099,0,0,0.0,sensodat,9,20261010,0,APGAI,apgai,0.2,156912.72378053665,3715,12135,4322,2435,1.0,0,2435
287,0,4035,287,0.06640444238778344,1.0,5760,156953.40409898758,40.680318450933555,0.556133100471925,5760,0,0.0,sensodat,9,20261010,0,ScoreCost,scorecost,0.2,156912.72378053665,3715,12135,4322,1062,5.423728813559322,2583,3177
330,0,3992,330,0.07635354002776493,1.0,3353,156955.2715666294,42.547786092764,1.2892610970884562,3353,0,0.0,sensodat,9,20261010,0,ReproAlloc,ercc_mean,0.2,156912.72378053665,3715,12135,4322,608,5.514802631578948,2970,383
331,0,3991,331,0.07658491439148542,1.0,3276,156946.07525491714,33.351474380498985,1.0877787996432744,3276,0,0.0,sensodat,9,20261010,0,ReproAlloc-OA,ercc_outcome,0.2,156912.72378053665,3715,12135,4322,608,5.3881578947368425,2979,297
336,0,3986,336,0.07774178621008793,1.0,3944,156958.25014305115,45.52636251450167,1.9062768993899226,3944,0,0.0,sensodat,9,20261010,0,ReproAlloc-Optimistic,ercc_optimistic,0.2,156912.72378053665,3715,12135,4322,946,4.1691331923890065,3024,920
243,0,4079,243,0.056223970384081445,1.0,7427,156959.6833024025,46.95952186585055,2.3615715979249217,7427,0,0.0,sensodat,9,20261010,0,OptimisticScoreCost,optimistic_scorecost,0.2,156912.72378053665,3715,12135,4322,1268,5.857255520504732,2187,5240
0,0,4322,0,0.0,0.0,2383,156931.91020751,19.186426973348716,0.07398919959086925,0,0,0.0,sensodat,9,20261010,1,Uniform,uniform,0.2,156912.72378053665,3715,12135,4322,2162,1.1022201665124884,0,2383
311,0,4011,311,0.07195742711707542,1.0,2930,156912.82952594757,0.10574541092501022,0.2816051979898475,0,0,0.0,sensodat,9,20261010,1,FailRerun,failrerun,0.2,156912.72378053665,3715,12135,4322,440,6.659090909090909,2799,131
0,0,4322,0,0.0,0.0,2435,156946.34767866135,33.623898124700645,0.8051447991747409,0,0,0.0,sensodat,9,20261010,1,APGAI,apgai,0.2,156912.72378053665,3715,12135,4322,2435,1.0,0,2435
287,0,4035,287,0.06640444238778344,1.0,5760,156953.40409898758,40.680318450933555,0.5568677013507113,5760,0,0.0,sensodat,9,20261010,1,ScoreCost,scorecost,0.2,156912.72378053665,3715,12135,4322,1062,5.423728813559322,2583,3177
330,0,3992,330,0.07635354002776493,1.0,3353,156955.2715666294,42.547786092764,1.1751345012453385,3353,0,0.0,sensodat,9,20261010,1,ReproAlloc,ercc_mean,0.2,156912.72378053665,3715,12135,4322,608,5.514802631578948,2970,383
331,0,3991,331,0.07658491439148542,1.0,3276,156946.07525491714,33.351474380498985,1.1201190030551516,3276,0,0.0,sensodat,9,20261010,1,ReproAlloc-OA,ercc_outcome,0.2,156912.72378053665,3715,12135,4322,608,5.3881578947368425,2979,297
336,0,3986,336,0.07774178621008793,1.0,3944,156958.25014305115,45.52636251450167,1.896275800827425,3944,0,0.0,sensodat,9,20261010,1,ReproAlloc-Optimistic,ercc_optimistic,0.2,156912.72378053665,3715,12135,4322,946,4.1691331923890065,3024,920
243,0,4079,243,0.056223970384081445,1.0,7427,156959.6833024025,46.95952186585055,2.111898499832023,7427,0,0.0,sensodat,9,20261010,1,OptimisticScoreCost,optimistic_scorecost,0.2,156912.72378053665,3715,12135,4322,1268,5.857255520504732,2187,5240
0,0,4322,0,0.0,0.0,2428,157009.81320667267,97.08942613602267,0.0749607011093758,0,0,0.0,sensodat,9,20261010,2,Uniform,uniform,0.2,156912.72378053665,3715,12135,4322,2208,1.0996376811594204,0,2428
311,0,4011,311,0.07195742711707542,1.0,2930,156912.82952594757,0.10574541092501022,0.280399403301999,0,0,0.0,sensodat,9,20261010,2,FailRerun,failrerun,0.2,156912.72378053665,3715,12135,4322,440,6.659090909090909,2799,131
0,0,4322,0,0.0,0.0,2435,156946.34767866135,33.623898124700645,0.7924034993047826,0,0,0.0,sensodat,9,20261010,2,APGAI,apgai,0.2,156912.72378053665,3715,12135,4322,2435,1.0,0,2435
287,0,4035,287,0.06640444238778344,1.0,5760,156953.40409898758,40.680318450933555,0.5710356007912196,5760,0,0.0,sensodat,9,20261010,2,ScoreCost,scorecost,0.2,156912.72378053665,3715,12135,4322,1062,5.423728813559322,2583,3177
330,0,3992,330,0.07635354002776493,1.0,3353,156955.2715666294,42.547786092764,1.2686676000594161,3353,0,0.0,sensodat,9,20261010,2,ReproAlloc,ercc_mean,0.2,156912.72378053665,3715,12135,4322,608,5.514802631578948,2970,383
331,0,3991,331,0.07658491439148542,1.0,3276,156946.07525491714,33.351474380498985,0.8249073988408782,3276,0,0.0,sensodat,9,20261010,2,ReproAlloc-OA,ercc_outcome,0.2,156912.72378053665,3715,12135,4322,608,5.3881578947368425,2979,297
336,0,3986,336,0.07774178621008793,1.0,3944,156958.25014305115,45.52636251450167,0.941344600985758,3944,0,0.0,sensodat,9,20261010,2,ReproAlloc-Optimistic,ercc_optimistic,0.2,156912.72378053665,3715,12135,4322,946,4.1691331923890065,3024,920
243,0,4079,243,0.056223970384081445,1.0,7427,156959.6833024025,46.95952186585055,1.0673411036841571,7427,0,0.0,sensodat,9,20261010,2,OptimisticScoreCost,optimistic_scorecost,0.2,156912.72378053665,3715,12135,4322,1268,5.857255520504732,2187,5240
