set,r,comparator,mean_delta,ci_low,ci_high,p_exact,W,L,T,n_projects
heldout,0.5,Uniform,0.261372079547631,0.1361067754611509,0.386637383634111,0.0078125,8,0,0,8
heldout,0.5,FailRerun,0.2602246227016447,0.1351519178935204,0.3852973275097691,0.0078125,8,0,0,8
heldout,0.5,APGAI,0.261372079547631,0.1361067754611509,0.386637383634111,0.0078125,8,0,0,8
heldout,0.5,ScoreCost,0.132122095633125,0.0241661016625714,0.2400780896036786,0.0390625,6,2,0,8
heldout,0.5,RerunK-10,0.0815702042034762,0.0087930159202509,0.1543473924867015,0.0390625,6,2,0,8
heldout,0.5,BayesUCB-Cost,0.229104101576528,0.1173544758458398,0.3408537273072162,0.0078125,8,0,0,8
heldout,0.5,HDoC-Sampling,0.261372079547631,0.1361067754611509,0.386637383634111,0.0078125,8,0,0,8
heldout,1.0,Uniform,0.5405193220450574,0.287863107396317,0.7931755366937978,0.0078125,8,0,0,8
heldout,1.0,FailRerun,0.5396464969534822,0.2878203976818772,0.7914725962250873,0.0078125,8,0,0,8
heldout,1.0,APGAI,0.5405193220450574,0.287863107396317,0.7931755366937978,0.0078125,8,0,0,8
heldout,1.0,ScoreCost,0.3037578426135411,0.0993743913185565,0.5081412939085258,0.015625,7,1,0,8
heldout,1.0,RerunK-10,0.2010698630413704,0.0653522737839139,0.3367874522988269,0.015625,7,1,0,8
heldout,1.0,BayesUCB-Cost,0.4834368790251143,0.2463288404309891,0.7205449176192396,0.0078125,8,0,0,8
heldout,1.0,HDoC-Sampling,0.5405193220450574,0.287863107396317,0.7931755366937978,0.0078125,8,0,0,8
heldout,2.0,Uniform,0.7683759093915343,0.5245464593787517,1.012205359404317,0.0078125,8,0,0,8
heldout,2.0,FailRerun,0.7657947300180756,0.5232529592966687,1.0083365007394829,0.0078125,8,0,0,8
heldout,2.0,APGAI,0.0259575638481888,-0.0464704638880522,0.0983855915844298,0.5625,4,2,2,8
heldout,2.0,ScoreCost,0.2621245533469798,0.0424889118535941,0.4817601948403655,0.0078125,8,0,0,8
heldout,2.0,RerunK-10,0.1240664147603486,0.0303252734622413,0.2178075560584559,0.03125,6,0,2,8
heldout,2.0,BayesUCB-Cost,0.649641012922263,0.407296482195411,0.8919855436491149,0.0078125,8,0,0,8
heldout,2.0,HDoC-Sampling,0.7683759093915343,0.5245464593787517,1.012205359404317,0.0078125,8,0,0,8
heldout,4.0,Uniform,0.7942175174022601,0.6070168103751391,0.9814182244293812,0.0078125,8,0,0,8
heldout,4.0,FailRerun,0.795736221839163,0.6025406415120182,0.9889318021663078,0.0078125,8,0,0,8
heldout,4.0,APGAI,0.0488370281339031,-0.0258392237030467,0.1235132799708529,0.15625,5,1,2,8
heldout,4.0,ScoreCost,0.1337077886710239,-0.0067846292291786,0.2742002065712265,0.03125,6,0,2,8
heldout,4.0,RerunK-10,0.0618710852396514,0.0043443366927538,0.1193978337865489,0.0625,5,1,2,8
heldout,4.0,BayesUCB-Cost,0.5841298458485958,0.3511094402708803,0.8171502514263114,0.0078125,8,0,0,8
heldout,4.0,HDoC-Sampling,0.1876916418276712,0.0425622282956741,0.3328210553596684,0.015625,7,0,1,8
