scenario_id,repetition_id,outcome,duration,raw_index,route_id,collisions_layout,collisions_pedestrian,collisions_vehicle,outside_route_lanes,red_light,route_dev,route_timeout,stop_infraction,vehicle_blocked,score_route
RouteScenario_0,1,0,2068.9462089538574,0,RouteScenario_0,0,0,0,0,0,0,0,0,0,100.0
RouteScenario_0,2,0,2322.887303352356,1,RouteScenario_0,0,0,0,0,0,0,0,0,0,100.0
RouteScenario_0,3,0,2335.9672186374664,2,RouteScenario_0,0,0,0,0,0,0,0,0,0,100.0
RouteScenario_0,4,0,2217.7481129169464,3,RouteScenario_0,0,0,0,0,0,0,0,0,0,100.0
RouteScenario_0,5,0,2301.712647676468,4,RouteScenario_0,0,0,0,0,0,0,0,0,0,100.0
RouteScenario_0,6,0,2279.2887258529663,5,RouteScenario_0,0,0,0,0,0,0,0,0,0,100.0
RouteScenario_0,7,0,2512.2700707912445,6,RouteScenario_0,0,0,0,0,0,0,0,0,0,100.0
RouteScenario_0,8,0,2244.6912474632263,7,RouteScenario_0,0,0,0,0,0,0,0,0,0,100.0
RouteScenario_0,9,0,2133.7420575618744,8,RouteScenario_0,0,0,0,0,0,0,0,0,0,100.0
RouteScenario_0,10,0,2533.0324804782867,9,RouteScenario_0,0,0,0,0,0,0,0,0,0,100.0
RouteScenario_1,1,0,2549.1927213668823,10,RouteScenario_1,0,0,0,0,0,0,0,0,1,33.95200221350425
RouteScenario_1,2,0,1912.5870144367218,11,RouteScenario_1,0,0,0,0,0,0,0,0,1,33.71080005907807
RouteScenario_1,3,0,1941.6004891395569,12,RouteScenario_1,0,0,0,0,0,0,0,0,1,33.71080005907807
RouteScenario_1,4,0,2729.4017667770386,13,RouteScenario_1,0,0,0,0,0,0,0,0,0,100.0
RouteScenario_1,5,0,1967.4555296897888,14,RouteScenario_1,0,0,0,0,0,0,0,0,1,33.71080005907807
RouteScenario_1,6,0,2272.209235429764,15,RouteScenario_1,0,0,0,0,0,0,0,0,1,33.95200221350425
RouteScenario_1,7,0,1667.1305577754974,16,RouteScenario_1,0,0,0,0,0,0,0,0,1,33.71080005907807
RouteScenario_1,8,0,2649.9316980838776,17,RouteScenario_1,0,0,0,0,0,0,0,0,0,100.0
RouteScenario_1,9,0,1759.4024801254272,18,RouteScenario_1,0,0,0,0,0,0,0,0,1,33.71080005907807
RouteScenario_1,10,0,2071.7087993621826,19,RouteScenario_1,0,0,0,0,0,0,0,0,1,33.95200221350425
RouteScenario_2,1,0,1649.243679523468,20,RouteScenario_2,0,0,0,0,0,0,0,0,0,100.0
RouteScenario_2,2,0,1654.0858368873596,21,RouteScenario_2,0,0,0,0,0,0,0,0,0,100.0
RouteScenario_2,3,0,1638.3401143550873,22,RouteScenario_2,0,0,0,0,0,0,0,0,0,100.0
RouteScenario_2,4,1,2078.252501010895,23,RouteScenario_2,0,0,1,0,0,0,0,0,0,100.0
RouteScenario_2,5,0,1636.1250557899475,24,RouteScenario_2,0,0,0,0,0,0,0,0,0,100.0
RouteScenario_2,6,0,1719.4143805503845,25,RouteScenario_2,0,0,0,0,0,0,0,0,0,100.0
RouteScenario_2,7,0,1637.5109021663666,26,RouteScenario_2,0,0,0,0,0,0,0,0,0,100.0
RouteScenario_2,8,0,2094.287942647934,27,RouteScenario_2,0,0,0,0,0,0,0,0,0,100.0
RouteScenario_2,9,0,1653.3559267520905,28,RouteScenario_2,0,0,0,0,0,0,0,0,0,100.0
RouteScenario_2,10,0,1679.8353698253632,29,RouteScenario_2,0,0,0,0,0,0,0,0,0,100.0
RouteScenario_3,1,0,1476.2507147789001,30,RouteScenario_3,0,0,0,0,0,0,0,0,0,100.0
RouteScenario_3,2,0,1728.5821859836578,31,RouteScenario_3,0,0,0,0,0,0,0,0,0,100.0
RouteScenario_3,3,0,1734.2091872692108,32,RouteScenario_3,0,0,0,0,0,0,0,0,0,100.0
RouteScenario_3,4,0,1453.0903334617615,33,RouteScenario_3,0,0,0,0,0,0,0,0,0,100.0
RouteScenario_3,5,0,1691.6576714515686,34,RouteScenario_3,0,0,0,0,0,0,0,0,0,100.0
RouteScenario_3,6,0,1412.7968611717224,35,RouteScenario_3,0,0,0,0,0,0,0,0,0,100.0
RouteScenario_3,7,0,1377.078500032425,36,RouteScenario_3,0,0,0,0,0,0,0,0,0,100.0
RouteScenario_3,8,0,1386.9770591259003,37,RouteScenario_3,0,0,0,0,0,0,0,0,0,100.0
RouteScenario_3,9,0,1640.0683825016022,38,RouteScenario_3,0,0,0,0,0,0,0,0,0,100.0
RouteScenario_3,10,0,1884.0630149841309,39,RouteScenario_3,0,0,0,0,0,0,0,0,0,100.0
RouteScenario_4,1,0,1656.8488698005676,40,RouteScenario_4,0,0,0,1,0,0,0,0,0,100.0
RouteScenario_4,2,0,1643.9422628879547,41,RouteScenario_4,0,0,0,1,0,0,0,0,0,100.0
RouteScenario_4,3,0,1638.0453956127167,42,RouteScenario_4,0,0,0,0,0,0,0,0,0,100.0
RouteScenario_4,4,0,1635.0581631660461,43,RouteScenario_4,0,0,0,1,0,0,0,0,0,100.0
RouteScenario_4,5,0,1676.1652209758759,44,RouteScenario_4,0,0,0,1,0,0,0,0,0,100.0
RouteScenario_4,6,0,1677.7514159679413,45,RouteScenario_4,0,0,0,0,0,0,0,0,0,100.0
RouteScenario_4,7,0,1661.015781879425,46,RouteScenario_4,0,0,0,0,0,0,0,0,0,100.0
RouteScenario_4,8,0,1698.6176550388336,47,RouteScenario_4,0,0,0,0,0,0,0,0,0,100.0
RouteScenario_4,9,0,1677.9522495269775,48,RouteScenario_4,0,0,0,1,0,0,0,0,0,100.0
RouteScenario_4,10,0,1667.6640496253967,49,RouteScenario_4,0,0,0,0,0,0,0,0,0,100.0
RouteScenario_5,1,0,1177.8637194633484,50,RouteScenario_5,0,0,0,0,0,0,0,0,0,100.0
RouteScenario_5,2,0,1173.137285232544,51,RouteScenario_5,0,0,0,0,0,0,0,0,0,100.0
RouteScenario_5,3,0,1183.8120307922363,52,RouteScenario_5,0,0,0,0,0,0,0,0,0,100.0
RouteScenario_5,4,0,1166.4500620365143,53,RouteScenario_5,0,0,0,0,0,0,0,0,0,100.0
RouteScenario_5,5,0,1182.0853071212769,54,RouteScenario_5,0,0,0,0,0,0,0,0,0,100.0
RouteScenario_5,6,0,1178.3155317306519,55,RouteScenario_5,0,0,0,0,0,0,0,0,0,100.0
RouteScenario_5,7,0,1185.6104006767273,56,RouteScenario_5,0,0,0,0,0,0,0,0,0,100.0
RouteScenario_5,8,0,1185.3794360160828,57,RouteScenario_5,0,0,0,0,0,0,0,0,0,100.0
RouteScenario_5,9,0,1203.59281539917,58,RouteScenario_5,0,0,0,0,0,0,0,0,0,100.0
RouteScenario_5,10,0,1189.4130721092224,59,RouteScenario_5,0,0,0,0,0,0,0,0,0,100.0
RouteScenario_6,1,1,2387.4348151683807,60,RouteScenario_6,1,0,0,0,0,0,0,0,0,100.0
RouteScenario_6,2,1,2368.1344199180603,61,RouteScenario_6,0,0,1,0,0,0,0,0,0,100.0
RouteScenario_6,3,1,3336.9229242801666,62,RouteScenario_6,1,0,0,0,0,0,0,0,0,100.0
RouteScenario_6,4,0,2476.369115829468,63,RouteScenario_6,0,0,0,0,0,0,0,0,0,100.0
RouteScenario_6,5,0,2404.791457414627,64,RouteScenario_6,0,0,0,0,0,0,0,0,0,100.0
RouteScenario_6,6,0,3144.8025369644165,65,RouteScenario_6,0,0,0,0,0,0,0,0,0,100.0
RouteScenario_6,7,1,3059.367873430252,66,RouteScenario_6,0,0,5,0,1,0,0,0,0,100.0
RouteScenario_6,8,0,2316.900739431381,67,RouteScenario_6,0,0,0,0,0,0,0,0,0,100.0
RouteScenario_6,9,1,2454.088299512863,68,RouteScenario_6,0,0,2,0,0,0,0,0,0,100.0
RouteScenario_6,10,0,2695.5425465106964,69,RouteScenario_6,0,0,0,0,0,0,0,0,0,100.0
RouteScenario_7,1,1,4033.11456489563,70,RouteScenario_7,0,0,2,0,1,0,0,0,0,100.0
RouteScenario_7,2,1,3326.7397100925446,71,RouteScenario_7,0,0,0,0,1,0,0,0,0,100.0
RouteScenario_7,3,1,4178.704564571381,72,RouteScenario_7,0,0,0,0,1,0,1,0,0,88.35395779385924
RouteScenario_7,4,1,2952.11128282547,73,RouteScenario_7,0,0,0,0,1,0,0,0,0,100.0
RouteScenario_7,5,1,3561.744066953659,74,RouteScenario_7,0,0,0,0,1,0,0,0,1,81.76521498243541
RouteScenario_7,6,1,2445.457609653473,75,RouteScenario_7,0,0,0,0,1,0,0,0,1,79.43454513268328
RouteScenario_7,7,1,4028.131531238556,76,RouteScenario_7,0,0,0,0,1,0,1,0,0,93.70430264013703
RouteScenario_7,8,1,3451.7754786014557,77,RouteScenario_7,0,0,0,0,1,0,0,0,0,100.0
RouteScenario_7,9,1,3267.8509442806244,78,RouteScenario_7,0,0,0,0,1,0,0,0,0,100.0
RouteScenario_7,10,1,3030.6499071121216,79,RouteScenario_7,0,0,2,0,0,0,0,0,0,100.0
RouteScenario_8,1,1,2983.0954353809357,80,RouteScenario_8,0,0,1,0,0,0,0,0,1,56.769985000246336
RouteScenario_8,2,1,2549.1276915073395,81,RouteScenario_8,0,0,3,0,0,0,0,0,0,100.0
RouteScenario_8,3,1,3249.986646413803,82,RouteScenario_8,0,0,1,0,0,0,0,0,0,100.0
RouteScenario_8,4,1,2487.959651708603,83,RouteScenario_8,0,0,2,0,0,0,0,0,0,100.0
RouteScenario_8,5,1,2478.283890247345,84,RouteScenario_8,0,0,2,0,0,0,0,0,0,100.0
RouteScenario_8,6,1,3616.90810918808,85,RouteScenario_8,0,0,1,0,0,0,0,0,0,100.0
RouteScenario_8,7,1,2805.486100435257,86,RouteScenario_8,0,0,2,0,0,0,0,0,0,100.0
RouteScenario_8,8,1,4115.754940748215,87,RouteScenario_8,0,0,3,0,0,0,1,0,0,93.47955623532883
RouteScenario_8,9,1,2522.335791349411,88,RouteScenario_8,0,0,2,0,0,0,0,0,0,100.0
RouteScenario_8,10,1,3430.0768744945526,89,RouteScenario_8,0,0,4,0,0,0,0,0,0,100.0
RouteScenario_9,1,1,2395.31752038002,90,RouteScenario_9,0,0,1,0,0,0,0,0,0,100.0
RouteScenario_9,2,1,2477.41396856308,91,RouteScenario_9,0,0,1,0,0,0,0,0,0,100.0
RouteScenario_9,3,1,3086.906332015991,92,RouteScenario_9,0,0,3,0,1,0,0,0,0,100.0
RouteScenario_9,4,1,2517.3356800079346,93,RouteScenario_9,0,0,1,0,0,0,0,0,0,100.0
RouteScenario_9,5,1,2495.270560979843,94,RouteScenario_9,0,0,4,0,0,0,0,0,0,100.0
RouteScenario_9,6,1,2229.5443568229675,95,RouteScenario_9,0,0,1,0,0,0,0,0,0,100.0
RouteScenario_9,7,1,2423.1269381046295,96,RouteScenario_9,0,0,1,0,0,0,0,0,0,100.0
RouteScenario_9,8,1,2456.2676684856415,97,RouteScenario_9,0,0,2,0,0,0,0,0,0,100.0
RouteScenario_9,9,1,2819.4508559703827,98,RouteScenario_9,0,0,8,0,0,0,0,0,0,100.0
RouteScenario_9,10,1,2273.4647068977356,99,RouteScenario_9,0,0,4,0,0,0,0,0,0,100.0
RouteScenario_10,1,1,4336.423616409302,100,RouteScenario_10,1,0,2,0,1,0,1,0,0,72.21098588622954
RouteScenario_10,2,1,3585.6134712696075,101,RouteScenario_10,1,0,1,0,0,0,0,0,1,80.33036612693805
RouteScenario_10,3,1,2862.905799627304,102,RouteScenario_10,0,0,5,0,0,0,0,0,1,51.70217665305409
RouteScenario_10,4,1,2627.5038776397705,103,RouteScenario_10,0,0,1,0,1,0,0,0,1,58.57174322864919
RouteScenario_10,5,1,2469.334738254547,104,RouteScenario_10,0,0,2,0,0,0,0,0,1,51.58621887639708
RouteScenario_10,6,1,4114.068717718124,105,RouteScenario_10,1,0,2,0,1,0,1,0,0,92.20286220443249
RouteScenario_10,7,1,2951.011651992798,106,RouteScenario_10,0,0,4,0,0,0,0,0,1,57.683430859998055
RouteScenario_10,8,1,2681.920876979828,107,RouteScenario_10,2,0,0,0,1,0,0,0,0,100.0
RouteScenario_10,9,1,3053.8004174232483,108,RouteScenario_10,0,0,2,0,1,0,0,0,1,57.28862536281977
RouteScenario_10,10,1,2770.837154865265,109,RouteScenario_10,0,0,2,0,1,0,0,0,1,58.37434048006005
RouteScenario_11,1,1,2023.853639125824,110,RouteScenario_11,0,0,1,0,0,0,0,0,1,37.94395521262925
RouteScenario_11,2,0,1966.742255449295,111,RouteScenario_11,0,0,0,0,0,0,0,0,1,37.63722879269012
RouteScenario_11,3,1,2947.0909039974213,112,RouteScenario_11,0,0,1,0,0,0,0,0,0,100.0
RouteScenario_11,4,0,1983.7322134971619,113,RouteScenario_11,0,0,0,0,0,0,0,0,1,37.63722879269012
RouteScenario_11,5,1,2407.4451262950897,114,RouteScenario_11,1,0,2,1,0,0,0,0,1,38.91022773597268
RouteScenario_11,6,0,1938.9718692302704,115,RouteScenario_11,0,0,0,0,0,0,0,0,1,37.63722879269012
RouteScenario_11,7,1,2865.0604343414307,116,RouteScenario_11,0,0,1,0,0,0,0,0,0,100.0
RouteScenario_11,8,0,1966.1435220241547,117,RouteScenario_11,0,0,0,0,0,0,0,0,1,37.63722879269012
RouteScenario_11,9,1,3420.2579419612885,118,RouteScenario_11,0,0,2,0,0,0,0,0,0,100.0
RouteScenario_11,10,0,2936.1617980003357,119,RouteScenario_11,0,0,0,0,0,0,0,0,0,100.0
RouteScenario_12,1,0,6223.002916812897,120,RouteScenario_12,0,0,0,0,0,0,0,1,0,100.0
RouteScenario_12,2,1,7235.538875579834,121,RouteScenario_12,0,0,2,1,0,0,0,1,0,100.0
RouteScenario_12,3,1,3080.9399557113647,122,RouteScenario_12,0,1,0,0,0,0,0,0,1,23.557605884896788
RouteScenario_12,4,0,5904.076617002487,123,RouteScenario_12,0,0,0,0,0,0,0,2,0,100.0
RouteScenario_12,5,0,4903.098922252655,124,RouteScenario_12,0,0,0,0,0,0,0,1,1,62.22065316925825
RouteScenario_12,6,1,6418.695284843445,125,RouteScenario_12,0,0,2,0,0,0,0,2,0,100.0
RouteScenario_12,7,1,3590.930354118347,126,RouteScenario_12,0,0,1,0,0,0,0,0,1,23.646455689955218
RouteScenario_12,8,0,3390.7177743911743,127,RouteScenario_12,0,0,0,0,0,0,0,0,1,23.73530605202646
RouteScenario_12,9,1,6029.04944562912,128,RouteScenario_12,0,0,1,0,0,0,0,0,1,58.70374489436541
RouteScenario_12,10,0,7288.7762799263,129,RouteScenario_12,0,0,0,0,0,0,0,2,0,100.0
RouteScenario_13,1,1,2053.9864661693573,130,RouteScenario_13,1,0,1,0,0,0,0,1,1,26.634120443150994
RouteScenario_13,2,1,4369.0707376003265,131,RouteScenario_13,0,0,0,0,1,0,0,4,0,100.0
RouteScenario_13,3,1,5039.977666854858,132,RouteScenario_13,1,0,0,0,1,0,0,4,0,100.0
RouteScenario_13,4,1,4967.791173696518,133,RouteScenario_13,1,0,0,0,1,0,0,3,0,100.0
RouteScenario_13,5,1,4957.4799926280975,134,RouteScenario_13,1,0,6,0,0,0,0,4,0,100.0
RouteScenario_13,6,1,5067.657461643219,135,RouteScenario_13,0,0,1,0,0,0,0,4,1,95.4226489698813
RouteScenario_13,7,1,5849.61292219162,136,RouteScenario_13,1,0,0,0,1,0,0,3,0,100.0
RouteScenario_13,8,0,4773.219078779221,137,RouteScenario_13,0,0,0,0,0,0,0,4,0,100.0
RouteScenario_13,9,1,4507.425719976425,138,RouteScenario_13,1,0,2,0,1,0,0,4,0,100.0
RouteScenario_13,10,1,4578.531955480576,139,RouteScenario_13,0,0,2,0,1,0,0,4,0,100.0
RouteScenario_14,1,1,3774.6699216365814,140,RouteScenario_14,0,0,2,0,1,0,0,1,1,56.82281475754266
RouteScenario_14,2,1,3391.131618976593,141,RouteScenario_14,0,0,0,0,1,0,0,1,1,55.04613082216449
RouteScenario_14,3,1,3088.3942561149597,142,RouteScenario_14,0,0,1,0,1,0,0,1,1,56.625405325926714
RouteScenario_14,4,1,3203.146146774292,143,RouteScenario_14,0,0,1,0,1,0,0,1,1,56.49379936241554
RouteScenario_14,5,1,3621.1716101169586,144,RouteScenario_14,0,0,1,0,1,0,0,1,1,56.82281475754266
RouteScenario_14,6,1,3946.791230916977,145,RouteScenario_14,0,0,1,0,1,0,0,1,1,56.09898047565062
RouteScenario_14,7,1,3401.825626850128,146,RouteScenario_14,0,0,0,0,1,0,0,1,1,55.96737453567247
RouteScenario_14,8,1,3868.9672660827637,147,RouteScenario_14,0,0,1,0,1,0,0,1,1,56.559602332404616
RouteScenario_14,9,1,3543.606439590454,148,RouteScenario_14,0,0,0,0,1,0,0,1,1,54.322296540272454
RouteScenario_14,10,1,5289.94282579422,149,RouteScenario_14,0,0,1,0,1,0,0,1,1,60.151859052244895
RouteScenario_15,1,1,3875.403606891632,150,RouteScenario_15,0,1,0,0,0,0,0,2,0,100.0
RouteScenario_15,2,0,3901.1048748493195,151,RouteScenario_15,0,0,0,0,0,0,0,2,0,100.0
RouteScenario_15,3,0,3927.811625957489,152,RouteScenario_15,0,0,0,0,0,0,0,2,0,100.0
RouteScenario_15,4,0,3901.59779548645,153,RouteScenario_15,0,0,0,0,0,0,0,2,0,100.0
RouteScenario_15,5,0,4018.191628217697,154,RouteScenario_15,0,0,0,0,0,0,0,2,0,100.0
RouteScenario_15,6,1,4088.084325313568,155,RouteScenario_15,0,1,0,0,0,0,0,2,0,100.0
RouteScenario_15,7,0,4068.126296520233,156,RouteScenario_15,0,0,0,0,0,0,0,2,0,100.0
RouteScenario_15,8,0,4070.2209486961365,157,RouteScenario_15,0,0,0,0,0,0,0,2,0,100.0
RouteScenario_15,9,1,4888.053932666779,158,RouteScenario_15,0,0,1,0,0,0,0,1,1,87.58797035286639
RouteScenario_15,10,0,4046.9787187576294,159,RouteScenario_15,0,0,0,0,0,0,0,2,0,100.0
RouteScenario_16,1,0,5388.589214324951,160,RouteScenario_16,0,0,0,0,0,0,0,2,0,100.0
RouteScenario_16,2,1,4997.3983035087585,161,RouteScenario_16,0,0,2,0,0,0,0,2,0,100.0
RouteScenario_16,3,1,5313.292325973511,162,RouteScenario_16,0,0,0,0,1,0,0,2,0,100.0
RouteScenario_16,4,1,4821.562352180481,163,RouteScenario_16,0,1,1,0,0,0,0,2,0,100.0
RouteScenario_16,5,1,4816.129837274551,164,RouteScenario_16,0,1,2,0,0,0,0,2,0,100.0
RouteScenario_16,6,1,5313.794224023819,165,RouteScenario_16,0,0,0,0,1,0,0,2,0,100.0
RouteScenario_16,7,1,4825.236931324005,166,RouteScenario_16,0,1,1,0,0,0,0,2,0,100.0
RouteScenario_16,8,0,3516.6718244552612,167,RouteScenario_16,0,0,0,0,0,0,0,0,1,46.25923993526704
RouteScenario_16,9,1,5041.406305074692,168,RouteScenario_16,0,1,1,0,1,0,0,1,1,77.73032082619429
RouteScenario_16,10,0,5390.288109064102,169,RouteScenario_16,0,0,0,0,0,0,0,2,0,100.0
RouteScenario_17,1,0,2991.2165870666504,170,RouteScenario_17,0,0,0,0,0,0,0,2,1,52.048240602184976
RouteScenario_17,2,0,2995.3658034801483,171,RouteScenario_17,0,0,0,0,0,0,0,3,0,100.0
RouteScenario_17,3,0,2903.464119911194,172,RouteScenario_17,0,0,0,0,0,0,0,3,0,100.0
RouteScenario_17,4,1,4355.148470163345,173,RouteScenario_17,0,0,2,0,0,0,0,3,1,98.67712580372284
RouteScenario_17,5,0,4326.40424489975,174,RouteScenario_17,0,0,0,0,0,0,0,3,1,99.30706570909376
RouteScenario_17,6,0,3266.6974301338196,175,RouteScenario_17,0,0,0,0,0,0,0,3,0,100.0
RouteScenario_17,7,1,3259.8530859947205,176,RouteScenario_17,0,0,3,0,0,0,0,2,0,100.0
RouteScenario_17,8,1,3260.1772379875183,177,RouteScenario_17,0,0,1,0,0,0,0,3,0,100.0
RouteScenario_17,9,1,3929.4830837249756,178,RouteScenario_17,1,0,3,0,0,0,0,3,1,93.32263516249665
RouteScenario_17,10,0,1716.5033161640167,179,RouteScenario_17,0,0,0,0,0,0,0,1,1,14.98944958414359
RouteScenario_18,1,1,7860.511568784714,180,RouteScenario_18,0,0,1,0,1,0,0,4,0,100.0
RouteScenario_18,2,1,6715.1253221035,181,RouteScenario_18,0,0,0,0,1,0,0,4,0,100.0
RouteScenario_18,3,0,6177.290411472321,182,RouteScenario_18,0,0,0,0,0,0,0,4,0,100.0
RouteScenario_18,4,1,7110.378974676132,183,RouteScenario_18,0,0,0,0,1,0,0,3,0,100.0
RouteScenario_18,5,0,6485.065824508667,184,RouteScenario_18,0,0,0,0,0,0,0,4,0,100.0
RouteScenario_18,6,0,6945.16627573967,185,RouteScenario_18,0,0,0,0,0,0,0,3,0,100.0
RouteScenario_18,7,0,7586.426484107971,186,RouteScenario_18,0,0,0,0,0,0,0,3,0,100.0
RouteScenario_18,8,0,6914.683247327805,187,RouteScenario_18,0,0,0,0,0,0,0,4,1,77.78314334511487
RouteScenario_18,9,0,6476.900270938873,188,RouteScenario_18,0,0,0,0,0,0,0,4,0,100.0
RouteScenario_18,10,1,6639.673494338989,189,RouteScenario_18,0,0,0,0,1,0,0,3,0,100.0
RouteScenario_19,1,0,4933.752211332321,190,RouteScenario_19,0,0,0,0,0,0,0,3,0,100.0
RouteScenario_19,2,1,3976.471612215042,191,RouteScenario_19,0,0,0,0,1,0,0,2,1,57.43988165460842
RouteScenario_19,3,1,5383.916441679001,192,RouteScenario_19,0,0,1,0,0,0,0,2,0,100.0
RouteScenario_19,4,0,6036.054306030273,193,RouteScenario_19,0,0,0,0,0,0,0,3,0,100.0
RouteScenario_19,5,0,3102.598086118698,194,RouteScenario_19,0,0,0,0,0,0,0,1,1,50.20648894755357
RouteScenario_19,6,0,5317.551165103912,195,RouteScenario_19,0,0,0,0,0,0,0,2,0,100.0
RouteScenario_19,7,0,4704.155753135681,196,RouteScenario_19,0,0,0,0,0,0,0,3,0,100.0
RouteScenario_19,8,0,5356.341145992279,197,RouteScenario_19,0,0,0,0,0,0,0,3,0,100.0
RouteScenario_19,9,0,6122.931058883667,198,RouteScenario_19,0,0,0,0,0,0,0,3,0,100.0
RouteScenario_19,10,1,5339.792053461075,199,RouteScenario_19,0,0,1,0,0,0,0,2,0,100.0
RouteScenario_20,1,1,6076.547004461288,200,RouteScenario_20,0,0,2,0,0,0,0,1,1,75.47572837596869
RouteScenario_20,2,1,6068.964942216873,201,RouteScenario_20,0,0,1,0,0,0,0,1,1,75.47572837596869
RouteScenario_20,3,1,11664.302736759186,202,RouteScenario_20,0,0,9,1,0,0,0,1,1,76.86214737803229
RouteScenario_20,4,0,6055.166249513626,203,RouteScenario_20,0,0,0,0,0,0,0,1,1,70.8217024917149
RouteScenario_20,5,1,6060.451751708984,204,RouteScenario_20,0,0,1,0,0,0,0,1,1,75.12866552186672
RouteScenario_20,6,1,6195.992506504059,205,RouteScenario_20,0,0,1,0,0,0,0,1,1,71.88841135330769
RouteScenario_20,7,1,6908.162032842636,206,RouteScenario_20,0,0,1,0,0,0,0,1,1,72.15554484686703
RouteScenario_20,8,1,6218.826798200607,207,RouteScenario_20,0,0,2,0,0,0,0,1,1,75.23207280958589
RouteScenario_20,9,1,6389.106685400009,208,RouteScenario_20,0,0,1,0,0,0,0,1,1,75.97676148576433
RouteScenario_20,10,1,5718.350223302841,209,RouteScenario_20,0,0,2,0,0,0,0,0,1,74.99561274160675
RouteScenario_21,1,0,5064.082232952118,210,RouteScenario_21,0,0,0,0,0,0,0,1,1,80.95900572447273
RouteScenario_21,2,0,4150.466668605804,211,RouteScenario_21,0,0,0,0,0,0,0,3,0,100.0
RouteScenario_21,3,1,5728.537414550781,212,RouteScenario_21,0,0,1,0,0,0,0,1,1,76.62034626219169
RouteScenario_21,4,0,4606.415175437927,213,RouteScenario_21,0,0,0,0,0,0,0,2,0,100.0
RouteScenario_21,5,0,4558.169036149979,214,RouteScenario_21,0,0,0,0,0,0,0,3,0,100.0
RouteScenario_21,6,0,4604.129749298096,215,RouteScenario_21,0,0,0,0,0,0,0,3,0,100.0
RouteScenario_21,7,0,4487.845541238785,216,RouteScenario_21,0,0,0,0,0,0,0,3,0,100.0
RouteScenario_21,8,0,4458.604946613312,217,RouteScenario_21,0,0,0,0,0,0,0,3,0,100.0
RouteScenario_21,9,0,4477.787796020508,218,RouteScenario_21,0,0,0,0,0,0,0,3,0,100.0
RouteScenario_21,10,0,4516.758681774139,219,RouteScenario_21,0,0,0,0,0,0,0,2,0,100.0
RouteScenario_22,1,1,4214.086792230606,220,RouteScenario_22,0,0,1,0,0,0,0,2,1,37.24039149401943
RouteScenario_22,2,1,4892.336892604828,221,RouteScenario_22,0,0,1,0,0,0,0,2,1,48.85297165342259
RouteScenario_22,3,0,5656.457401275635,222,RouteScenario_22,0,0,0,0,0,0,0,2,0,100.0
RouteScenario_22,4,0,5634.765604972839,223,RouteScenario_22,0,0,0,0,0,0,0,3,0,100.0
RouteScenario_22,5,1,5152.514043331146,224,RouteScenario_22,0,0,3,1,0,0,0,3,1,53.31618638350138
RouteScenario_22,6,1,5653.667127132416,225,RouteScenario_22,0,0,1,0,0,0,0,3,0,100.0
RouteScenario_22,7,1,5620.116592168808,226,RouteScenario_22,0,0,1,0,0,0,0,3,0,100.0
RouteScenario_22,8,0,5620.48836183548,227,RouteScenario_22,0,0,0,0,0,0,0,3,0,100.0
RouteScenario_22,9,0,2173.1418566703796,228,RouteScenario_22,0,0,0,0,0,0,0,1,1,12.147037126324836
RouteScenario_22,10,0,5625.475868701935,229,RouteScenario_22,0,0,0,0,0,0,0,3,0,100.0
RouteScenario_23,1,1,6658.917779684067,230,RouteScenario_23,0,0,0,0,1,0,0,0,0,100.0
RouteScenario_23,2,0,6826.148475646973,231,RouteScenario_23,0,0,0,0,0,0,0,1,0,100.0
RouteScenario_23,3,1,6874.12017250061,232,RouteScenario_23,0,0,1,0,0,0,0,1,0,100.0
RouteScenario_23,4,1,6633.296582460403,233,RouteScenario_23,0,0,2,0,0,0,0,1,1,80.62645364352299
RouteScenario_23,5,1,6753.452527046204,234,RouteScenario_23,0,0,1,0,0,0,0,1,0,100.0
RouteScenario_23,6,1,6568.329711675644,235,RouteScenario_23,0,0,1,0,0,0,0,1,0,100.0
RouteScenario_23,7,1,6596.4248604774475,236,RouteScenario_23,0,0,1,0,0,0,0,1,0,100.0
RouteScenario_23,8,1,6362.677323818207,237,RouteScenario_23,0,0,1,0,0,0,0,1,0,100.0
RouteScenario_23,9,0,6803.662344932556,238,RouteScenario_23,0,0,0,0,0,0,0,1,0,100.0
RouteScenario_23,10,1,6814.067594766617,239,RouteScenario_23,0,0,1,0,0,0,0,1,0,100.0
RouteScenario_24,1,1,3746.2330293655396,240,RouteScenario_24,0,0,1,0,0,0,0,1,1,37.20836917142323
RouteScenario_24,2,0,6767.8451182842255,241,RouteScenario_24,0,0,0,0,0,0,0,3,1,85.96486452347014
RouteScenario_24,3,1,6270.398044586182,242,RouteScenario_24,0,0,1,0,0,0,0,4,0,100.0
RouteScenario_24,4,1,6984.044889211655,243,RouteScenario_24,0,0,2,0,0,0,0,2,1,86.18865840385462
RouteScenario_24,5,1,5909.047656774521,244,RouteScenario_24,0,0,2,0,0,0,0,2,0,100.0
RouteScenario_24,6,1,6159.498421430588,245,RouteScenario_24,0,0,1,0,0,0,0,2,1,77.19005890634644
RouteScenario_24,7,1,3723.050143480301,246,RouteScenario_24,0,0,1,0,0,0,0,1,1,37.20836917142323
RouteScenario_24,8,0,5464.800055503845,247,RouteScenario_24,0,0,0,0,0,0,0,4,0,100.0
RouteScenario_24,9,1,5722.4753358364105,248,RouteScenario_24,0,0,1,0,0,0,0,3,0,100.0
RouteScenario_24,10,1,5664.863394498825,249,RouteScenario_24,0,0,1,0,0,0,0,5,0,100.0
RouteScenario_25,1,0,3057.682562351227,250,RouteScenario_25,0,0,0,0,0,0,0,6,0,100.0
RouteScenario_25,2,1,3328.0237879753113,251,RouteScenario_25,0,0,1,0,0,0,0,6,0,100.0
RouteScenario_25,3,0,3054.934419155121,252,RouteScenario_25,0,0,0,0,0,0,0,6,0,100.0
RouteScenario_25,4,0,3376.441666126251,253,RouteScenario_25,0,0,0,0,0,0,0,6,0,100.0
RouteScenario_25,5,0,3386.712651014328,254,RouteScenario_25,0,0,0,0,0,0,0,6,0,100.0
RouteScenario_25,6,1,3390.4636690616608,255,RouteScenario_25,0,0,1,0,0,0,0,6,0,100.0
RouteScenario_25,7,0,3359.1808173656464,256,RouteScenario_25,0,0,0,0,0,0,0,5,0,100.0
RouteScenario_25,8,1,3054.330095052719,257,RouteScenario_25,0,0,1,0,0,0,0,6,0,100.0
RouteScenario_25,9,0,3426.0343792438507,258,RouteScenario_25,0,0,0,0,0,0,0,5,0,100.0
RouteScenario_25,10,0,3471.4268622398376,259,RouteScenario_25,0,0,0,0,0,0,0,4,0,100.0
RouteScenario_26,1,0,3096.8296976089478,260,RouteScenario_26,0,0,0,0,0,0,0,3,0,100.0
RouteScenario_26,2,1,3185.843410015106,261,RouteScenario_26,0,0,1,0,0,0,0,3,0,100.0
RouteScenario_26,3,0,3122.171926498413,262,RouteScenario_26,0,0,0,0,0,0,0,3,0,100.0
RouteScenario_26,4,0,3159.5886800289154,263,RouteScenario_26,0,0,0,0,0,0,0,3,0,100.0
RouteScenario_26,5,1,3561.832057237625,264,RouteScenario_26,0,0,1,0,0,0,0,3,0,100.0
RouteScenario_26,6,0,3051.215381383896,265,RouteScenario_26,0,0,0,0,0,0,0,3,0,100.0
RouteScenario_26,7,0,3509.333865880966,266,RouteScenario_26,0,0,0,0,0,0,0,3,0,100.0
RouteScenario_26,8,0,3110.109569311142,267,RouteScenario_26,0,0,0,0,0,0,0,3,0,100.0
RouteScenario_26,9,1,3568.392307281494,268,RouteScenario_26,0,0,1,0,0,0,0,3,0,100.0
RouteScenario_26,10,0,3236.972825050354,269,RouteScenario_26,0,0,0,0,0,0,0,2,0,100.0
RouteScenario_27,1,1,2456.41672205925,270,RouteScenario_27,0,0,2,0,0,0,0,2,0,100.0
RouteScenario_27,2,0,2433.852257490158,271,RouteScenario_27,0,0,0,0,0,0,0,2,0,100.0
RouteScenario_27,3,0,2405.7016727924347,272,RouteScenario_27,0,0,0,0,0,0,0,2,0,100.0
RouteScenario_27,4,0,2114.8795347213745,273,RouteScenario_27,0,0,0,0,0,0,0,2,0,100.0
RouteScenario_27,5,0,3256.1077585220337,274,RouteScenario_27,0,0,0,0,0,0,0,2,1,90.80228639279487
RouteScenario_27,6,0,2137.4857540130615,275,RouteScenario_27,0,0,0,0,0,0,0,2,0,100.0
RouteScenario_27,7,0,3640.4958486557007,276,RouteScenario_27,0,0,0,0,0,0,0,2,1,90.70722065433421
RouteScenario_27,8,1,2396.9014925956726,277,RouteScenario_27,0,0,0,0,1,0,0,2,0,100.0
RouteScenario_27,9,0,3665.79927778244,278,RouteScenario_27,0,0,0,0,0,0,0,2,1,90.70722065433421
RouteScenario_27,10,0,3490.1368041038513,279,RouteScenario_27,0,0,0,0,0,0,0,2,1,90.70722065433421
RouteScenario_28,1,0,2351.760585308075,280,RouteScenario_28,0,0,0,0,0,0,0,4,0,100.0
RouteScenario_28,2,0,2906.794981956482,281,RouteScenario_28,0,0,0,0,0,0,0,3,0,100.0
RouteScenario_28,3,0,2386.3287138938904,282,RouteScenario_28,0,0,0,0,0,0,0,4,0,100.0
RouteScenario_28,4,1,2637.2793292999268,283,RouteScenario_28,0,0,1,0,0,0,0,3,0,100.0
RouteScenario_28,5,0,2372.1490156650543,284,RouteScenario_28,0,0,0,0,0,0,0,4,0,100.0
RouteScenario_28,6,1,2680.398544073105,285,RouteScenario_28,0,0,2,0,0,0,0,4,0,100.0
RouteScenario_28,7,0,2998.112472295761,286,RouteScenario_28,0,0,0,0,0,0,0,2,0,100.0
RouteScenario_28,8,0,2627.7425577640533,287,RouteScenario_28,0,0,0,0,0,0,0,2,0,100.0
RouteScenario_28,9,0,2270.934496164322,288,RouteScenario_28,0,0,0,0,0,0,0,4,0,100.0
RouteScenario_28,10,0,2278.782169818878,289,RouteScenario_28,0,0,0,0,0,0,0,4,0,100.0
RouteScenario_29,1,0,2499.101899623871,290,RouteScenario_29,0,0,0,0,0,0,0,0,0,100.0
RouteScenario_29,2,0,2443.2200939655304,291,RouteScenario_29,0,0,0,0,0,0,0,0,0,100.0
RouteScenario_29,3,0,2446.693365097046,292,RouteScenario_29,0,0,0,0,0,0,0,0,0,100.0
RouteScenario_29,4,0,2408.3952465057373,293,RouteScenario_29,0,0,0,0,0,0,0,0,0,100.0
RouteScenario_29,5,0,2464.2577245235443,294,RouteScenario_29,0,0,0,0,0,0,0,0,0,100.0
RouteScenario_29,6,0,2440.5218296051025,295,RouteScenario_29,0,0,0,0,0,0,0,0,0,100.0
RouteScenario_29,7,0,2473.1850192546844,296,RouteScenario_29,0,0,0,0,0,0,0,0,0,100.0
RouteScenario_29,8,0,2450.1395361423492,297,RouteScenario_29,0,0,0,0,0,0,0,0,0,100.0
RouteScenario_29,9,0,2472.471691608429,298,RouteScenario_29,0,0,0,0,0,0,0,0,0,100.0
RouteScenario_29,10,0,2437.8235561847687,299,RouteScenario_29,0,0,0,0,0,0,0,0,0,100.0
RouteScenario_30,1,1,3872.462151527405,300,RouteScenario_30,0,0,1,0,0,0,0,0,0,100.0
RouteScenario_30,2,1,4183.327482461929,301,RouteScenario_30,0,0,3,0,1,0,0,0,0,100.0
RouteScenario_30,3,1,4157.999643087387,302,RouteScenario_30,0,0,2,0,0,0,0,0,0,100.0
RouteScenario_30,4,0,4470.147619724274,303,RouteScenario_30,0,0,0,0,0,0,0,0,0,100.0
RouteScenario_30,5,1,4192.496411323547,304,RouteScenario_30,1,0,3,0,1,0,0,0,0,100.0
RouteScenario_30,6,0,4317.311194181442,305,RouteScenario_30,0,0,0,0,0,0,0,0,0,100.0
RouteScenario_30,7,1,4338.750748157501,306,RouteScenario_30,0,0,4,0,0,0,0,0,0,100.0
RouteScenario_30,8,1,4465.382142305374,307,RouteScenario_30,0,0,1,0,0,0,0,0,0,100.0
RouteScenario_30,9,0,4055.35289645195,308,RouteScenario_30,0,0,0,0,0,0,0,0,0,100.0
RouteScenario_30,10,1,4369.314065217972,309,RouteScenario_30,0,0,1,0,0,0,0,0,0,100.0
RouteScenario_31,1,0,4032.621081352234,310,RouteScenario_31,0,0,0,0,0,0,0,1,0,100.0
RouteScenario_31,2,1,3491.7098321914673,311,RouteScenario_31,0,0,1,0,0,0,0,1,0,100.0
RouteScenario_31,3,0,3449.413473367691,312,RouteScenario_31,0,0,0,0,0,0,0,1,0,100.0
RouteScenario_31,4,1,3539.450597524643,313,RouteScenario_31,0,0,1,0,0,0,0,1,0,100.0
RouteScenario_31,5,1,3709.9906849861145,314,RouteScenario_31,0,0,1,0,0,0,0,1,0,100.0
RouteScenario_31,6,0,3519.704901456833,315,RouteScenario_31,0,0,0,0,0,0,0,1,0,100.0
RouteScenario_31,7,0,3787.6388833522797,316,RouteScenario_31,0,0,0,0,0,0,0,1,0,100.0
RouteScenario_31,8,0,3409.0800161361694,317,RouteScenario_31,0,0,0,0,0,0,0,1,0,100.0
RouteScenario_31,9,0,3416.711373090744,318,RouteScenario_31,0,0,0,0,0,0,0,1,0,100.0
RouteScenario_31,10,0,3432.9102323055267,319,RouteScenario_31,0,0,0,0,0,0,0,1,0,100.0
RouteScenario_32,1,1,5805.004354000092,320,RouteScenario_32,0,0,5,0,2,0,0,0,0,100.0
RouteScenario_32,2,1,6440.59349656105,321,RouteScenario_32,0,0,2,0,2,0,0,0,0,100.0
RouteScenario_32,3,1,6390.801298618317,322,RouteScenario_32,0,0,23,0,2,0,0,0,0,100.0
RouteScenario_32,4,1,5687.371536254883,323,RouteScenario_32,0,0,1,0,2,0,0,0,0,100.0
RouteScenario_32,5,1,5727.714784622192,324,RouteScenario_32,0,0,1,0,2,0,0,0,0,100.0
RouteScenario_32,6,1,5993.632801771164,325,RouteScenario_32,0,0,3,0,2,0,0,0,0,100.0
RouteScenario_32,7,1,5700.48557305336,326,RouteScenario_32,0,0,4,0,2,0,0,0,0,100.0
RouteScenario_32,8,1,5767.980654478073,327,RouteScenario_32,0,0,6,0,2,0,0,0,0,100.0
RouteScenario_32,9,1,5834.521826505661,328,RouteScenario_32,0,0,5,0,2,0,0,0,0,100.0
RouteScenario_32,10,1,5695.451062440872,329,RouteScenario_32,0,0,5,0,2,0,0,0,0,100.0
RouteScenario_33,1,1,5011.420379638672,330,RouteScenario_33,0,1,0,0,0,0,0,0,0,100.0
RouteScenario_33,2,1,4371.220331192017,331,RouteScenario_33,0,1,0,0,0,0,0,0,0,100.0
RouteScenario_33,3,1,4816.768700361252,332,RouteScenario_33,0,2,3,0,0,0,0,0,0,100.0
RouteScenario_33,4,1,4373.984427213669,333,RouteScenario_33,0,1,4,0,1,0,0,0,0,100.0
RouteScenario_33,5,1,5960.836656093597,334,RouteScenario_33,0,1,11,0,0,0,0,0,0,100.0
RouteScenario_33,6,1,4135.059898853302,335,RouteScenario_33,0,1,1,0,0,0,0,0,0,100.0
RouteScenario_33,7,1,4327.203555107117,336,RouteScenario_33,0,1,1,0,0,0,0,0,0,100.0
RouteScenario_33,8,1,4714.8093020915985,337,RouteScenario_33,0,2,3,0,0,0,0,0,0,100.0
RouteScenario_33,9,1,4789.469667434692,338,RouteScenario_33,0,1,1,0,0,0,0,0,0,100.0
RouteScenario_33,10,1,4544.466693639755,339,RouteScenario_33,0,1,1,0,0,0,0,0,0,100.0
RouteScenario_34,1,0,1994.256046295166,340,RouteScenario_34,0,0,0,0,0,0,0,0,0,100.0
RouteScenario_34,2,0,1997.1549813747406,341,RouteScenario_34,0,0,0,0,0,0,0,0,0,100.0
RouteScenario_34,3,0,2198.189805984497,342,RouteScenario_34,0,0,0,0,0,0,0,0,0,100.0
RouteScenario_34,4,0,1994.7623386383057,343,RouteScenario_34,0,0,0,0,0,0,0,0,0,100.0
RouteScenario_34,5,0,1985.2387170791626,344,RouteScenario_34,0,0,0,0,0,0,0,0,0,100.0
RouteScenario_34,6,0,1995.15616440773,345,RouteScenario_34,0,0,0,0,0,0,0,0,0,100.0
RouteScenario_34,7,1,1974.8619539737701,346,RouteScenario_34,0,0,1,0,0,0,0,0,0,100.0
RouteScenario_34,8,0,1968.683345079422,347,RouteScenario_34,0,0,0,0,0,0,0,0,0,100.0
RouteScenario_34,9,0,2185.3739771842957,348,RouteScenario_34,0,0,0,0,0,0,0,0,0,100.0
RouteScenario_34,10,0,1977.1913776397705,349,RouteScenario_34,0,0,0,0,0,0,0,0,0,100.0
RouteScenario_35,1,0,3360.6687281131744,350,RouteScenario_35,0,0,0,0,0,0,0,0,0,100.0
RouteScenario_35,2,0,3352.4409844875336,351,RouteScenario_35,0,0,0,0,0,0,0,0,0,100.0
RouteScenario_35,3,0,3329.102509021759,352,RouteScenario_35,0,0,0,0,0,0,0,0,0,100.0
RouteScenario_35,4,0,3387.180072069168,353,RouteScenario_35,0,0,0,0,0,0,0,0,0,100.0
RouteScenario_35,5,1,3391.0305004119873,354,RouteScenario_35,0,0,1,0,0,0,0,0,0,100.0
RouteScenario_35,6,0,3339.863741159439,355,RouteScenario_35,0,0,0,0,0,0,0,0,0,100.0
RouteScenario_35,7,1,3286.635527610779,356,RouteScenario_35,0,0,1,0,0,0,0,0,0,100.0
RouteScenario_35,8,0,3140.007735013962,357,RouteScenario_35,0,0,0,0,0,0,0,0,0,100.0
RouteScenario_35,9,0,3129.3955686092377,358,RouteScenario_35,0,0,0,0,0,0,0,0,0,100.0
RouteScenario_35,10,1,3292.628324508667,359,RouteScenario_35,0,0,1,0,0,0,0,0,0,100.0
RouteScenario_2,11,0,1945.2384033203125,360,RouteScenario_2,0,0,0,0,0,0,0,0,0,100.0
RouteScenario_2,12,0,1756.3286771774292,361,RouteScenario_2,0,0,0,0,0,0,0,0,0,100.0
RouteScenario_2,13,0,1837.069142818451,362,RouteScenario_2,0,0,0,0,0,0,0,0,0,100.0
RouteScenario_2,14,0,1842.6870081424713,363,RouteScenario_2,0,0,0,0,0,0,0,0,0,100.0
RouteScenario_2,15,0,1807.9578936100006,364,RouteScenario_2,0,0,0,0,0,0,0,0,0,100.0
RouteScenario_2,16,0,1932.668565273285,365,RouteScenario_2,0,0,0,0,0,0,0,0,0,100.0
RouteScenario_2,17,0,1868.6403713226318,366,RouteScenario_2,0,0,0,0,0,0,0,0,0,100.0
RouteScenario_2,18,0,1897.669750213623,367,RouteScenario_2,0,0,0,0,0,0,0,0,0,100.0
RouteScenario_2,19,0,1863.2715075016022,368,RouteScenario_2,0,0,0,0,0,0,0,0,0,100.0
RouteScenario_2,20,0,1916.5423002243042,369,RouteScenario_2,0,0,0,0,0,0,0,0,0,100.0
RouteScenario_9,11,1,2499.37939286232,370,RouteScenario_9,0,0,1,0,0,0,0,0,0,100.0
RouteScenario_9,12,1,2421.7148339748383,371,RouteScenario_9,0,0,1,0,0,0,0,0,0,100.0
RouteScenario_9,13,1,2005.8831851482391,372,RouteScenario_9,0,0,2,0,0,0,0,0,0,100.0
RouteScenario_9,14,1,2171.399421453476,373,RouteScenario_9,0,0,1,0,0,0,0,0,0,100.0
RouteScenario_9,15,1,2528.333211660385,374,RouteScenario_9,0,0,3,0,0,0,0,0,0,100.0
RouteScenario_9,16,1,2822.760457277298,375,RouteScenario_9,0,0,1,0,0,0,0,0,0,100.0
RouteScenario_9,17,1,2353.7027213573456,376,RouteScenario_9,0,0,1,0,0,0,0,0,0,100.0
RouteScenario_9,18,1,2543.0456776618958,377,RouteScenario_9,0,0,1,0,0,0,0,0,1,56.42678713546959
RouteScenario_9,19,1,2891.1474878787994,378,RouteScenario_9,0,0,1,0,0,0,0,0,1,56.31238784721067
RouteScenario_9,20,0,2960.1328814029694,379,RouteScenario_9,0,0,0,0,0,0,0,0,0,100.0
RouteScenario_12,11,1,6730.337215662003,380,RouteScenario_12,0,1,0,0,0,0,0,1,0,100.0
RouteScenario_12,12,0,2960.37034535408,381,RouteScenario_12,0,0,0,0,0,0,0,0,1,23.690881192713757
RouteScenario_12,13,0,3555.960444688797,382,RouteScenario_12,0,0,0,0,0,0,0,0,1,23.513180367732744
RouteScenario_12,14,0,6336.9135863780975,383,RouteScenario_12,0,0,0,0,0,0,0,1,0,100.0
RouteScenario_12,15,0,5955.290612697601,384,RouteScenario_12,0,0,0,0,0,0,0,2,0,100.0
RouteScenario_12,16,0,6499.948712825775,385,RouteScenario_12,0,0,0,0,0,0,0,2,0,100.0
RouteScenario_12,17,1,6751.0082421302795,386,RouteScenario_12,0,1,0,0,0,0,0,2,0,100.0
RouteScenario_12,18,0,6269.005746603012,387,RouteScenario_12,0,0,0,0,0,0,0,2,0,100.0
RouteScenario_12,19,1,2841.669375896454,388,RouteScenario_12,0,0,1,0,0,0,0,0,1,23.690881192713757
RouteScenario_12,20,1,6210.9907150268555,389,RouteScenario_12,0,1,0,0,0,0,0,1,1,85.46701399701212
RouteScenario_15,11,0,4434.584850072861,390,RouteScenario_15,0,0,0,0,0,0,0,2,0,100.0
RouteScenario_15,12,0,4200.11316037178,391,RouteScenario_15,0,0,0,0,0,0,0,2,0,100.0
RouteScenario_15,13,1,4489.550757884979,392,RouteScenario_15,0,0,1,0,0,0,0,2,0,100.0
RouteScenario_15,14,1,4163.17880320549,393,RouteScenario_15,0,0,1,0,0,0,0,2,0,100.0
RouteScenario_15,15,1,4451.511710882187,394,RouteScenario_15,0,0,1,0,0,0,0,2,0,100.0
RouteScenario_15,16,1,4558.83336186409,395,RouteScenario_15,0,0,1,0,0,0,0,2,0,100.0
RouteScenario_15,17,0,4485.66268825531,396,RouteScenario_15,0,0,0,0,0,0,0,2,0,100.0
RouteScenario_15,18,1,4262.812791824341,397,RouteScenario_15,0,0,1,0,0,0,0,2,0,100.0
RouteScenario_15,19,1,4241.537393808365,398,RouteScenario_15,0,0,1,0,0,0,0,1,0,100.0
RouteScenario_15,20,1,4289.260564088821,399,RouteScenario_15,0,0,1,0,0,0,0,2,0,100.0
RouteScenario_16,11,1,6076.223146677017,400,RouteScenario_16,0,1,0,0,0,0,0,2,1,81.89553965137013
RouteScenario_16,12,1,4947.324883937836,401,RouteScenario_16,0,1,0,0,0,0,0,2,0,100.0
RouteScenario_16,13,1,4393.53594827652,402,RouteScenario_16,0,0,1,0,0,0,0,0,1,60.223936233086015
RouteScenario_16,14,1,4891.143483161926,403,RouteScenario_16,0,1,0,0,0,0,0,2,0,100.0
RouteScenario_16,15,1,5458.938420057297,404,RouteScenario_16,0,0,1,0,0,0,0,1,1,77.33246482094083
RouteScenario_16,16,1,5575.039445877075,405,RouteScenario_16,0,0,1,0,0,0,0,1,1,77.48035318834572
RouteScenario_16,17,1,5153.2437925338745,406,RouteScenario_16,0,1,1,0,0,0,0,1,1,78.55486960423306
RouteScenario_16,18,0,4905.253550767899,407,RouteScenario_16,0,0,0,0,0,0,0,2,0,100.0
RouteScenario_16,19,1,5629.021518230438,408,RouteScenario_16,0,0,2,0,0,0,0,1,1,80.56303614766512
RouteScenario_16,20,1,5695.28666305542,409,RouteScenario_16,0,0,2,0,0,0,0,1,1,79.01867466575638
RouteScenario_18,11,0,5213.160444021225,410,RouteScenario_18,0,0,0,0,0,0,0,4,0,100.0
RouteScenario_18,12,1,4805.504375696182,411,RouteScenario_18,0,0,0,0,1,0,0,3,0,100.0
RouteScenario_18,13,0,5188.124271154404,412,RouteScenario_18,0,0,0,0,0,0,0,4,0,100.0
RouteScenario_18,14,1,5065.7697649002075,413,RouteScenario_18,0,0,1,0,1,0,0,4,0,100.0
RouteScenario_18,15,1,6118.000946998596,414,RouteScenario_18,0,0,4,0,0,0,0,3,0,100.0
RouteScenario_18,16,0,5446.669607877731,415,RouteScenario_18,0,0,0,0,0,0,0,3,0,100.0
RouteScenario_18,17,1,7125.431645154953,416,RouteScenario_18,0,0,1,0,0,0,0,3,0,100.0
RouteScenario_18,18,1,5984.216775894165,417,RouteScenario_18,0,0,1,0,1,0,0,3,0,100.0
RouteScenario_18,19,1,7471.26545214653,418,RouteScenario_18,1,0,0,0,0,0,0,4,1,77.6535309078718
RouteScenario_18,20,1,6825.383717060089,419,RouteScenario_18,0,0,2,0,0,0,0,3,0,100.0
RouteScenario_22,11,0,7469.523121595383,420,RouteScenario_22,0,0,0,0,0,0,0,3,0,100.0
RouteScenario_22,12,1,7017.508394241333,421,RouteScenario_22,0,0,2,0,0,0,0,2,0,100.0
RouteScenario_22,13,0,7220.676797389984,422,RouteScenario_22,0,0,0,0,0,0,0,3,0,100.0
RouteScenario_22,14,0,3299.24053812027,423,RouteScenario_22,0,0,0,0,0,0,0,2,1,21.004744158768197
RouteScenario_22,15,1,6981.505455493927,424,RouteScenario_22,1,0,4,0,0,0,0,3,1,87.62603341061903
RouteScenario_22,16,0,6509.341104984283,425,RouteScenario_22,0,0,0,0,0,0,0,3,0,100.0
RouteScenario_22,17,1,6497.197735548019,426,RouteScenario_22,0,0,2,0,0,0,0,3,0,100.0
RouteScenario_22,18,0,6472.717706680298,427,RouteScenario_22,0,0,0,0,0,0,0,3,0,100.0
RouteScenario_22,19,1,6554.74636220932,428,RouteScenario_22,0,0,1,0,0,0,0,3,0,100.0
RouteScenario_22,20,0,6526.934820652008,429,RouteScenario_22,0,0,0,0,0,0,0,3,0,100.0
RouteScenario_23,11,1,6585.994975328445,430,RouteScenario_23,0,0,2,0,0,0,0,1,0,100.0
RouteScenario_23,12,0,7058.4334762096405,431,RouteScenario_23,0,0,0,0,0,0,0,1,0,100.0
RouteScenario_23,13,0,7743.4979746341705,432,RouteScenario_23,0,0,0,0,0,0,0,1,0,100.0
RouteScenario_23,14,0,6969.39768242836,433,RouteScenario_23,0,0,0,0,0,0,0,1,0,100.0
RouteScenario_23,15,0,6839.730133295059,434,RouteScenario_23,0,0,0,0,0,0,0,1,0,100.0
RouteScenario_23,16,1,7184.955427408218,435,RouteScenario_23,0,0,0,0,1,0,0,1,0,100.0
RouteScenario_23,17,0,7446.6699233055115,436,RouteScenario_23,0,0,0,0,0,0,0,1,0,100.0
RouteScenario_23,18,0,8025.578288555145,437,RouteScenario_23,0,0,0,0,0,0,0,1,0,100.0
RouteScenario_23,19,0,7373.408717632294,438,RouteScenario_23,0,0,0,0,0,0,0,1,0,100.0
RouteScenario_23,20,0,7680.01913356781,439,RouteScenario_23,0,0,0,0,0,0,0,1,0,100.0
RouteScenario_26,11,0,3874.1014170646667,440,RouteScenario_26,0,0,0,0,0,0,0,3,0,100.0
RouteScenario_26,12,0,4049.53329706192,441,RouteScenario_26,0,0,0,0,0,0,0,3,0,100.0
RouteScenario_26,13,0,4457.966149330139,442,RouteScenario_26,0,0,0,0,0,0,0,3,0,100.0
RouteScenario_26,14,0,4581.085810661316,443,RouteScenario_26,0,0,0,0,0,0,0,3,0,100.0
RouteScenario_26,15,1,3975.989869594574,444,RouteScenario_26,0,0,1,0,0,0,0,1,1,60.92299570050106
RouteScenario_26,16,1,4471.0719220638275,445,RouteScenario_26,0,0,1,0,0,0,0,2,0,100.0
RouteScenario_26,17,0,4471.553318500519,446,RouteScenario_26,0,0,0,0,0,0,0,3,0,100.0
RouteScenario_26,18,1,4712.180199146271,447,RouteScenario_26,0,0,1,0,0,0,0,3,0,100.0
RouteScenario_26,19,1,4513.795105218887,448,RouteScenario_26,0,0,4,0,0,0,0,3,0,100.0
RouteScenario_26,20,1,4147.192163228989,449,RouteScenario_26,0,0,1,0,0,0,0,3,0,100.0
RouteScenario_30,11,1,5447.628344535828,450,RouteScenario_30,0,0,1,0,0,0,0,0,0,100.0
RouteScenario_30,12,1,4949.651387929916,451,RouteScenario_30,0,0,2,0,0,0,0,0,0,100.0
RouteScenario_30,13,1,5689.871118307114,452,RouteScenario_30,0,0,2,0,0,0,0,0,0,100.0
RouteScenario_30,14,0,5874.18133687973,453,RouteScenario_30,0,0,0,0,0,0,0,0,0,100.0
RouteScenario_30,15,1,4669.465300798416,454,RouteScenario_30,0,0,3,0,0,0,0,0,0,100.0
RouteScenario_30,16,0,5549.701987981796,455,RouteScenario_30,0,0,0,0,0,0,0,0,0,100.0
RouteScenario_30,17,0,6240.2642776966095,456,RouteScenario_30,0,0,0,0,0,0,0,0,0,100.0
RouteScenario_30,18,1,5242.702861070633,457,RouteScenario_30,0,0,1,0,0,0,0,0,0,100.0
RouteScenario_30,19,1,5107.568527698517,458,RouteScenario_30,0,0,1,0,0,0,0,0,0,100.0
RouteScenario_30,20,0,4709.808837175369,459,RouteScenario_30,0,0,0,0,0,0,0,0,0,100.0
RouteScenario_31,11,1,3429.468774318695,460,RouteScenario_31,0,0,1,0,0,0,0,1,0,100.0
RouteScenario_31,12,0,3278.2079977989197,461,RouteScenario_31,0,0,0,0,0,0,0,1,0,100.0
RouteScenario_31,13,0,3274.624490737915,462,RouteScenario_31,0,0,0,0,0,0,0,1,0,100.0
RouteScenario_31,14,1,3269.7974071502686,463,RouteScenario_31,0,0,1,0,0,0,0,1,0,100.0
RouteScenario_31,15,0,3240.557188272476,464,RouteScenario_31,0,0,0,0,0,0,0,1,0,100.0
RouteScenario_31,16,0,3280.0425894260406,465,RouteScenario_31,0,0,0,0,0,0,0,1,0,100.0
RouteScenario_31,17,0,3257.4469814300537,466,RouteScenario_31,0,0,0,0,0,0,0,1,0,100.0
RouteScenario_31,18,1,3246.077555179596,467,RouteScenario_31,0,0,1,0,1,0,0,1,0,100.0
RouteScenario_31,19,1,3266.182007789612,468,RouteScenario_31,0,0,1,0,0,0,0,1,0,100.0
RouteScenario_31,20,0,3264.7397973537445,469,RouteScenario_31,0,0,0,0,0,0,0,1,0,100.0
RouteScenario_33,11,1,4300.9225125312805,470,RouteScenario_33,0,1,6,0,1,0,0,0,0,100.0
RouteScenario_33,12,1,4385.294477462769,471,RouteScenario_33,0,1,1,0,0,0,0,0,0,100.0
RouteScenario_33,13,1,4602.031473636627,472,RouteScenario_33,0,2,5,0,0,0,0,0,0,100.0
RouteScenario_33,14,1,5029.004134654999,473,RouteScenario_33,0,1,8,0,0,0,0,0,0,100.0
RouteScenario_33,15,1,4838.780102729797,474,RouteScenario_33,0,1,4,0,0,0,0,0,0,100.0
RouteScenario_33,16,1,4588.979994058609,475,RouteScenario_33,0,1,7,0,0,0,0,0,0,100.0
RouteScenario_33,17,1,4472.782114028931,476,RouteScenario_33,0,1,1,0,0,0,0,0,0,100.0
RouteScenario_33,18,1,4474.401155233383,477,RouteScenario_33,0,1,3,0,0,0,0,0,0,100.0
RouteScenario_33,19,1,4113.851098775864,478,RouteScenario_33,0,1,0,0,0,0,0,0,0,100.0
RouteScenario_33,20,1,4457.849399328232,479,RouteScenario_33,0,1,4,0,0,0,0,0,0,100.0
RouteScenario_34,11,1,2156.153851747513,480,RouteScenario_34,0,0,1,0,0,0,0,0,0,100.0
RouteScenario_34,12,0,2144.3842084407806,481,RouteScenario_34,0,0,0,0,0,0,0,0,0,100.0
RouteScenario_34,13,1,2134.7917308807373,482,RouteScenario_34,0,0,1,0,0,0,0,0,0,100.0
RouteScenario_34,14,1,2141.015189886093,483,RouteScenario_34,0,0,1,0,0,0,0,0,0,100.0
RouteScenario_34,15,0,2136.028584718704,484,RouteScenario_34,0,0,0,0,0,0,0,0,0,100.0
RouteScenario_34,16,0,2134.8544812202454,485,RouteScenario_34,0,0,0,0,0,0,0,0,0,100.0
RouteScenario_34,17,0,2158.6540286540985,486,RouteScenario_34,0,0,0,0,0,0,0,0,0,100.0
RouteScenario_34,18,1,2175.824109315872,487,RouteScenario_34,0,0,1,0,0,0,0,0,0,100.0
RouteScenario_34,19,1,2146.294859647751,488,RouteScenario_34,0,0,2,0,0,0,0,0,0,100.0
RouteScenario_34,20,0,2152.5679490566254,489,RouteScenario_34,0,0,0,0,0,0,0,0,0,100.0
RouteScenario_35,11,1,4367.942437171936,490,RouteScenario_35,0,0,2,0,1,0,0,0,0,100.0
RouteScenario_35,12,1,4281.684587955475,491,RouteScenario_35,0,0,2,0,1,0,0,0,0,100.0
RouteScenario_35,13,1,4248.151188611984,492,RouteScenario_35,0,0,2,0,1,0,0,0,0,100.0
RouteScenario_35,14,1,4243.86202788353,493,RouteScenario_35,0,0,1,0,1,0,0,0,0,100.0
RouteScenario_35,15,0,4080.6288108825684,494,RouteScenario_35,0,0,0,0,0,0,0,0,0,100.0
RouteScenario_35,16,1,4178.3881204128265,495,RouteScenario_35,0,0,1,0,1,0,0,0,0,100.0
RouteScenario_35,17,1,3780.574535369873,496,RouteScenario_35,0,0,2,0,0,0,0,0,0,100.0
RouteScenario_35,18,0,4108.82639503479,497,RouteScenario_35,0,0,0,0,0,0,0,0,0,100.0
RouteScenario_35,19,1,4517.711641788483,498,RouteScenario_35,0,0,1,0,0,0,0,0,0,100.0
RouteScenario_35,20,1,3676.1425790786743,499,RouteScenario_35,0,0,1,0,0,0,0,0,0,100.0
