concentration_c,total_pseudo_count,q_mean,q_upper,q_upper_minus_mean,m_star_mean,m_star_orcc,ratio_mean_over_orcc
1,2,0.5,0.95,0.44999999999999996,176,10,17.6
2,4,0.5,0.8646496378284161,0.3646496378284161,176,15,11.733333333333333
3,6,0.5,0.8107446225622291,0.3107446225622291,176,19,9.263157894736842
4,8,0.5,0.7746784159675522,0.27467841596755216,176,23,7.6521739130434785
5,10,0.5,0.7486323725918227,0.2486323725918227,176,26,6.769230769230769
6,12,0.5,0.728750085922331,0.22875008592233104,176,29,6.068965517241379
7,14,0.5,0.712950997205611,0.21295099720561095,176,32,5.5
8,16,0.5,0.7000135258622296,0.20001352586222965,176,34,5.176470588235294
9,18,0.5,0.6891704305217595,0.18917043052175952,176,36,4.888888888888889
10,20,0.5,0.6799134704112757,0.1799134704112757,176,39,4.512820512820513
11,22,0.5,0.6718912848986434,0.17189128489864336,176,41,4.2926829268292686
12,24,0.5,0.6648523525284569,0.16485235252845687,176,43,4.093023255813954
13,26,0.5,0.6586113365709256,0.15861133657092563,176,44,4.0
14,28,0.5,0.6530283003096504,0.15302830030965042,176,46,3.8260869565217392
15,30,0.5,0.6479953657066907,0.1479953657066907,176,48,3.6666666666666665
16,32,0.5,0.6434278630383421,0.1434278630383421,176,49,3.5918367346938775
17,34,0.5,0.6392582904358444,0.13925829043584437,176,51,3.450980392156863
18,36,0.5,0.6354320878146167,0.1354320878146167,176,52,3.3846153846153846
19,38,0.5,0.631904615131739,0.131904615131739,176,53,3.3207547169811322
20,40,0.5,0.6286389497148557,0.12863894971485568,176,55,3.2
22,44,0.5,0.6227745394468567,0.12277453944685668,176,57,3.087719298245614
24,48,0.5,0.6176449688288427,0.11764496882884268,176,59,2.983050847457627
26,52,0.5,0.6131086372813749,0.11310863728137488,176,61,2.8852459016393444
28,56,0.5,0.6090594031062229,0.10905940310622286,176,63,2.7936507936507935
30,60,0.5,0.6054159314714334,0.10541593147143336,176,65,2.707692307692308
32,64,0.5,0.6021147079767494,0.10211470797674937,176,67,2.626865671641791
34,68,0.5,0.5991053150746064,0.0991053150746064,176,68,2.588235294117647
36,72,0.5,0.5963471534596563,0.09634715345965628,176,70,2.5142857142857142
38,76,0.5,0.5938071136232758,0.09380711362327576,176,71,2.4788732394366195
40,80,0.5,0.5914578884664973,0.09145788846649727,176,73,2.410958904109589
42,84,0.5,0.5892767283512601,0.0892767283512601,176,74,2.3783783783783785
44,88,0.5,0.5872445077390616,0.08724450773906156,176,75,2.3466666666666667
46,92,0.5,0.5853450152719842,0.08534501527198424,176,76,2.3157894736842106
48,96,0.5,0.5835644067205767,0.08356440672057674,176,78,2.2564102564102564
50,100,0.5,0.5818907784117341,0.08189077841173409,176,79,2.2278481012658227
55,110,0.5,0.57811039224485,0.07811039224484995,176,81,2.1728395061728394
60,120,0.5,0.574809406262272,0.07480940626227195,176,84,2.0952380952380953
65,130,0.5,0.5718943787620236,0.07189437876202365,176,86,2.046511627906977
70,140,0.5,0.5692955257694075,0.06929552576940745,176,88,2.0
75,150,0.5,0.5669595385372317,0.06695953853723169,176,89,1.9775280898876404
80,160,0.5,0.5648448980771182,0.06484489807711824,176,91,1.934065934065934
85,170,0.5,0.5629187216766517,0.06291872167665169,176,93,1.89247311827957
90,180,0.5,0.561154582589199,0.061154582589199036,176,94,1.872340425531915
95,190,0.5,0.5595309667980249,0.05953096679802494,176,96,1.8333333333333333
100,200,0.5,0.5580301579423411,0.05803015794234112,176,97,1.8144329896907216
105,210,0.5,0.5566374167486452,0.0566374167486452,176,98,1.7959183673469388
110,220,0.5,0.5553403672490922,0.05534036724909219,176,99,1.7777777777777777
115,230,0.5,0.5541285308957182,0.05412853089571823,176,100,1.76
120,240,0.5,0.5529929682199649,0.05299296821996491,176,101,1.7425742574257426
125,250,0.5,0.5519259998783754,0.05192599987837543,176,103,1.7087378640776698
130,260,0.5,0.5509209871036342,0.05092098710363424,176,103,1.7087378640776698
135,270,0.5,0.5499721571667219,0.049972157166721876,176,104,1.6923076923076923
140,280,0.5,0.5490744633358737,0.04907446333587373,176,105,1.6761904761904762
145,290,0.5,0.5482234715537357,0.04822347155373574,176,106,1.6603773584905661
150,300,0.5,0.5474152680101552,0.047415268010155165,176,107,1.644859813084112
155,310,0.5,0.5466463832046853,0.04664638320468528,176,108,1.6296296296296295
160,320,0.5,0.5459137291311604,0.04591372913116043,176,109,1.614678899082569
165,330,0.5,0.5452145469861227,0.045214546986122706,176,109,1.614678899082569
170,340,0.5,0.5445463633789431,0.04454636337894313,176,110,1.6
175,350,0.5,0.5439069534569686,0.0439069534569686,176,111,1.5855855855855856
180,360,0.5,0.5432943096911573,0.04329430969115733,176,111,1.5855855855855856
185,370,0.5,0.5427066153231659,0.042706615323165886,176,112,1.5714285714285714
190,380,0.5,0.5421422216729257,0.042142221672925695,176,113,1.5575221238938053
195,390,0.5,0.5415996286604566,0.04159962866045663,176,113,1.5575221238938053
200,400,0.5,0.5410774680173638,0.04107746801736378,176,114,1.543859649122807
