benchmark,unit,rep,budget,budget_s,time_used_reconstructed,time_used_main_csv,abs_time_diff,exec_count_match,overtime_s,last_exec_overrun,last_exec_new_confirmation
Amini-TransFuser,2000,0,0.05,97779.7,99409.9,99409.9,0,1,1630.2,True,False
Amini-TransFuser,2000,0,0.1,195559,195745,195745,0,1,185.648,True,True
Amini-TransFuser,2000,0,0.2,391119,394560,394560,0,1,3441.52,True,False
Amini-TransFuser,2001,0,0.05,97779.7,100017,100017,0,1,2237.4,True,False
Amini-TransFuser,2001,0,0.1,195559,196112,196112,2.91038e-11,1,552.733,True,False
Amini-TransFuser,2001,0,0.2,391119,391651,391651,5.82077e-11,1,532.772,True,False
Amini-TransFuser,2002,0,0.05,97779.7,100409,100409,0,1,2629.45,True,False
Amini-TransFuser,2002,0,0.1,195559,199377,199377,2.91038e-11,1,3817.53,True,False
Amini-TransFuser,2002,0,0.2,391119,392846,392846,0,1,1727.51,True,False
Amini-TransFuser,2003,0,0.05,97779.7,99053.6,99053.6,1.45519e-11,1,1273.9,True,False
Amini-TransFuser,2003,0,0.1,195559,195637,195637,0,1,78.1668,True,False
Amini-TransFuser,2003,0,0.2,391119,392280,392280,5.82077e-11,1,1161.12,True,False
Amini-TransFuser,2004,0,0.05,97779.7,98360.6,98360.6,1.45519e-11,1,580.941,True,False
Amini-TransFuser,2004,0,0.1,195559,196090,196090,2.91038e-11,1,530.805,True,True
Amini-TransFuser,2004,0,0.2,391119,393955,393955,0,1,2836.32,True,False
Amini-TransFuser,2005,0,0.05,97779.7,99714.4,99714.4,0,1,1934.75,True,False
Amini-TransFuser,2005,0,0.1,195559,199349,199349,2.91038e-11,1,3789.65,True,False
Amini-TransFuser,2005,0,0.2,391119,393024,393024,0,1,1905.81,True,False
Amini-TransFuser,2006,0,0.05,97779.7,97857.6,97857.6,0,1,77.9622,True,False
Amini-TransFuser,2006,0,0.1,195559,196040,196040,2.91038e-11,1,480.96,True,False
Amini-TransFuser,2006,0,0.2,391119,394845,394845,5.82077e-11,1,3726.06,True,False
Amini-TransFuser,2007,0,0.05,97779.7,97876.8,97876.8,1.45519e-11,1,97.1328,True,False
Amini-TransFuser,2007,0,0.1,195559,199232,199232,0,1,3672.73,True,False
Amini-TransFuser,2007,0,0.2,391119,391400,391400,0,1,281.326,True,False
Amini-TransFuser,2008,0,0.05,97779.7,100884,100884,0,1,3104.1,True,False
Amini-TransFuser,2008,0,0.1,195559,198759,198759,0,1,3199.26,True,False
Amini-TransFuser,2008,0,0.2,391119,393214,393214,0,1,2095.63,True,False
Amini-TransFuser,2009,0,0.05,97779.7,100877,100877,0,1,3097.58,True,False
Amini-TransFuser,2009,0,0.1,195559,196716,196716,0,1,1156.45,True,False
Amini-TransFuser,2009,0,0.2,391119,391539,391539,5.82077e-11,1,420.252,True,False
Amini-TransFuser,2010,0,0.05,97779.7,99575.1,99575.1,0,1,1795.42,True,False
Amini-TransFuser,2010,0,0.1,195559,197156,197156,0,1,1597.02,True,False
Amini-TransFuser,2010,0,0.2,391119,391184,391184,0,1,64.9988,True,False
Amini-TransFuser,2011,0,0.05,97779.7,101402,101402,1.45519e-11,1,3622.09,True,False
Amini-TransFuser,2011,0,0.1,195559,198746,198746,2.91038e-11,1,3186.27,True,False
Amini-TransFuser,2011,0,0.2,391119,391958,391958,5.82077e-11,1,838.993,True,False
SensoDat-replay,0,0,0.05,39228.2,39230,39230,0,1,1.77408,True,False
SensoDat-replay,0,1,0.05,39228.2,39266.3,39266.3,0,1,38.1021,True,False
SensoDat-replay,0,2,0.05,39228.2,39249.2,39249.2,7.27596e-12,1,21.0478,True,False
SensoDat-replay,0,0,0.1,78456.4,78461.3,78461.3,0,1,4.9005,True,False
SensoDat-replay,0,1,0.1,78456.4,78494.2,78494.2,0,1,37.7946,True,False
SensoDat-replay,0,2,0.1,78456.4,78467.1,78467.1,0,1,10.6901,True,False
SensoDat-replay,0,0,0.2,156913,156932,156932,0,1,18.9099,True,False
SensoDat-replay,0,1,0.2,156913,156932,156932,0,1,18.9099,True,False
SensoDat-replay,0,2,0.2,156913,156932,156932,0,1,18.9099,True,False
SensoDat-replay,1,0,0.05,39228.2,39241.4,39241.4,0,1,13.2062,True,False
SensoDat-replay,1,1,0.05,39228.2,39241.4,39241.4,0,1,13.2062,True,False
SensoDat-replay,1,2,0.05,39228.2,39241.4,39241.4,0,1,13.2062,True,False
SensoDat-replay,1,0,0.1,78456.4,78491.5,78491.5,0,1,35.0987,True,False
SensoDat-replay,1,1,0.1,78456.4,78561.5,78561.5,0,1,105.124,True,False
SensoDat-replay,1,2,0.1,78456.4,78494.8,78494.8,0,1,38.3984,True,False
SensoDat-replay,1,0,0.2,156913,156916,156916,0,1,2.83191,True,False
SensoDat-replay,1,1,0.2,156913,156962,156962,0,1,49.1811,True,False
SensoDat-replay,1,2,0.2,156913,156969,156969,0,1,55.9943,True,False
SensoDat-replay,2,0,0.05,39228.2,39275.7,39275.7,0,1,47.5075,True,False
SensoDat-replay,2,1,0.05,39228.2,39250.3,39250.3,0,1,22.1675,True,False
SensoDat-replay,2,2,0.05,39228.2,39237.6,39237.6,0,1,9.46262,True,False
SensoDat-replay,2,0,0.1,78456.4,78499.5,78499.5,0,1,43.1665,True,False
SensoDat-replay,2,1,0.1,78456.4,78457.2,78457.2,0,1,0.884404,True,False
SensoDat-replay,2,2,0.1,78456.4,78545.6,78545.6,0,1,89.2474,True,False
SensoDat-replay,2,0,0.2,156913,156927,156927,0,1,14.6321,True,True
SensoDat-replay,2,1,0.2,156913,156927,156927,0,1,14.6321,True,True
SensoDat-replay,2,2,0.2,156913,156927,156927,0,1,14.6321,True,True
SensoDat-replay,3,0,0.05,39228.2,39235.6,39235.6,0,1,7.44393,True,False
SensoDat-replay,3,1,0.05,39228.2,39248.7,39248.7,7.27596e-12,1,20.5458,True,False
SensoDat-replay,3,2,0.05,39228.2,39250.7,39250.7,0,1,22.5634,True,False
SensoDat-replay,3,0,0.1,78456.4,78458.9,78458.9,0,1,2.5571,True,False
SensoDat-replay,3,1,0.1,78456.4,78483.6,78483.6,0,1,27.193,True,False
SensoDat-replay,3,2,0.1,78456.4,78497,78497,0,1,40.6352,True,False
SensoDat-replay,3,0,0.2,156913,156944,156944,2.91038e-11,1,31.2958,True,False
SensoDat-replay,3,1,0.2,156913,156929,156929,0,1,16.5051,True,False
SensoDat-replay,3,2,0.2,156913,156940,156940,0,1,27.2364,True,False
SensoDat-replay,4,0,0.05,39228.2,39228.7,39228.7,0,1,0.550697,True,False
SensoDat-replay,4,1,0.05,39228.2,39259.1,39259.1,0,1,30.9508,True,False
SensoDat-replay,4,2,0.05,39228.2,39242.3,39242.3,0,1,14.0693,True,False
SensoDat-replay,4,0,0.1,78456.4,78465.8,78465.8,0,1,9.42573,True,False
SensoDat-replay,4,1,0.1,78456.4,78461.5,78461.5,0,1,5.15262,True,False
SensoDat-replay,4,2,0.1,78456.4,78500.4,78500.4,0,1,44.0695,True,False
SensoDat-replay,4,0,0.2,156913,156913,156913,0,1,0.720185,True,False
SensoDat-replay,4,1,0.2,156913,156913,156913,0,1,0.720185,True,False
SensoDat-replay,4,2,0.2,156913,156913,156913,0,1,0.720185,True,False
SensoDat-replay,5,0,0.05,39228.2,39269.1,39269.1,0,1,40.9093,True,True
SensoDat-replay,5,1,0.05,39228.2,39233,39233,0,1,4.8344,True,False
SensoDat-replay,5,2,0.05,39228.2,39247.1,39247.1,0,1,18.9171,True,False
SensoDat-replay,5,0,0.1,78456.4,78510.4,78510.4,0,1,53.9992,True,False
SensoDat-replay,5,1,0.1,78456.4,78488,78488,0,1,31.6301,True,False
SensoDat-replay,5,2,0.1,78456.4,78543,78543,0,1,86.6458,True,False
SensoDat-replay,5,0,0.2,156913,156926,156926,0,1,13.297,True,False
SensoDat-replay,5,1,0.2,156913,156926,156926,0,1,13.297,True,False
SensoDat-replay,5,2,0.2,156913,156926,156926,0,1,13.297,True,False
SensoDat-replay,6,0,0.05,39228.2,39249,39249,0,1,20.816,True,False
SensoDat-replay,6,1,0.05,39228.2,39251.5,39251.5,0,1,23.3001,True,False
SensoDat-replay,6,2,0.05,39228.2,39228.9,39228.9,0,1,0.727234,True,False
SensoDat-replay,6,0,0.1,78456.4,78491.1,78491.1,0,1,34.7073,True,False
SensoDat-replay,6,1,0.1,78456.4,78507.1,78507.1,0,1,50.7184,True,False
SensoDat-replay,6,2,0.1,78456.4,78533.2,78533.2,0,1,76.8213,True,False
SensoDat-replay,6,0,0.2,156913,156957,156957,0,1,44.64,True,False
SensoDat-replay,6,1,0.2,156913,156920,156920,0,1,7.14938,True,False
SensoDat-replay,6,2,0.2,156913,156941,156941,0,1,27.981,True,False
SensoDat-replay,7,0,0.05,39228.2,39283.4,39283.4,0,1,55.1908,True,False
SensoDat-replay,7,1,0.05,39228.2,39229.9,39229.9,0,1,1.76305,True,False
SensoDat-replay,7,2,0.05,39228.2,39235.8,39235.8,0,1,7.58363,True,False
SensoDat-replay,7,0,0.1,78456.4,78490.4,78490.4,0,1,34.0169,True,False
SensoDat-replay,7,1,0.1,78456.4,78489.9,78489.9,0,1,33.574,True,False
SensoDat-replay,7,2,0.1,78456.4,78489.5,78489.5,0,1,33.1115,True,False
SensoDat-replay,7,0,0.2,156913,156946,156946,0,1,33.753,True,False
SensoDat-replay,7,1,0.2,156913,156946,156946,0,1,33.753,True,False
SensoDat-replay,7,2,0.2,156913,156946,156946,0,1,33.753,True,False
SensoDat-replay,8,0,0.05,39228.2,39235.3,39235.3,0,1,7.07873,True,False
SensoDat-replay,8,1,0.05,39228.2,39237.4,39237.4,0,1,9.24924,True,False
SensoDat-replay,8,2,0.05,39228.2,39249.3,39249.3,0,1,21.1288,True,False
SensoDat-replay,8,0,0.1,78456.4,78503.7,78503.7,0,1,47.3763,True,False
SensoDat-replay,8,1,0.1,78456.4,78472.2,78472.2,0,1,15.8297,True,False
SensoDat-replay,8,2,0.1,78456.4,78474.5,78474.5,0,1,18.109,True,False
SensoDat-replay,8,0,0.2,156913,157032,157032,0,1,119.334,True,False
SensoDat-replay,8,1,0.2,156913,156970,156970,0,1,57.5148,True,False
SensoDat-replay,8,2,0.2,156913,156925,156925,0,1,11.8347,True,False
SensoDat-replay,9,0,0.05,39228.2,39232,39232,7.27596e-12,1,3.80309,True,False
SensoDat-replay,9,1,0.05,39228.2,39239.1,39239.1,0,1,10.8699,True,False
SensoDat-replay,9,2,0.05,39228.2,39256.9,39256.9,0,1,28.7217,True,False
SensoDat-replay,9,0,0.1,78456.4,78503.6,78503.6,0,1,47.2708,True,False
SensoDat-replay,9,1,0.1,78456.4,78487.3,78487.3,0,1,30.9373,True,False
SensoDat-replay,9,2,0.1,78456.4,78503,78503,0,1,46.6391,True,False
SensoDat-replay,9,0,0.2,156913,156958,156958,0,1,45.5264,True,False
SensoDat-replay,9,1,0.2,156913,156958,156958,0,1,45.5264,True,False
SensoDat-replay,9,2,0.2,156913,156958,156958,0,1,45.5264,True,False
