benchmark,budget,method,n_runs,n_overrun,mean_overtime_s,max_overtime_s,mean_overtime_frac,max_overtime_frac
Amini-TransFuser,0.05,APGAI,12,12,2088.55,6277.98,0.0213598,0.0642054
Amini-TransFuser,0.05,FailRerun,12,12,2217.79,4923.55,0.0226815,0.0503535
Amini-TransFuser,0.05,Mean Planning,12,12,1954.52,4363.4,0.019989,0.0446249
Amini-TransFuser,0.05,OptimisticScoreCost,12,12,1098.56,2180.77,0.011235,0.0223029
Amini-TransFuser,0.05,ReproAlloc,12,12,1840.08,3622.09,0.0188186,0.0370434
Amini-TransFuser,0.05,ScoreCost,12,12,1624.2,3826.49,0.0166109,0.0391338
Amini-TransFuser,0.05,Uniform,12,12,1837.98,3579.79,0.0187971,0.0366108
Amini-TransFuser,0.1,APGAI,12,12,1389.94,3086.03,0.00710754,0.0157805
Amini-TransFuser,0.1,FailRerun,12,12,2500.51,6179.23,0.0127864,0.0315977
Amini-TransFuser,0.1,Mean Planning,12,12,1908.01,3780.92,0.0097567,0.0193339
Amini-TransFuser,0.1,OptimisticScoreCost,12,12,1051.4,2615.89,0.00537636,0.0133765
Amini-TransFuser,0.1,ReproAlloc,12,12,1853.94,3817.53,0.00948017,0.0195211
Amini-TransFuser,0.1,ScoreCost,12,12,2327.41,4282.67,0.0119013,0.0218996
Amini-TransFuser,0.1,Uniform,12,12,2584.48,5885.23,0.0132158,0.0300944
Amini-TransFuser,0.2,APGAI,12,12,2357.79,5472.75,0.00602834,0.0139926
Amini-TransFuser,0.2,FailRerun,12,12,1702.04,5076.76,0.00435173,0.0129801
Amini-TransFuser,0.2,Mean Planning,12,12,1899.82,4307.12,0.0048574,0.0110123
Amini-TransFuser,0.2,OptimisticScoreCost,12,12,1469.7,3442.2,0.00375769,0.00880091
Amini-TransFuser,0.2,ReproAlloc,12,12,1586.03,3726.06,0.0040551,0.00952667
Amini-TransFuser,0.2,ScoreCost,12,12,2063.89,4733.64,0.0052769,0.0121028
Amini-TransFuser,0.2,Uniform,12,12,2284.42,5537.09,0.00584073,0.0141571
SensoDat-replay,0.05,APGAI,30,30,35.6959,84.7174,0.000909956,0.00215961
SensoDat-replay,0.05,FailRerun,30,30,51.619,89.1371,0.00131587,0.00227227
SensoDat-replay,0.05,Mean Planning,30,30,28.6203,66.4889,0.000729585,0.00169493
SensoDat-replay,0.05,OptimisticScoreCost,30,30,18.5155,59.6521,0.000471994,0.00152064
SensoDat-replay,0.05,ReproAlloc,30,30,17.6899,55.1908,0.000450949,0.00140692
SensoDat-replay,0.05,ScoreCost,30,30,24.3484,83.2185,0.000620685,0.0021214
SensoDat-replay,0.05,Uniform,30,30,38.0256,103.635,0.000969344,0.00264185
SensoDat-replay,0.1,APGAI,30,30,41.389,69.8734,0.000527541,0.000890602
SensoDat-replay,0.1,FailRerun,30,30,43.7195,77.3099,0.000557246,0.000985388
SensoDat-replay,0.1,Mean Planning,30,30,32.9779,84.6643,0.000420334,0.00107913
SensoDat-replay,0.1,OptimisticScoreCost,30,30,21.8116,52.8407,0.00027801,0.000673505
SensoDat-replay,0.1,ReproAlloc,30,30,37.8575,105.124,0.000482529,0.00133991
SensoDat-replay,0.1,ScoreCost,30,30,20.637,42.2925,0.000263037,0.000539057
SensoDat-replay,0.1,Uniform,30,30,39.6686,108.348,0.000505614,0.00138099
SensoDat-replay,0.2,APGAI,30,30,20.4136,90.8894,0.000130096,0.000579236
SensoDat-replay,0.2,FailRerun,30,30,29.6532,59.6861,0.000188979,0.000380378
SensoDat-replay,0.2,Mean Planning,30,30,42.0694,92.6757,0.000268107,0.000590619
SensoDat-replay,0.2,OptimisticScoreCost,30,30,22.3206,57.385,0.000142249,0.000365713
SensoDat-replay,0.2,ReproAlloc,30,30,27.7338,119.334,0.000176747,0.000760509
SensoDat-replay,0.2,ScoreCost,30,30,26.4192,58.4622,0.000168369,0.000372578
SensoDat-replay,0.2,Uniform,30,30,38.9124,120.595,0.000247987,0.000768549
