benchmark,budget,method,wins_repro,losses_repro,ties,p_exact
Amini,0.05,LUCB-G,11,0,1,0.0009765625
Amini,0.05,Murphy Sampling,11,0,1,0.0009765625
Amini,0.1,LUCB-G,12,0,0,0.00048828125
Amini,0.1,Murphy Sampling,12,0,0,0.00048828125
Amini,0.2,LUCB-G,12,0,0,0.00048828125
Amini,0.2,Murphy Sampling,11,0,1,0.0009765625
SensoDat,0.05,LUCB-G,10,0,0,0.001953125
SensoDat,0.05,Murphy Sampling,10,0,0,0.001953125
SensoDat,0.1,LUCB-G,10,0,0,0.001953125
SensoDat,0.1,Murphy Sampling,10,0,0,0.001953125
SensoDat,0.2,LUCB-G,10,0,0,0.001953125
SensoDat,0.2,Murphy Sampling,10,0,0,0.001953125
CANNIER,0.5,LUCB-G,8,0,0,0.0078125
CANNIER,0.5,Murphy Sampling,8,0,0,0.0078125
CANNIER,1.0,LUCB-G,8,0,0,0.0078125
CANNIER,1.0,Murphy Sampling,8,0,0,0.0078125
CANNIER,2.0,LUCB-G,8,0,0,0.0078125
CANNIER,2.0,Murphy Sampling,7,0,1,0.015625
CANNIER,4.0,LUCB-G,7,0,1,0.015625
CANNIER,4.0,Murphy Sampling,6,1,1,0.046875
