benchmark,unit,rep,budget_frac,method,count,recall,confirmed_total,false_conf,n_reference,B,n_candidates,executions,B_used,overtime,sched_cpu_s,n_eliminated,init_completed,init_exec,init_used
SensoDat,0,0,0.05,LUCB-G,0,0.0,0,0,4322,39228.18094513416,12135,606,39296.47458744049,68.29364230632928,0.002662599552422762,0,False,606,39296.47458744049
SensoDat,0,0,0.05,Murphy Sampling,0,0.0,0,0,4322,39228.18094513416,12135,586,39277.22823548317,49.04729034900811,0.5232720007188618,0,True,0,0.0
SensoDat,0,1,0.05,LUCB-G,0,0.0,0,0,4322,39228.18094513416,12135,610,39256.1180062294,27.937061095239187,0.0026242006570100784,0,False,610,39256.1180062294
SensoDat,0,1,0.05,Murphy Sampling,0,0.0,0,0,4322,39228.18094513416,12135,580,39256.32079052925,28.13984539508965,0.45344430149998516,0,True,0,0.0
SensoDat,0,2,0.05,LUCB-G,0,0.0,0,0,4322,39228.18094513416,12135,598,39327.847791433334,99.6668462991729,0.009081101161427796,0,False,598,39327.847791433334
SensoDat,0,2,0.05,Murphy Sampling,0,0.0,0,0,4322,39228.18094513416,12135,588,39235.79770517349,7.616760039330984,0.47768999822437763,0,True,0,0.0
SensoDat,0,0,0.1,LUCB-G,0,0.0,0,0,4322,78456.36189026832,12135,1210,78456.74725699425,0.38536672592454124,0.0037920994218438864,0,False,1210,78456.74725699425
SensoDat,0,0,0.1,Murphy Sampling,0,0.0,0,0,4322,78456.36189026832,12135,1224,78516.99906253815,60.63717226982408,1.0139260990545154,0,True,0,0.0
SensoDat,0,1,0.1,LUCB-G,0,0.0,0,0,4322,78456.36189026832,12135,1215,78487.72030711174,31.358416843417217,0.007481398875825107,0,False,1215,78487.72030711174
SensoDat,0,1,0.1,Murphy Sampling,0,0.0,0,0,4322,78456.36189026832,12135,1225,78471.37990927696,15.018019008639385,1.0536054995609447,0,True,0,0.0
SensoDat,0,2,0.1,LUCB-G,0,0.0,0,0,4322,78456.36189026832,12135,1242,78501.01447963715,44.6525893688231,0.006856601103208959,0,False,1242,78501.01447963715
SensoDat,0,2,0.1,Murphy Sampling,0,0.0,0,0,4322,78456.36189026832,12135,1207,78488.59799361229,32.23610334396653,1.0195038001984358,0,True,0,0.0
SensoDat,0,0,0.2,LUCB-G,0,0.0,0,0,4322,156912.72378053665,12135,2423,156925.4064490795,12.68266854286776,0.013142801937647164,0,False,2423,156925.4064490795
SensoDat,0,0,0.2,Murphy Sampling,0,0.0,0,0,4322,156912.72378053665,12135,2501,156920.6374373436,7.9136568069516215,1.4431882977951318,0,True,0,0.0
SensoDat,0,1,0.2,LUCB-G,0,0.0,0,0,4322,156912.72378053665,12135,2409,156915.03336763382,2.3095870971737895,0.006308101466856897,0,False,2409,156915.03336763382
SensoDat,0,1,0.2,Murphy Sampling,0,0.0,0,0,4322,156912.72378053665,12135,2462,156954.09543061256,41.371650075918296,1.5596470024902374,0,True,0,0.0
SensoDat,0,2,0.2,LUCB-G,0,0.0,0,0,4322,156912.72378053665,12135,2448,157003.03857564926,90.31479511261568,0.006248501245863736,0,False,2448,157003.03857564926
SensoDat,0,2,0.2,Murphy Sampling,0,0.0,0,0,4322,156912.72378053665,12135,2453,156924.15447568893,11.430695152288536,1.2797821969725192,0,True,0,0.0
SensoDat,1,0,0.05,LUCB-G,0,0.0,0,0,4322,39228.18094513416,12135,596,39234.52227473259,6.341329598428274,0.0018908000783994794,0,False,596,39234.52227473259
SensoDat,1,0,0.05,Murphy Sampling,0,0.0,0,0,4322,39228.18094513416,12135,593,39307.32512307167,79.14417793750908,0.27587110036984086,0,True,0,0.0
SensoDat,1,1,0.05,LUCB-G,0,0.0,0,0,4322,39228.18094513416,12135,616,39292.296085596085,64.11514046192315,0.0020527001470327377,0,False,616,39292.296085596085
SensoDat,1,1,0.05,Murphy Sampling,0,0.0,0,0,4322,39228.18094513416,12135,609,39343.13468194008,114.95373680591729,0.2846746990690008,0,True,0,0.0
SensoDat,1,2,0.05,LUCB-G,0,0.0,0,0,4322,39228.18094513416,12135,605,39234.12723016739,5.946285033227468,0.0016415000427514315,0,False,605,39234.12723016739
SensoDat,1,2,0.05,Murphy Sampling,0,0.0,0,0,4322,39228.18094513416,12135,620,39253.8848657608,25.703920626641775,0.2939444991061464,0,True,0,0.0
SensoDat,1,0,0.1,LUCB-G,0,0.0,0,0,4322,78456.36189026832,12135,1216,78531.67563128471,75.31374101639085,0.0038512992905452847,0,False,1216,78531.67563128471
SensoDat,1,0,0.1,Murphy Sampling,0,0.0,0,0,4322,78456.36189026832,12135,1214,78479.60029172897,23.238401460650493,0.5793536994606256,0,True,0,0.0
SensoDat,1,1,0.1,LUCB-G,0,0.0,0,0,4322,78456.36189026832,12135,1216,78503.06994986534,46.70805959701829,0.0030316002666950226,0,False,1216,78503.06994986534
SensoDat,1,1,0.1,Murphy Sampling,0,0.0,0,0,4322,78456.36189026832,12135,1243,78478.15948677063,21.797596502306988,0.5975665000732988,0,True,0,0.0
SensoDat,1,2,0.1,LUCB-G,0,0.0,0,0,4322,78456.36189026832,12135,1179,78467.34133505821,10.979444789889385,0.0030441994313150644,0,False,1179,78467.34133505821
SensoDat,1,2,0.1,Murphy Sampling,0,0.0,0,0,4322,78456.36189026832,12135,1200,78459.63546276093,3.2735724926023977,0.5826062996638939,0,True,0,0.0
SensoDat,1,0,0.2,LUCB-G,0,0.0,0,0,4322,156912.72378053665,12135,2385,156929.37936282158,16.65558228493319,0.007118199020624161,0,False,2385,156929.37936282158
SensoDat,1,0,0.2,Murphy Sampling,0,0.0,0,0,4322,156912.72378053665,12135,2438,156920.44585585594,7.722075319295982,1.4026597986230627,0,True,0,0.0
SensoDat,1,1,0.2,LUCB-G,0,0.0,0,0,4322,156912.72378053665,12135,2406,156978.78275322914,66.05897269249544,0.01340930035803467,0,False,2406,156978.78275322914
SensoDat,1,1,0.2,Murphy Sampling,0,0.0,0,0,4322,156912.72378053665,12135,2448,156947.84119176865,35.11741123200045,1.4500439958646894,0,True,0,0.0
SensoDat,1,2,0.2,LUCB-G,0,0.0,0,0,4322,156912.72378053665,12135,2439,156951.1606168747,38.436836338049034,0.008160699740983546,0,False,2439,156951.1606168747
SensoDat,1,2,0.2,Murphy Sampling,0,0.0,0,0,4322,156912.72378053665,12135,2461,156954.53321433067,41.80943379402743,1.4867605994222686,0,True,0,0.0
SensoDat,2,0,0.05,LUCB-G,0,0.0,0,0,4322,39228.18094513416,12135,593,39247.420864105225,19.23991897106316,0.0032659003045409918,0,False,593,39247.420864105225
SensoDat,2,0,0.05,Murphy Sampling,0,0.0,0,0,4322,39228.18094513416,12135,625,39292.634701013565,64.45375587940362,0.364023600355722,0,True,0,0.0
SensoDat,2,1,0.05,LUCB-G,0,0.0,0,0,4322,39228.18094513416,12135,608,39300.78473186493,72.60378673076775,0.0018574005225673318,0,False,608,39300.78473186493
SensoDat,2,1,0.05,Murphy Sampling,0,0.0,0,0,4322,39228.18094513416,12135,618,39248.76853585243,20.587590718270803,0.331895700073801,0,True,0,0.0
SensoDat,2,2,0.05,LUCB-G,0,0.0,0,0,4322,39228.18094513416,12135,599,39280.21380567551,52.032860541345144,0.0019788010977208614,0,False,599,39280.21380567551
SensoDat,2,2,0.05,Murphy Sampling,0,0.0,0,0,4322,39228.18094513416,12135,624,39280.090539216995,51.90959408283379,0.37704939825925976,0,True,0,0.0
SensoDat,2,0,0.1,LUCB-G,0,0.0,0,0,4322,78456.36189026832,12135,1206,78479.1443490982,22.78245882988267,0.005763200810179114,0,False,1206,78479.1443490982
SensoDat,2,0,0.1,Murphy Sampling,0,0.0,0,0,4322,78456.36189026832,12135,1221,78507.75782704353,51.39593677521043,0.6605237983167171,0,True,0,0.0
SensoDat,2,1,0.1,LUCB-G,0,0.0,0,0,4322,78456.36189026832,12135,1190,78531.07407331467,74.71218304634385,0.0033185984939336777,0,False,1190,78531.07407331467
SensoDat,2,1,0.1,Murphy Sampling,0,0.0,0,0,4322,78456.36189026832,12135,1229,78498.17346477509,41.811574506762554,0.6075311005115509,0,True,0,0.0
SensoDat,2,2,0.1,LUCB-G,0,0.0,0,0,4322,78456.36189026832,12135,1204,78514.09058952332,57.728699254992534,0.0035513999173417687,0,False,1204,78514.09058952332
SensoDat,2,2,0.1,Murphy Sampling,0,0.0,0,0,4322,78456.36189026832,12135,1209,78499.64291071892,43.28102045059495,0.5937814001226798,0,True,0,0.0
SensoDat,2,0,0.2,LUCB-G,0,0.0,0,0,4322,156912.72378053665,12135,2407,157001.014200449,88.29041991234408,0.006806099438108504,0,False,2407,157001.014200449
SensoDat,2,0,0.2,Murphy Sampling,0,0.0,0,0,4322,156912.72378053665,12135,2469,156978.72406363487,66.00028309822665,1.5314765992807224,0,True,0,0.0
SensoDat,2,1,0.2,LUCB-G,0,0.0,0,0,4322,156912.72378053665,12135,2454,156960.50166726112,47.77788672447787,0.012068901327438653,0,False,2454,156960.50166726112
SensoDat,2,1,0.2,Murphy Sampling,0,0.0,0,0,4322,156912.72378053665,12135,2475,156972.36992788315,59.6461473465024,2.234444199828431,0,True,0,0.0
SensoDat,2,2,0.2,LUCB-G,0,0.0,0,0,4322,156912.72378053665,12135,2437,156953.60127544403,40.87749490738497,0.011319299228489399,0,False,2437,156953.60127544403
SensoDat,2,2,0.2,Murphy Sampling,0,0.0,0,0,4322,156912.72378053665,12135,2455,156979.07959914207,66.3558186054288,2.2229283024789765,0,True,0,0.0
SensoDat,3,0,0.05,LUCB-G,0,0.0,0,0,4322,39228.18094513416,12135,607,39281.81203126907,53.63108613491204,0.0028615007176995277,0,False,607,39281.81203126907
SensoDat,3,0,0.05,Murphy Sampling,0,0.0,0,0,4322,39228.18094513416,12135,616,39257.20483779907,29.023892664910818,0.5432267000433058,0,True,0,0.0
SensoDat,3,1,0.05,LUCB-G,0,0.0,0,0,4322,39228.18094513416,12135,619,39247.2413547039,19.06040956974175,0.002918100915849209,0,False,619,39247.2413547039
SensoDat,3,1,0.05,Murphy Sampling,0,0.0,0,0,4322,39228.18094513416,12135,606,39276.79889369011,48.617948555947805,0.574864199385047,0,True,0,0.0
SensoDat,3,2,0.05,LUCB-G,0,0.0,0,0,4322,39228.18094513416,12135,609,39237.40063238144,9.219687247277761,0.004726298968307674,0,False,609,39237.40063238144
SensoDat,3,2,0.05,Murphy Sampling,0,0.0,0,0,4322,39228.18094513416,12135,585,39279.245403051376,51.064457917214895,0.5176388005493209,0,True,0,0.0
SensoDat,3,0,0.1,LUCB-G,0,0.0,0,0,4322,78456.36189026832,12135,1231,78484.73689866066,28.375008392336895,0.006547201075591147,0,False,1231,78484.73689866066
SensoDat,3,0,0.1,Murphy Sampling,0,0.0,0,0,4322,78456.36189026832,12135,1211,78577.43896126747,121.07707099914842,1.0411090981215239,0,True,0,0.0
SensoDat,3,1,0.1,LUCB-G,0,0.0,0,0,4322,78456.36189026832,12135,1213,78523.48365044594,67.12176017761522,0.005570498178713024,0,False,1213,78523.48365044594
SensoDat,3,1,0.1,Murphy Sampling,0,0.0,0,0,4322,78456.36189026832,12135,1232,78491.905616045,35.543725776675274,1.1758758029900491,0,True,0,0.0
SensoDat,3,2,0.1,LUCB-G,0,0.0,0,0,4322,78456.36189026832,12135,1211,78470.19252347946,13.830633211138775,0.007610201020725071,0,False,1211,78470.19252347946
SensoDat,3,2,0.1,Murphy Sampling,0,0.0,0,0,4322,78456.36189026832,12135,1199,78505.76738977432,49.405499505999614,1.0709096984937787,0,True,0,0.0
SensoDat,3,0,0.2,LUCB-G,0,0.0,0,0,4322,156912.72378053665,12135,2406,156946.11897921562,33.39519867897616,0.016167600988410413,0,False,2406,156946.11897921562
SensoDat,3,0,0.2,Murphy Sampling,0,0.0,0,0,4322,156912.72378053665,12135,2467,156987.07601165771,74.35223112106905,2.184227704186924,0,True,0,0.0
SensoDat,3,1,0.2,LUCB-G,0,0.0,0,0,4322,156912.72378053665,12135,2411,156969.6736459732,56.949865436559776,0.01358820020686835,0,False,2411,156969.6736459732
SensoDat,3,1,0.2,Murphy Sampling,0,0.0,0,0,4322,156912.72378053665,12135,2449,156967.2370967865,54.51331624985323,2.1694579012691975,0,True,0,0.0
SensoDat,3,2,0.2,LUCB-G,0,0.0,0,0,4322,156912.72378053665,12135,2420,156929.71132802963,16.987547492986778,0.011496399994939566,0,False,2420,156929.71132802963
SensoDat,3,2,0.2,Murphy Sampling,0,0.0,0,0,4322,156912.72378053665,12135,2447,156961.13599562645,48.412215089803794,2.1908885965822265,0,True,0,0.0
SensoDat,4,0,0.05,LUCB-G,0,0.0,0,0,4322,39228.18094513416,12135,620,39295.28529906273,67.10435392856743,0.004065100918523967,0,False,620,39295.28529906273
SensoDat,4,0,0.05,Murphy Sampling,0,0.0,0,0,4322,39228.18094513416,12135,598,39266.87673664093,38.69579150676873,0.5308556015370414,0,True,0,0.0
SensoDat,4,1,0.05,LUCB-G,0,0.0,0,0,4322,39228.18094513416,12135,618,39281.55659651756,53.37565138340142,0.0060541004640981555,0,False,618,39281.55659651756
SensoDat,4,1,0.05,Murphy Sampling,0,0.0,0,0,4322,39228.18094513416,12135,613,39268.635627985,40.45468285083916,0.6242648015031591,0,True,0,0.0
SensoDat,4,2,0.05,LUCB-G,0,0.0,0,0,4322,39228.18094513416,12135,613,39298.16782784462,69.9868827104583,0.0031670997850596905,0,False,613,39298.16782784462
SensoDat,4,2,0.05,Murphy Sampling,0,0.0,0,0,4322,39228.18094513416,12135,616,39279.3591337204,51.1781885862365,0.5860086982138455,0,True,0,0.0
SensoDat,4,0,0.1,LUCB-G,0,0.0,0,0,4322,78456.36189026832,12135,1221,78473.7510228157,17.38913254738145,0.00793970050290227,0,False,1221,78473.7510228157
SensoDat,4,0,0.1,Murphy Sampling,0,0.0,0,0,4322,78456.36189026832,12135,1161,78462.76008701324,6.398196744921734,1.1393628963269293,0,True,0,0.0
SensoDat,4,1,0.1,LUCB-G,0,0.0,0,0,4322,78456.36189026832,12135,1213,78512.54631757736,56.184427309039165,0.008895499398931861,0,False,1213,78512.54631757736
SensoDat,4,1,0.1,Murphy Sampling,0,0.0,0,0,4322,78456.36189026832,12135,1194,78497.39738321304,41.03549294472032,1.1202981021488085,0,True,0,0.0
SensoDat,4,2,0.1,LUCB-G,0,0.0,0,0,4322,78456.36189026832,12135,1245,78506.08915495872,49.72726469040208,0.006939599523320794,0,False,1245,78506.08915495872
SensoDat,4,2,0.1,Murphy Sampling,0,0.0,0,0,4322,78456.36189026832,12135,1224,78469.01792645454,12.656036186221172,1.1574830963509157,0,True,0,0.0
SensoDat,4,0,0.2,LUCB-G,0,0.0,0,0,4322,156912.72378053665,12135,2460,156971.75042891502,59.02664837837801,0.018172297277487814,0,False,2460,156971.75042891502
SensoDat,4,0,0.2,Murphy Sampling,0,0.0,0,0,4322,156912.72378053665,12135,2430,156921.40425109863,8.680470561987022,2.2501277974806726,0,True,0,0.0
SensoDat,4,1,0.2,LUCB-G,0,0.0,0,0,4322,156912.72378053665,12135,2469,157020.3279247284,107.60414419174776,0.011419301619753242,0,False,2469,157020.3279247284
SensoDat,4,1,0.2,Murphy Sampling,0,0.0,0,0,4322,156912.72378053665,12135,2536,156987.75796866417,75.03418812752352,2.245133498450741,0,True,0,0.0
SensoDat,4,2,0.2,LUCB-G,0,0.0,0,0,4322,156912.72378053665,12135,2366,156916.43658423424,3.7128036975918803,0.012970703071914613,0,False,2366,156916.43658423424
SensoDat,4,2,0.2,Murphy Sampling,0,0.0,0,0,4322,156912.72378053665,12135,2490,156923.42005252838,10.696271991735557,2.3527985956752673,0,True,0,0.0
SensoDat,5,0,0.05,LUCB-G,0,0.0,0,0,4322,39228.18094513416,12135,630,39260.24477124214,32.063826107980276,0.0060146983014419675,0,False,630,39260.24477124214
SensoDat,5,0,0.05,Murphy Sampling,0,0.0,0,0,4322,39228.18094513416,12135,626,39271.06130003929,42.880354905129934,0.6494306004606187,0,True,0,0.0
SensoDat,5,1,0.05,LUCB-G,0,0.0,0,0,4322,39228.18094513416,12135,598,39244.93667554855,16.75573041439202,0.004492900101467967,0,False,598,39244.93667554855
SensoDat,5,1,0.05,Murphy Sampling,0,0.0,0,0,4322,39228.18094513416,12135,609,39258.5853331089,30.40438797474053,0.5823611005907878,0,True,0,0.0
SensoDat,5,2,0.05,LUCB-G,0,0.0,0,0,4322,39228.18094513416,12135,611,39233.271409749985,5.090464615823294,0.003916899440810084,0,False,611,39233.271409749985
SensoDat,5,2,0.05,Murphy Sampling,0,0.0,0,0,4322,39228.18094513416,12135,624,39264.161418676376,35.980473542214895,0.6229545979294926,0,True,0,0.0
SensoDat,5,0,0.1,LUCB-G,0,0.0,0,0,4322,78456.36189026832,12135,1220,78490.54604959488,34.184159326556255,0.007805299363099039,0,False,1220,78490.54604959488
SensoDat,5,0,0.1,Murphy Sampling,0,0.0,0,0,4322,78456.36189026832,12135,1193,78467.49519824982,11.133307981494,1.0572321005165577,0,True,0,0.0
SensoDat,5,1,0.1,LUCB-G,0,0.0,0,0,4322,78456.36189026832,12135,1205,78458.22039699554,1.8585067272215383,0.00695490010548383,0,False,1205,78458.22039699554
SensoDat,5,1,0.1,Murphy Sampling,0,0.0,0,0,4322,78456.36189026832,12135,1235,78495.47685456276,39.114964294436504,1.1216239015338942,0,True,0,0.0
SensoDat,5,2,0.1,LUCB-G,0,0.0,0,0,4322,78456.36189026832,12135,1213,78485.08504462242,28.72315435409837,0.0066354990703985095,0,False,1213,78485.08504462242
SensoDat,5,2,0.1,Murphy Sampling,0,0.0,0,0,4322,78456.36189026832,12135,1231,78477.15238046646,20.790490198138286,1.061451199813746,0,True,0,0.0
SensoDat,5,0,0.2,LUCB-G,0,0.0,0,0,4322,156912.72378053665,12135,2418,156968.2623925209,55.53861198425875,0.01606050052214414,0,False,2418,156968.2623925209
SensoDat,5,0,0.2,Murphy Sampling,0,0.0,0,0,4322,156912.72378053665,12135,2467,156927.80553102493,15.08175048828707,2.2364992038346827,0,True,0,0.0
SensoDat,5,1,0.2,LUCB-G,0,0.0,0,0,4322,156912.72378053665,12135,2425,156990.6003022194,77.87652168274508,0.012695098645053804,0,False,2425,156990.6003022194
SensoDat,5,1,0.2,Murphy Sampling,0,0.0,0,0,4322,156912.72378053665,12135,2448,157045.21590685844,132.49212632179842,2.2513812023680657,0,True,0,0.0
SensoDat,5,2,0.2,LUCB-G,0,0.0,0,0,4322,156912.72378053665,12135,2434,156947.77842211723,35.054641580587486,0.012412100448273122,0,False,2434,156947.77842211723
SensoDat,5,2,0.2,Murphy Sampling,0,0.0,0,0,4322,156912.72378053665,12135,2447,156993.61299991608,80.88921937943087,2.3393581981072202,0,True,0,0.0
SensoDat,6,0,0.05,LUCB-G,0,0.0,0,0,4322,39228.18094513416,12135,604,39328.098130464554,99.91718533039239,0.004109899629838765,0,False,604,39328.098130464554
SensoDat,6,0,0.05,Murphy Sampling,0,0.0,0,0,4322,39228.18094513416,12135,611,39245.11917972565,16.938234591485525,0.6304330991115421,0,True,0,0.0
SensoDat,6,1,0.05,LUCB-G,0,0.0,0,0,4322,39228.18094513416,12135,585,39291.10178589821,62.92084076404717,0.0015005996683612466,0,False,585,39291.10178589821
SensoDat,6,1,0.05,Murphy Sampling,0,0.0,0,0,4322,39228.18094513416,12135,594,39264.494448661804,36.31350352764275,0.2824896000092849,0,True,0,0.0
SensoDat,6,2,0.05,LUCB-G,0,0.0,0,0,4322,39228.18094513416,12135,608,39268.83203148842,40.65108635425713,0.0018944996409118176,0,False,608,39268.83203148842
SensoDat,6,2,0.05,Murphy Sampling,0,0.0,0,0,4322,39228.18094513416,12135,602,39230.85211443901,2.6711693048491725,0.2819234002381563,0,True,0,0.0
SensoDat,6,0,0.1,LUCB-G,0,0.0,0,0,4322,78456.36189026832,12135,1208,78462.31426858902,5.95237832069688,0.003522899467498064,0,False,1208,78462.31426858902
SensoDat,6,0,0.1,Murphy Sampling,0,0.0,0,0,4322,78456.36189026832,12135,1212,78498.39605474472,42.034164476397564,0.578105800668709,0,True,0,0.0
SensoDat,6,1,0.1,LUCB-G,0,0.0,0,0,4322,78456.36189026832,12135,1231,78467.84524989128,11.483359622958233,0.0037696000654250383,0,False,1231,78467.84524989128
SensoDat,6,1,0.1,Murphy Sampling,0,0.0,0,0,4322,78456.36189026832,12135,1205,78486.4444053173,30.082515048983623,0.5846982001094148,0,True,0,0.0
SensoDat,6,2,0.1,LUCB-G,0,0.0,0,0,4322,78456.36189026832,12135,1226,78457.59979104996,1.23790078163438,0.003363899770192802,0,False,1226,78457.59979104996
SensoDat,6,2,0.1,Murphy Sampling,0,0.0,0,0,4322,78456.36189026832,12135,1240,78534.90147829056,78.53958802223497,0.6031007001874968,0,True,0,0.0
SensoDat,6,0,0.2,LUCB-G,0,0.0,0,0,4322,156912.72378053665,12135,2375,156955.03001070023,42.30623016358004,0.00666730001103133,0,False,2375,156955.03001070023
SensoDat,6,0,0.2,Murphy Sampling,0,0.0,0,0,4322,156912.72378053665,12135,2426,156978.77358531952,66.04980478287325,1.3367335991933942,0,True,0,0.0
SensoDat,6,1,0.2,LUCB-G,0,0.0,0,0,4322,156912.72378053665,12135,2404,156930.470484972,17.74670443535433,0.008100499515421689,0,False,2404,156930.470484972
SensoDat,6,1,0.2,Murphy Sampling,0,0.0,0,0,4322,156912.72378053665,12135,2464,156985.66570472717,72.94192419052706,1.3851470982190222,0,True,0,0.0
SensoDat,6,2,0.2,LUCB-G,0,0.0,0,0,4322,156912.72378053665,12135,2414,156956.6817867756,43.9580062389432,0.008287302334792912,0,False,2414,156956.6817867756
SensoDat,6,2,0.2,Murphy Sampling,0,0.0,0,0,4322,156912.72378053665,12135,2457,156954.87393641472,42.15015587807284,1.9117905981838703,0,True,0,0.0
SensoDat,7,0,0.05,LUCB-G,0,0.0,0,0,4322,39228.18094513416,12135,595,39247.19579029083,19.014845156671072,0.003375201253220439,0,False,595,39247.19579029083
SensoDat,7,0,0.05,Murphy Sampling,0,0.0,0,0,4322,39228.18094513416,12135,596,39236.703778743744,8.522833609582449,0.7430812994716689,0,True,0,0.0
SensoDat,7,1,0.05,LUCB-G,0,0.0,0,0,4322,39228.18094513416,12135,631,39249.05096387863,20.870018744470144,0.004687800304964185,0,False,631,39249.05096387863
SensoDat,7,1,0.05,Murphy Sampling,0,0.0,0,0,4322,39228.18094513416,12135,615,39255.107941389084,26.926996254922415,0.49851880106143653,0,True,0,0.0
SensoDat,7,2,0.05,LUCB-G,0,0.0,0,0,4322,39228.18094513416,12135,611,39353.86110448837,125.68015935421136,0.001977298757992685,0,False,611,39353.86110448837
SensoDat,7,2,0.05,Murphy Sampling,0,0.0,0,0,4322,39228.18094513416,12135,609,39278.37582874298,50.19488360881951,0.48812139802612364,0,True,0,0.0
SensoDat,7,0,0.1,LUCB-G,0,0.0,0,0,4322,78456.36189026832,12135,1231,78514.3881585598,58.0262682914763,0.010966199566610157,0,False,1231,78514.3881585598
SensoDat,7,0,0.1,Murphy Sampling,0,0.0,0,0,4322,78456.36189026832,12135,1210,78470.46458983421,14.102699565890362,1.018039297661744,0,True,0,0.0
SensoDat,7,1,0.1,LUCB-G,0,0.0,0,0,4322,78456.36189026832,12135,1207,78546.81705737114,90.45516710281663,0.01070589735172689,0,False,1207,78546.81705737114
SensoDat,7,1,0.1,Murphy Sampling,0,0.0,0,0,4322,78456.36189026832,12135,1209,78482.2706565857,25.908766317370464,1.2475817982340232,0,True,0,0.0
SensoDat,7,2,0.1,LUCB-G,0,0.0,0,0,4322,78456.36189026832,12135,1218,78516.62025141716,60.25836114883714,0.010959599167108536,0,False,1218,78516.62025141716
SensoDat,7,2,0.1,Murphy Sampling,0,0.0,0,0,4322,78456.36189026832,12135,1231,78507.10554170609,50.74365143776231,1.3603322983253747,0,True,0,0.0
SensoDat,7,0,0.2,LUCB-G,0,0.0,0,0,4322,156912.72378053665,12135,2456,156958.23384022713,45.510059690481285,0.013052498106844723,0,False,2456,156958.23384022713
SensoDat,7,0,0.2,Murphy Sampling,0,0.0,0,0,4322,156912.72378053665,12135,2415,156937.8459994793,25.122218942648033,1.984588898718357,0,True,0,0.0
SensoDat,7,1,0.2,LUCB-G,0,0.0,0,0,4322,156912.72378053665,12135,2464,156974.41658067703,61.69280014038668,0.010110901668667793,0,False,2464,156974.41658067703
SensoDat,7,1,0.2,Murphy Sampling,0,0.0,0,0,4322,156912.72378053665,12135,2422,156935.46518063545,22.74140009880648,1.8005416007945314,0,True,0,0.0
SensoDat,7,2,0.2,LUCB-G,0,0.0,0,0,4322,156912.72378053665,12135,2396,156969.8609559536,57.13717541695223,0.0062299000564962626,0,False,2396,156969.8609559536
SensoDat,7,2,0.2,Murphy Sampling,0,0.0,0,0,4322,156912.72378053665,12135,2455,156937.21038222313,24.486601686483482,1.4914797018282115,0,True,0,0.0
SensoDat,8,0,0.05,LUCB-G,0,0.0,0,0,4322,39228.18094513416,12135,617,39233.264218091965,5.083272957803274,0.0019232007907703519,0,False,617,39233.264218091965
SensoDat,8,0,0.05,Murphy Sampling,0,0.0,0,0,4322,39228.18094513416,12135,623,39243.66755771637,15.486612582208181,0.3761527999304235,0,True,0,0.0
SensoDat,8,1,0.05,LUCB-G,0,0.0,0,0,4322,39228.18094513416,12135,613,39239.32259845734,11.141653323174978,0.002347399014979601,0,False,613,39239.32259845734
SensoDat,8,1,0.05,Murphy Sampling,0,0.0,0,0,4322,39228.18094513416,12135,602,39289.59114718437,61.4102020502105,0.3613262012368068,0,True,0,0.0
SensoDat,8,2,0.05,LUCB-G,0,0.0,0,0,4322,39228.18094513416,12135,618,39320.04066157341,91.85971643924859,0.002058199723251164,0,False,618,39320.04066157341
SensoDat,8,2,0.05,Murphy Sampling,0,0.0,0,0,4322,39228.18094513416,12135,603,39237.715022563934,9.534077429772879,0.3238315009512007,0,True,0,0.0
SensoDat,8,0,0.1,LUCB-G,0,0.0,0,0,4322,78456.36189026832,12135,1194,78492.7202744484,36.35838418007188,0.0032553996425122023,0,False,1194,78492.7202744484
SensoDat,8,0,0.1,Murphy Sampling,0,0.0,0,0,4322,78456.36189026832,12135,1214,78499.72714090347,43.365250635150005,0.5852667997824028,0,True,0,0.0
SensoDat,8,1,0.1,LUCB-G,0,0.0,0,0,4322,78456.36189026832,12135,1209,78545.91188979149,89.54999952316575,0.0030683999648317695,0,False,1209,78545.91188979149
SensoDat,8,1,0.1,Murphy Sampling,0,0.0,0,0,4322,78456.36189026832,12135,1234,78460.66615223885,4.30426197052293,0.6049702999880537,0,True,0,0.0
SensoDat,8,2,0.1,LUCB-G,0,0.0,0,0,4322,78456.36189026832,12135,1215,78496.07315087318,39.71126060486131,0.003160799853503704,0,False,1215,78496.07315087318
SensoDat,8,2,0.1,Murphy Sampling,0,0.0,0,0,4322,78456.36189026832,12135,1284,78519.93801498413,63.576124715807964,0.6335081999422982,0,True,0,0.0
SensoDat,8,0,0.2,LUCB-G,0,0.0,0,0,4322,156912.72378053665,12135,2395,156948.46078395844,35.73700342178927,0.009665896650403738,0,False,2395,156948.46078395844
SensoDat,8,0,0.2,Murphy Sampling,0,0.0,0,0,4322,156912.72378053665,12135,2452,156991.0884039402,78.36462340355502,1.1711303032934666,0,True,0,0.0
SensoDat,8,1,0.2,LUCB-G,0,0.0,0,0,4322,156912.72378053665,12135,2444,156982.6195857525,69.89580521584139,0.0063936993246898055,0,False,2444,156982.6195857525
SensoDat,8,1,0.2,Murphy Sampling,0,0.0,0,0,4322,156912.72378053665,12135,2471,156930.19627714157,17.472496604925254,1.3944668007316068,0,True,0,0.0
SensoDat,8,2,0.2,LUCB-G,0,0.0,0,0,4322,156912.72378053665,12135,2425,156956.92041635513,44.196635818487266,0.006303800502792001,0,False,2425,156956.92041635513
SensoDat,8,2,0.2,Murphy Sampling,0,0.0,0,0,4322,156912.72378053665,12135,2426,156923.1705801487,10.446799612051109,1.3918243987718597,0,True,0,0.0
SensoDat,9,0,0.05,LUCB-G,0,0.0,0,0,4322,39228.18094513416,12135,630,39245.22453069687,17.04358556270745,0.0023801991483196616,0,False,630,39245.22453069687
SensoDat,9,0,0.05,Murphy Sampling,0,0.0,0,0,4322,39228.18094513416,12135,593,39249.43125653267,21.25031139850762,0.30297470069490373,0,True,0,0.0
SensoDat,9,1,0.05,LUCB-G,0,0.0,0,0,4322,39228.18094513416,12135,612,39285.1158387661,56.934893631936575,0.001750999828800559,0,False,612,39285.1158387661
SensoDat,9,1,0.05,Murphy Sampling,0,0.0,0,0,4322,39228.18094513416,12135,621,39288.66451191902,60.48356678486016,0.3695377983385697,0,True,0,0.0
SensoDat,9,2,0.05,LUCB-G,0,0.0,0,0,4322,39228.18094513416,12135,602,39358.63842558861,130.45748045444634,0.0026796995662152767,0,False,602,39358.63842558861
SensoDat,9,2,0.05,Murphy Sampling,0,0.0,0,0,4322,39228.18094513416,12135,616,39249.867659807205,21.686714673043753,0.3327009993372485,0,True,0,0.0
SensoDat,9,0,0.1,LUCB-G,0,0.0,0,0,4322,78456.36189026832,12135,1233,78536.10939955711,79.74750928879075,0.004072898416779935,0,False,1233,78536.10939955711
SensoDat,9,0,0.1,Murphy Sampling,0,0.0,0,0,4322,78456.36189026832,12135,1202,78466.65508365631,10.29319338798814,0.6223466019146144,0,True,0,0.0
SensoDat,9,1,0.1,LUCB-G,0,0.0,0,0,4322,78456.36189026832,12135,1201,78503.30734229088,46.9454520225554,0.0034118007170036435,0,False,1201,78503.30734229088
SensoDat,9,1,0.1,Murphy Sampling,0,0.0,0,0,4322,78456.36189026832,12135,1256,78483.80581855774,27.443928289416363,0.6115911008091643,0,True,0,0.0
SensoDat,9,2,0.1,LUCB-G,0,0.0,0,0,4322,78456.36189026832,12135,1184,78472.93087482452,16.56898455620103,0.0030179996974766254,0,False,1184,78472.93087482452
SensoDat,9,2,0.1,Murphy Sampling,0,0.0,0,0,4322,78456.36189026832,12135,1228,78539.00084662437,82.6389563560515,0.6241267013829201,0,True,0,0.0
SensoDat,9,0,0.2,LUCB-G,0,0.0,0,0,4322,156912.72378053665,12135,2441,156959.37751030922,46.65372977257357,0.007140300935134292,0,False,2441,156959.37751030922
SensoDat,9,0,0.2,Murphy Sampling,0,0.0,0,0,4322,156912.72378053665,12135,2515,156933.56483912468,20.841058588033775,1.2346218996681273,0,True,0,0.0
SensoDat,9,1,0.2,LUCB-G,0,0.0,0,0,4322,156912.72378053665,12135,2397,156981.31289625168,68.58911571503268,0.006447501247748733,0,False,2397,156981.31289625168
SensoDat,9,1,0.2,Murphy Sampling,0,0.0,0,0,4322,156912.72378053665,12135,2507,156932.58695602417,19.86317548752413,1.4915274983504787,0,True,0,0.0
SensoDat,9,2,0.2,LUCB-G,0,0.0,0,0,4322,156912.72378053665,12135,2427,156925.9967110157,13.272930479055503,0.007077098824083805,0,False,2427,156925.9967110157
SensoDat,9,2,0.2,Murphy Sampling,0,0.0,0,0,4322,156912.72378053665,12135,2468,156943.0318362713,30.30805573464022,1.418149899225682,0,True,0,0.0
