benchmark,budget,method,count_mean,recall_mean,false_conf,init_completed,n_runs
Amini,0.05,LUCB-G,0.0,0.0,0,0.0,12
Amini,0.05,Murphy Sampling,0.0,0.0,0,1.0,12
Amini,0.1,LUCB-G,0.0,0.0,0,1.0,12
Amini,0.1,Murphy Sampling,0.25,0.010869565217391302,0,1.0,12
Amini,0.2,LUCB-G,0.0,0.0,0,1.0,12
Amini,0.2,Murphy Sampling,3.3333333333333335,0.144927536231884,0,1.0,12
SensoDat,0.05,LUCB-G,0.0,0.0,0,0.0,30
SensoDat,0.05,Murphy Sampling,0.0,0.0,0,1.0,30
SensoDat,0.1,LUCB-G,0.0,0.0,0,0.0,30
SensoDat,0.1,Murphy Sampling,0.0,0.0,0,1.0,30
SensoDat,0.2,LUCB-G,0.0,0.0,0,0.0,30
SensoDat,0.2,Murphy Sampling,0.0,0.0,0,1.0,30
CANNIER,0.5,LUCB-G,0.0,0.0,0,0.0,96
CANNIER,0.5,Murphy Sampling,0.020833333333333332,0.00020032051282051252,0,1.0,96
CANNIER,1.0,LUCB-G,0.0,0.0,0,1.0,96
CANNIER,1.0,Murphy Sampling,15.072916666666668,0.2641979454709234,0,1.0,96
CANNIER,2.0,LUCB-G,0.0,0.0,0,1.0,96
CANNIER,2.0,Murphy Sampling,30.229166666666668,0.5899826931306711,0,1.0,96
CANNIER,4.0,LUCB-G,30.40625,0.6005363764095382,0,1.0,96
CANNIER,4.0,Murphy Sampling,31.583333333333336,0.6492335262096292,0,1.0,96
