benchmark,budget,tau,method,n_units,n_reference,count_mean,count_halfwidth,recall_mean,recall_halfwidth,recall_ci_low,recall_ci_high
Amini,0.03,0.3,APGAI,12,23.0,0.0,0.0,0.0,0.0,0.0,0.0
Amini,0.03,0.3,BayesUCB-Cost,12,23.0,0.6666666666666666,0.4138410232772475,0.028985507246376798,0.01799308796857597,0.010992419277800827,0.04697859521495277
Amini,0.03,0.3,FailRerun,12,23.0,0.25,0.2873567530953871,0.010869565217391302,0.012493771873712478,-0.0016242066563211758,0.023363337091103782
Amini,0.03,0.3,Mean Planning,12,23.0,0.5833333333333334,0.32717005569271557,0.025362318840579698,0.01422478503011806,0.011137533810461639,0.039587103870697755
Amini,0.03,0.3,ReproAlloc,12,23.0,0.5833333333333334,0.32717005569271557,0.0253623188405797,0.014224785030118064,0.011137533810461637,0.03958710387069776
Amini,0.03,0.3,RerunK-10,12,23.0,0.25,0.2873567530953871,0.010869565217391302,0.012493771873712478,-0.0016242066563211758,0.023363337091103782
Amini,0.03,0.3,ScoreCost,12,23.0,0.5,0.3318109975061571,0.021739130434782598,0.01442656510896335,0.007312565325819248,0.03616569554374595
Amini,0.03,0.3,Uniform,12,23.0,0.0,0.0,0.0,0.0,0.0,0.0
Amini,0.05,0.2,APGAI,12,26.0,0.0,0.0,0.0,0.0,0.0,0.0
Amini,0.05,0.2,BayesUCB-Cost,12,26.0,0.8333333333333334,0.45603059681981467,0.03205128205128202,0.01753963833922363,0.014511643712058389,0.04959092039050565
Amini,0.05,0.2,FailRerun,12,26.0,0.75,0.4789279218256452,0.028846153846153817,0.018420304685601727,0.01042584916055209,0.04726645853175554
Amini,0.05,0.2,Mean Planning,12,26.0,1.3333333333333333,0.6256688170903368,0.05128205128205126,0.024064185272705253,0.027217866009346007,0.07534623655475652
Amini,0.05,0.2,ReproAlloc,12,26.0,2.0,0.27092254497799556,0.07692307692307689,0.010420097883769056,0.06650297903930782,0.08734317480684595
Amini,0.05,0.2,RerunK-10,12,26.0,1.1666666666666667,0.5304365472072888,0.044871794871794844,0.0204014056618188,0.024470389209976046,0.06527320053361364
Amini,0.05,0.2,ScoreCost,12,26.0,1.6666666666666667,0.6818067864553531,0.06410256410256406,0.026223337940590483,0.037879226161973575,0.09032590204315454
Amini,0.05,0.2,Uniform,12,26.0,0.0,0.0,0.0,0.0,0.0,0.0
Amini,0.05,0.3,APGAI,12,23.0,0.0,0.0,0.0,0.0,0.0,0.0
Amini,0.05,0.3,BayesUCB-Cost,12,23.0,0.8333333333333334,0.45603059681981467,0.036231884057971,0.019827417253035412,0.01640446680493559,0.056059301311006414
Amini,0.05,0.3,FailRerun,12,23.0,0.5,0.42836615580993903,0.021739130434782598,0.018624615469997344,0.003114514964785254,0.04036374590477994
Amini,0.05,0.3,Mean Planning,12,23.0,1.0833333333333333,0.4247814387650767,0.0471014492753623,0.018468758207177242,0.028632691068185057,0.06557020748253954
Amini,0.05,0.3,OptimisticScoreCost,12,23.0,0.9166666666666666,0.42478143876507674,0.0398550724637681,0.018468758207177242,0.021386314256590856,0.05832383067094534
Amini,0.05,0.3,ReproAlloc,12,23.0,1.5,0.42836615580993903,0.0652173913043478,0.018624615469997344,0.04659277583435045,0.08384200677434514
Amini,0.05,0.3,RerunK-10,12,23.0,0.5833333333333334,0.4247814387650767,0.0253623188405797,0.018468758207177242,0.006893560633402459,0.04383107704775695
Amini,0.05,0.3,ScoreCost,12,23.0,1.0,0.3831423374605161,0.043478260869565195,0.016658362498283303,0.026819898371281892,0.0601366233678485
Amini,0.05,0.3,Uniform,12,23.0,0.0,0.0,0.0,0.0,0.0,0.0
Amini,0.05,0.4,APGAI,12,20.0,0.0,0.0,0.0,0.0,0.0,0.0
Amini,0.05,0.4,BayesUCB-Cost,12,20.0,0.3333333333333333,0.3128344085451684,0.016666666666666666,0.015641720427258424,0.001024946239408242,0.03230838709392509
Amini,0.05,0.4,FailRerun,12,20.0,0.08333333333333333,0.1834154300069124,0.004166666666666667,0.009170771500345622,-0.005004104833678955,0.01333743816701229
Amini,0.05,0.4,Mean Planning,12,20.0,0.3333333333333333,0.3128344085451684,0.016666666666666666,0.015641720427258424,0.001024946239408242,0.03230838709392509
Amini,0.05,0.4,ReproAlloc,12,20.0,0.3333333333333333,0.3128344085451684,0.016666666666666666,0.015641720427258424,0.001024946239408242,0.03230838709392509
Amini,0.05,0.4,RerunK-10,12,20.0,0.08333333333333333,0.1834154300069124,0.004166666666666667,0.009170771500345622,-0.005004104833678955,0.01333743816701229
Amini,0.05,0.4,ScoreCost,12,20.0,0.16666666666666666,0.24731731536859355,0.008333333333333333,0.012365865768429676,-0.004032532435096343,0.02069919910176301
Amini,0.05,0.4,Uniform,12,20.0,0.0,0.0,0.0,0.0,0.0,0.0
Amini,0.06,0.3,APGAI,12,23.0,0.0,0.0,0.0,0.0,0.0,0.0
Amini,0.06,0.3,BayesUCB-Cost,12,23.0,1.25,0.4789279218256452,0.054347826086956506,0.020822953122854128,0.03352487296410238,0.07517077920981063
Amini,0.06,0.3,FailRerun,12,23.0,0.5833333333333334,0.5038236756015766,0.0253623188405797,0.02190537720006854,0.003456941640511163,0.04726769604064824
Amini,0.06,0.3,Mean Planning,12,23.0,0.8333333333333334,0.45603059681981467,0.036231884057971,0.019827417253035412,0.01640446680493559,0.056059301311006414
Amini,0.06,0.3,ReproAlloc,12,23.0,1.5833333333333333,0.5038236756015766,0.0688405797101449,0.02190537720006854,0.046935202510076365,0.09074595691021344
Amini,0.06,0.3,RerunK-10,12,23.0,0.75,0.3949340817489385,0.0326086956521739,0.017171047032562538,0.01543764861961136,0.049779742684736436
Amini,0.06,0.3,ScoreCost,12,23.0,1.25,0.5502462900207372,0.05434782608695649,0.023923751740032043,0.03042407434692445,0.07827157782698854
Amini,0.06,0.3,Uniform,12,23.0,0.0,0.0,0.0,0.0,0.0,0.0
Amini,0.07,0.3,APGAI,12,23.0,0.0,0.0,0.0,0.0,0.0,0.0
Amini,0.07,0.3,BayesUCB-Cost,12,23.0,1.1666666666666667,0.4560305968198147,0.050724637681159396,0.019827417253035412,0.030897220428123984,0.07055205493419481
Amini,0.07,0.3,FailRerun,12,23.0,1.0833333333333333,0.5038236756015766,0.0471014492753623,0.021905377200068542,0.025196072075293757,0.06900682647543084
Amini,0.07,0.3,Mean Planning,12,23.0,1.5833333333333333,0.5038236756015766,0.0688405797101449,0.021905377200068542,0.04693520251007636,0.09074595691021345
Amini,0.07,0.3,ReproAlloc,12,23.0,2.3333333333333335,0.41384102327724753,0.10144927536231879,0.017993087968575967,0.08345618739374283,0.11944236333089475
Amini,0.07,0.3,RerunK-10,12,23.0,1.3333333333333333,0.5639702503695274,0.0579710144927536,0.02452044566824031,0.03345056882451329,0.08249146016099392
Amini,0.07,0.3,ScoreCost,12,23.0,1.8333333333333333,0.595618968796784,0.0797101449275362,0.025896476904207984,0.05381366802332821,0.10560662183174419
Amini,0.07,0.3,Uniform,12,23.0,0.0,0.0,0.0,0.0,0.0,0.0
Amini,0.08,0.3,APGAI,12,23.0,0.5,0.3318109975061571,0.021739130434782605,0.01442656510896335,0.007312565325819255,0.036165695543745956
Amini,0.08,0.3,BayesUCB-Cost,12,23.0,1.25,0.3949340817489385,0.054347826086956506,0.017171047032562538,0.03717677905439397,0.07151887311951904
Amini,0.08,0.3,FailRerun,12,23.0,0.75,0.3949340817489385,0.0326086956521739,0.017171047032562538,0.01543764861961136,0.049779742684736436
Amini,0.08,0.3,Mean Planning,12,23.0,1.8333333333333333,0.45603059681981467,0.0797101449275362,0.019827417253035412,0.059882727674500785,0.09953756218057161
Amini,0.08,0.3,ReproAlloc,12,23.0,2.6666666666666665,0.6818067864553531,0.1159420289855072,0.02964377332414577,0.08629825566136143,0.14558580230965298
Amini,0.08,0.3,RerunK-10,12,23.0,1.5,0.7419519461057805,0.0652173913043478,0.0322587802654687,0.03295861103887909,0.0974761715698165
Amini,0.08,0.3,ScoreCost,12,23.0,1.5,0.635369687328131,0.0652173913043478,0.02762476901426656,0.037592622290081236,0.09284216031861436
Amini,0.08,0.3,Uniform,12,23.0,0.0,0.0,0.0,0.0,0.0,0.0
Amini,0.1,0.2,APGAI,12,26.0,2.3333333333333335,0.5639702503695274,0.08974358974358969,0.021691163475751042,0.06805242626783864,0.11143475321934074
Amini,0.1,0.2,BayesUCB-Cost,12,26.0,1.8333333333333333,0.5304365472072888,0.07051282051282046,0.020401405661818795,0.050111414851001665,0.09091422617463925
Amini,0.1,0.2,FailRerun,12,26.0,1.1666666666666667,0.6543401113854311,0.04487179487179482,0.025166927360978104,0.01970486751081672,0.07003872223277292
Amini,0.1,0.2,Mean Planning,12,26.0,3.0833333333333335,0.6329584084688271,0.11858974358974354,0.024344554171877968,0.09424518941786558,0.1429342977616215
Amini,0.1,0.2,ReproAlloc,12,26.0,4.0,0.5418450899559911,0.15384615384615377,0.020840195767538136,0.13300595807861565,0.1746863496136919
Amini,0.1,0.2,RerunK-10,12,26.0,3.1666666666666665,0.931963053791309,0.12179487179487174,0.03584473283812728,0.08595013895674446,0.15763960463299903
Amini,0.1,0.2,ScoreCost,12,26.0,3.0,0.46925161281775263,0.11538461538461531,0.018048138954528944,0.09733647643008636,0.13343275433914425
Amini,0.1,0.2,Uniform,12,26.0,0.0,0.0,0.0,0.0,0.0,0.0
Amini,0.1,0.3,APGAI,12,23.0,1.5,0.3318109975061571,0.0652173913043478,0.014426565108963348,0.05079082619538445,0.07964395641331115
Amini,0.1,0.3,BayesUCB-Cost,12,23.0,1.4166666666666667,0.5038236756015766,0.0615942028985507,0.02190537720006854,0.03968882569848216,0.08349958009861924
Amini,0.1,0.3,FailRerun,12,23.0,1.0,0.5418450899559911,0.043478260869565195,0.023558482171999604,0.01991977869756559,0.0670367430415648
Amini,0.1,0.3,Mean Planning,12,23.0,1.75,0.3949340817489385,0.0760869565217391,0.017171047032562538,0.058915909489176556,0.09325800355430164
Amini,0.1,0.3,OptimisticScoreCost,12,23.0,2.0833333333333335,0.6329584084688272,0.0905797101449275,0.027519930802992473,0.06305977934193502,0.11809964094791997
Amini,0.1,0.3,ReproAlloc,12,23.0,3.25,0.3949340817489385,0.1413043478260869,0.017171047032562545,0.12413330079352435,0.15847539485864942
Amini,0.1,0.3,RerunK-10,12,23.0,1.5833333333333333,0.6885022674100243,0.0688405797101449,0.029934881191740176,0.038905698518404724,0.09877546090188508
Amini,0.1,0.3,ScoreCost,12,23.0,2.4166666666666665,0.5720466077812513,0.1050724637681159,0.024871591642663084,0.08020087212545281,0.12994405541077897
Amini,0.1,0.3,Uniform,12,23.0,0.0,0.0,0.0,0.0,0.0,0.0
Amini,0.1,0.4,APGAI,12,20.0,0.5833333333333334,0.32717005569271557,0.029166666666666664,0.01635850278463578,0.012808163882030883,0.045525169451302444
Amini,0.1,0.4,BayesUCB-Cost,12,20.0,0.3333333333333333,0.3128344085451684,0.016666666666666666,0.015641720427258424,0.001024946239408242,0.03230838709392509
Amini,0.1,0.4,FailRerun,12,20.0,0.16666666666666666,0.2473173153685935,0.008333333333333333,0.012365865768429674,-0.004032532435096341,0.02069919910176301
Amini,0.1,0.4,Mean Planning,12,20.0,0.5,0.42836615580993903,0.024999999999999998,0.02141830779049696,0.0035816922095030373,0.04641830779049696
Amini,0.1,0.4,ReproAlloc,12,20.0,0.75,0.3949340817489385,0.0375,0.019746704087446925,0.017753295912553074,0.05724670408744692
Amini,0.1,0.4,RerunK-10,12,20.0,0.25,0.2873567530953871,0.012500000000000002,0.014367837654769358,-0.0018678376547693557,0.026867837654769362
Amini,0.1,0.4,ScoreCost,12,20.0,0.5,0.3318109975061571,0.024999999999999998,0.01659054987530786,0.008409450124692137,0.04159054987530786
Amini,0.1,0.4,Uniform,12,20.0,0.0,0.0,0.0,0.0,0.0,0.0
Amini,0.15,0.3,APGAI,12,23.0,4.083333333333333,0.5720466077812512,0.1775362318840579,0.024871591642663088,0.1526646402413948,0.202407823526721
Amini,0.15,0.3,BayesUCB-Cost,12,23.0,2.5,0.690719671757509,0.10869565217391301,0.030031290076413426,0.07866436209749958,0.13872694225032645
Amini,0.15,0.3,FailRerun,12,23.0,1.25,0.5502462900207372,0.054347826086956506,0.023923751740032043,0.030424074346924464,0.07827157782698854
Amini,0.15,0.3,Mean Planning,12,23.0,3.3333333333333335,0.6818067864553531,0.144927536231884,0.02964377332414577,0.11528376290773823,0.17457130955602979
Amini,0.15,0.3,ReproAlloc,12,23.0,4.666666666666667,0.5639702503695274,0.2028985507246376,0.024520445668240316,0.17837810505639728,0.22741899639287794
Amini,0.15,0.3,RerunK-10,12,23.0,2.3333333333333335,0.6256688170903368,0.10144927536231879,0.027202992047405936,0.07424628331491286,0.12865226740972474
Amini,0.15,0.3,ScoreCost,12,23.0,3.4166666666666665,0.739888098029762,0.1485507246376811,0.03216904774042442,0.11638167689725668,0.18071977237810552
Amini,0.15,0.3,Uniform,12,23.0,0.0,0.0,0.0,0.0,0.0,0.0
Amini,0.2,0.2,APGAI,12,26.0,6.583333333333333,0.739888098029762,0.25320512820512814,0.028457234539606233,0.2247478936655219,0.2816623627447344
Amini,0.2,0.2,BayesUCB-Cost,12,26.0,3.3333333333333335,0.5639702503695274,0.12820512820512814,0.021691163475751063,0.10651396472937708,0.1498962916808792
Amini,0.2,0.2,FailRerun,12,26.0,3.25,1.2743443162952302,0.12499999999999994,0.04901324293443193,0.07598675706556801,0.17401324293443188
Amini,0.2,0.2,Mean Planning,12,26.0,6.833333333333333,0.7582605305055818,0.2628205128205128,0.029163866557906995,0.2336566462626058,0.29198437937841976
Amini,0.2,0.2,ReproAlloc,12,26.0,7.5,0.5747135061907742,0.2884615384615384,0.022104365622722093,0.26635717283881627,0.3105659040842605
Amini,0.2,0.2,RerunK-10,12,26.0,4.416666666666667,0.9938956433500565,0.16987179487179482,0.03822675551346372,0.1316450393583311,0.20809855038525854
Amini,0.2,0.2,ScoreCost,12,26.0,6.25,0.5502462900207372,0.24038461538461534,0.021163318846951443,0.2192212965376639,0.2615479342315668
Amini,0.2,0.2,Uniform,12,26.0,0.75,0.6133269968450266,0.028846153846153837,0.02358949987865486,0.005256653967498977,0.0524356537248087
Amini,0.2,0.3,APGAI,12,23.0,5.25,0.5502462900207372,0.22826086956521738,0.02392375174003207,0.20433711782518532,0.25218462130524943
Amini,0.2,0.3,BayesUCB-Cost,12,23.0,3.1666666666666665,0.5304365472072888,0.13768115942028977,0.02306245857422994,0.11461870084605984,0.16074361799451972
Amini,0.2,0.3,FailRerun,12,23.0,1.9166666666666667,0.7879298337945154,0.0833333333333333,0.03425781886063109,0.04907551447270221,0.11759115219396439
Amini,0.2,0.3,Mean Planning,12,23.0,3.6666666666666665,0.7336617200276496,0.1594202898550724,0.03189833565337606,0.12752195420169632,0.19131862550844847
Amini,0.2,0.3,OptimisticScoreCost,12,23.0,4.083333333333333,0.5038236756015766,0.1775362318840579,0.021905377200068542,0.15563085468398935,0.19944160908412645
Amini,0.2,0.3,ReproAlloc,12,23.0,5.666666666666667,0.3128344085451684,0.24637681159420288,0.013601496023702999,0.23277531557049988,0.25997830761790586
Amini,0.2,0.3,RerunK-10,12,23.0,2.5,0.9954329925184715,0.10869565217391298,0.04327969532689004,0.06541595684702295,0.15197534750080302
Amini,0.2,0.3,ScoreCost,12,23.0,4.75,0.6133269968450266,0.2065217391304347,0.026666391167175077,0.17985534796325964,0.23318813029760976
Amini,0.2,0.3,Uniform,12,23.0,0.08333333333333333,0.1834154300069124,0.0036231884057971,0.007974583913344015,-0.004351395507546915,0.011597772319141116
Amini,0.2,0.4,APGAI,12,20.0,1.4166666666666667,0.4247814387650767,0.07083333333333335,0.021239071938253834,0.04959426139507951,0.09207240527158718
Amini,0.2,0.4,BayesUCB-Cost,12,20.0,0.8333333333333334,0.2473173153685935,0.041666666666666664,0.012365865768429678,0.029300800898236987,0.05403253243509634
Amini,0.2,0.4,FailRerun,12,20.0,0.3333333333333333,0.3128344085451684,0.016666666666666666,0.015641720427258424,0.001024946239408242,0.03230838709392509
Amini,0.2,0.4,Mean Planning,12,20.0,0.6666666666666666,0.41384102327724753,0.03333333333333333,0.02069205116386238,0.012641282169470951,0.05402538449719571
Amini,0.2,0.4,ReproAlloc,12,20.0,1.5833333333333333,0.32717005569271557,0.07916666666666668,0.01635850278463578,0.06280816388203089,0.09552516945130246
Amini,0.2,0.4,RerunK-10,12,20.0,0.6666666666666666,0.4946346307371871,0.03333333333333333,0.024731731536859352,0.008601601796473981,0.05806506487019268
Amini,0.2,0.4,ScoreCost,12,20.0,1.25,0.4789279218256452,0.06250000000000001,0.023946396091282258,0.03855360390871776,0.08644639609128227
Amini,0.2,0.4,Uniform,12,20.0,0.0,0.0,0.0,0.0,0.0,0.0
SensoDat,0.03,0.3,APGAI,10,4322.0,0.0,0.0,0.0,0.0,0.0,0.0
SensoDat,0.03,0.3,BayesUCB-Cost,10,4322.0,35.5,4.783926094926255,0.00821378991207765,0.0011068778562994585,0.007106912055778192,0.00932066776837711
SensoDat,0.03,0.3,FailRerun,10,4322.0,44.9,2.171094787688613,0.010388708931050351,0.0005023356750783471,0.009886373255972004,0.010891044606128698
SensoDat,0.03,0.3,Mean Planning,10,4322.0,54.03333333333334,2.4664417209391805,0.012501928119697584,0.0005706713838359981,0.011931256735861586,0.013072599503533582
SensoDat,0.03,0.3,ReproAlloc,10,4322.0,54.6,4.02757789138054,0.0126330402591392,0.0009318782719529254,0.011701161987186274,0.013564918531092126
SensoDat,0.03,0.3,RerunK-10,10,4322.0,43.7,2.1341147992112273,0.010111059694585749,0.0004937794537740002,0.009617280240811748,0.01060483914835975
SensoDat,0.03,0.3,ScoreCost,10,4322.0,46.0,4.018469620755862,0.010643220731142902,0.0009297708516325467,0.009713449879510354,0.011572991582775449
SensoDat,0.03,0.3,Uniform,10,4322.0,0.0,0.0,0.0,0.0,0.0,0.0
SensoDat,0.05,0.2,APGAI,10,4322.0,0.0,0.0,0.0,0.0,0.0,0.0
SensoDat,0.05,0.2,BayesUCB-Cost,10,4322.0,57.6,6.549412725342182,0.0133271633503007,0.001515366202068993,0.011811797148231707,0.014842529552369692
SensoDat,0.05,0.2,FailRerun,10,4322.0,108.9,5.261643346839074,0.02519666820916235,0.0012174093814990936,0.023979258827663254,0.026414077590661444
SensoDat,0.05,0.2,Mean Planning,10,4322.0,117.13333333333333,5.073551770739111,0.027101650470461137,0.0011738898127577782,0.025927760657703358,0.028275540283218915
SensoDat,0.05,0.2,ReproAlloc,10,4322.0,111.8,4.777252336532444,0.0258676538639518,0.0011053337196974663,0.024762320144254335,0.026972987583649265
SensoDat,0.05,0.2,RerunK-10,10,4322.0,101.6,4.488987292917619,0.0235076353540027,0.001038636578648223,0.02246899877535448,0.024546271932650923
SensoDat,0.05,0.2,ScoreCost,10,4322.0,82.8,7.2624288295000206,0.0191577973160573,0.0016803398494909826,0.017477457466566315,0.020838137165548283
SensoDat,0.05,0.2,Uniform,10,4322.0,0.0,0.0,0.0,0.0,0.0,0.0
SensoDat,0.05,0.3,APGAI,10,4322.0,0.0,0.0,0.0,0.0,0.0,0.0
SensoDat,0.05,0.3,BayesUCB-Cost,10,4322.0,54.7,6.023458073135019,0.01265617769551125,0.001393673779068724,0.011262503916442526,0.014049851474579975
SensoDat,0.05,0.3,FailRerun,10,4322.0,74.7,3.7255072178001027,0.017283664969921248,0.000861986862054629,0.01642167810786662,0.018145651831975876
SensoDat,0.05,0.3,Mean Planning,10,4322.0,87.86666666666666,3.3856868233746473,0.020330094092241166,0.0007833611345151902,0.019546732957725976,0.021113455226756356
SensoDat,0.05,0.3,OptimisticScoreCost,10,4322.0,63.7,5.985580268962859,0.01473854696899575,0.0013849098262292603,0.01335363714276649,0.01612345679522501
SensoDat,0.05,0.3,ReproAlloc,10,4322.0,89.06666666666668,4.5184456675760005,0.020607743328705765,0.001045452491341047,0.01956229083736472,0.021653195820046812
SensoDat,0.05,0.3,RerunK-10,10,4322.0,71.5,3.758934135006963,0.01654326700601565,0.0008697209937545044,0.015673546012261147,0.017412987999770153
SensoDat,0.05,0.3,ScoreCost,10,4322.0,73.4,6.265444838631203,0.0169828782970846,0.001449663312964186,0.015533214984120414,0.018432541610048786
SensoDat,0.05,0.3,Uniform,10,4322.0,0.0,0.0,0.0,0.0,0.0,0.0
SensoDat,0.05,0.4,APGAI,10,4322.0,0.0,0.0,0.0,0.0,0.0,0.0
SensoDat,0.05,0.4,BayesUCB-Cost,10,4322.0,49.9,4.821809793408564,0.01154558074965285,0.0011156431729311819,0.010429937576721667,0.012661223922584033
SensoDat,0.05,0.4,FailRerun,10,4322.0,53.2,3.1598304159344264,0.012309116149930499,0.0007311037519515107,0.011578012397978989,0.013040219901882009
SensoDat,0.05,0.4,Mean Planning,10,4322.0,65.83333333333334,2.643966656204635,0.015232145611599485,0.0006117461027775657,0.01462039950882192,0.01584389171437705
SensoDat,0.05,0.4,ReproAlloc,10,4322.0,72.19999999999999,4.084276417134639,0.016705229060620004,0.000944996857273171,0.01576023220334683,0.017650225917893177
SensoDat,0.05,0.4,RerunK-10,10,4322.0,26.7,4.15824170167096,0.00617769551133725,0.0009621105279201676,0.005215584983417083,0.007139806039257417
SensoDat,0.05,0.4,ScoreCost,10,4322.0,64.5,5.6854749965186855,0.014923646459972151,0.0013154731597683226,0.013608173300203828,0.016239119619740474
SensoDat,0.05,0.4,Uniform,10,4322.0,0.0,0.0,0.0,0.0,0.0,0.0
SensoDat,0.06,0.3,APGAI,10,4322.0,0.0,0.0,0.0,0.0,0.0,0.0
SensoDat,0.06,0.3,BayesUCB-Cost,10,4322.0,62.5,6.338078335047544,0.01446089773253115,0.0014664688419823118,0.012994428890548838,0.015927366574513463
SensoDat,0.06,0.3,FailRerun,10,4322.0,88.6,4.514249097832866,0.0204997686256362,0.0010444815126869204,0.01945528711294928,0.02154425013832312
SensoDat,0.06,0.3,Mean Planning,10,4322.0,104.5,4.189724489208384,0.024178621008792152,0.0009693948378547864,0.023209226170937364,0.02514801584664694
SensoDat,0.06,0.3,ReproAlloc,10,4322.0,105.76666666666668,5.093250373383095,0.024471695202838116,0.0011784475644107126,0.023293247638427404,0.025650142767248828
SensoDat,0.06,0.3,RerunK-10,10,4322.0,84.9,4.4155546267952035,0.01964368347987035,0.0010216461422478504,0.0186220373376225,0.0206653296221182
SensoDat,0.06,0.3,ScoreCost,10,4322.0,88.4,6.652776492166861,0.0204534937528921,0.0015392819278498076,0.01891421182504229,0.021992775680741906
SensoDat,0.06,0.3,Uniform,10,4322.0,0.0,0.0,0.0,0.0,0.0,0.0
SensoDat,0.07,0.3,APGAI,10,4322.0,0.0,0.0,0.0,0.0,0.0,0.0
SensoDat,0.07,0.3,BayesUCB-Cost,10,4322.0,73.9,7.3220777692237,0.01709856547894485,0.0016941410849661519,0.015404424393978697,0.018792706563911
SensoDat,0.07,0.3,FailRerun,10,4322.0,103.8,4.60898137577697,0.0240166589541878,0.001066400133220031,0.02295025882096777,0.025083059087407832
SensoDat,0.07,0.3,Mean Planning,10,4322.0,120.73333333333335,4.399428816493618,0.027934598179854934,0.0010179150431498423,0.026916683136705092,0.028952513223004777
SensoDat,0.07,0.3,ReproAlloc,10,4322.0,123.36666666666665,5.225981396027715,0.02854388400431892,0.0012091581203210828,0.027334725883997837,0.02975304212464
SensoDat,0.07,0.3,RerunK-10,10,4322.0,98.8,4.802313331377997,0.0228597871355853,0.0011111321914340582,0.021748654944151243,0.023970919327019356
SensoDat,0.07,0.3,ScoreCost,10,4322.0,103.5,8.059899448744888,0.023947246645071647,0.0018648541066045566,0.02208239253846709,0.025812100751676205
SensoDat,0.07,0.3,Uniform,10,4322.0,0.0,0.0,0.0,0.0,0.0,0.0
SensoDat,0.08,0.3,APGAI,10,4322.0,0.0,0.0,0.0,0.0,0.0,0.0
SensoDat,0.08,0.3,BayesUCB-Cost,10,4322.0,83.9,8.764216964000614,0.019412309116149853,0.0020278151235540542,0.017384493992595798,0.021440124239703907
SensoDat,0.08,0.3,FailRerun,10,4322.0,118.5,4.99328457966269,0.027417862100879153,0.0011553180424948395,0.026262544058384314,0.028573180143373993
SensoDat,0.08,0.3,Mean Planning,10,4322.0,136.29999999999998,4.7630146817268075,0.031536325775104054,0.0011020394913759403,0.030434286283728115,0.03263836526647999
SensoDat,0.08,0.3,ReproAlloc,10,4322.0,139.73333333333332,5.139862585370357,0.03233071109054443,0.00118923243530087,0.03114147865524356,0.0335199435258453
SensoDat,0.08,0.3,RerunK-10,10,4322.0,113.1,4.984166499322993,0.02616844053678845,0.001153208352457889,0.025015232184330563,0.02732164888924634
SensoDat,0.08,0.3,ScoreCost,10,4322.0,118.3,8.342764191236702,0.02737158722813505,0.0019303017564175633,0.025441285471717486,0.02930188898455261
SensoDat,0.08,0.3,Uniform,10,4322.0,0.0,0.0,0.0,0.0,0.0,0.0
SensoDat,0.1,0.2,APGAI,10,4322.0,0.0,0.0,0.0,0.0,0.0,0.0
SensoDat,0.1,0.2,BayesUCB-Cost,10,4322.0,107.9,8.359105212410727,0.02496529384544185,0.0019340826497942474,0.023031211195647605,0.026899376495236098
SensoDat,0.1,0.2,FailRerun,10,4322.0,214.8,8.523127220573974,0.049699213327163295,0.0019720331375691767,0.04772718018959412,0.05167124646473247
SensoDat,0.1,0.2,Mean Planning,10,4322.0,230.83333333333334,7.9095666547299945,0.05340891562548198,0.0018300709520430376,0.05157884467343894,0.05523898657752502
SensoDat,0.1,0.2,ReproAlloc,10,4322.0,219.66666666666669,7.024344157252837,0.05082523523060306,0.0016252531599381852,0.04919998207066487,0.05245048839054125
SensoDat,0.1,0.2,RerunK-10,10,4322.0,200.0,8.557747158072173,0.0462748727440999,0.001980043303579867,0.04429482944052003,0.04825491604767977
SensoDat,0.1,0.2,ScoreCost,10,4322.0,170.5,7.88156101971658,0.03944932901434515,0.0018235911660612202,0.03762573784828393,0.04127292018040637
SensoDat,0.1,0.2,Uniform,10,4322.0,0.0,0.0,0.0,0.0,0.0,0.0
SensoDat,0.1,0.3,APGAI,10,4322.0,0.0,0.0,0.0,0.0,0.0,0.0
SensoDat,0.1,0.3,BayesUCB-Cost,10,4322.0,102.6,8.282228033252231,0.0237390097177232,0.001916295241381824,0.021822714476341376,0.02565530495910502
SensoDat,0.1,0.3,FailRerun,10,4322.0,148.0,6.530285234615271,0.03424340583063389,0.0015109405910724843,0.03273246523956141,0.03575434642170638
SensoDat,0.1,0.3,Mean Planning,10,4322.0,167.86666666666665,5.8540458333922185,0.03884004318988117,0.0013544761298917684,0.0374855670599894,0.04019451931977294
SensoDat,0.1,0.3,OptimisticScoreCost,10,4322.0,127.2,5.660919923867113,0.029430819065247492,0.0013097917454574558,0.028121027319790035,0.03074061081070495
SensoDat,0.1,0.3,ReproAlloc,10,4322.0,175.16666666666666,4.914213399256583,0.04052907604504082,0.0011370229984397468,0.039392053046601073,0.04166609904348057
SensoDat,0.1,0.3,RerunK-10,10,4322.0,141.2,7.215300305574683,0.0326700601573345,0.0016694355172546717,0.031000624640079827,0.034339495674589174
SensoDat,0.1,0.3,ScoreCost,10,4322.0,148.7,6.327303863448764,0.03440536788523825,0.0014639759054717193,0.03294139197976653,0.03586934379070997
SensoDat,0.1,0.3,Uniform,10,4322.0,0.0,0.0,0.0,0.0,0.0,0.0
SensoDat,0.1,0.4,APGAI,10,4322.0,0.0,0.0,0.0,0.0,0.0,0.0
SensoDat,0.1,0.4,BayesUCB-Cost,10,4322.0,95.2,7.651309792246822,0.022026839426191498,0.0017703169348095395,0.02025652249138196,0.023797156361001038
SensoDat,0.1,0.4,FailRerun,10,4322.0,103.9,4.579898434542071,0.02403979639055985,0.0010596710861966855,0.022980125304363164,0.025099467476756537
SensoDat,0.1,0.4,Mean Planning,10,4322.0,126.53333333333333,4.308595488627337,0.029276569489433836,0.0009968985397101667,0.028279670949723668,0.030273468029144004
SensoDat,0.1,0.4,ReproAlloc,10,4322.0,138.16666666666666,4.445783855067227,0.03196822458738231,0.0010286404107050513,0.030939584176677262,0.032996864998087364
SensoDat,0.1,0.4,RerunK-10,10,4322.0,50.2,7.072030577411642,0.011614993058769,0.0016362865750605387,0.009978706483708463,0.013251279633829539
SensoDat,0.1,0.4,ScoreCost,10,4322.0,127.2,6.537247161149548,0.0294308190652475,0.0015125514023946224,0.027918267662852877,0.03094337046764212
SensoDat,0.1,0.4,Uniform,10,4322.0,0.0,0.0,0.0,0.0,0.0,0.0
SensoDat,0.15,0.3,APGAI,10,4322.0,0.0,0.0,0.0,0.0,0.0,0.0
SensoDat,0.15,0.3,BayesUCB-Cost,10,4322.0,147.2,5.167322454973616,0.0340583063396575,0.0011955859451581736,0.03286272039449933,0.03525389228481567
SensoDat,0.15,0.3,FailRerun,10,4322.0,221.3,8.170602140247627,0.05120314669134655,0.00189046787141315,0.0493126788199334,0.0530936145627597
SensoDat,0.15,0.3,Mean Planning,10,4322.0,249.7,7.112339302384764,0.057774178621008754,0.001645612980653581,0.05612856564035517,0.05941979160166234
SensoDat,0.15,0.3,ReproAlloc,10,4322.0,258.9666666666667,4.773614187854153,0.05991824772481872,0.0011044919453619048,0.058813755779456814,0.061022739670180626
SensoDat,0.15,0.3,RerunK-10,10,4322.0,209.8,8.049663755271341,0.0485423415085608,0.0018624858295398785,0.04667985567902092,0.05040482733810068
SensoDat,0.15,0.3,ScoreCost,10,4322.0,219.6,5.674964403884127,0.05080981027302169,0.001313041278085177,0.04949676899493652,0.052122851551106866
SensoDat,0.15,0.3,Uniform,10,4322.0,0.0,0.0,0.0,0.0,0.0,0.0
SensoDat,0.2,0.2,APGAI,10,4322.0,0.0,0.0,0.0,0.0,0.0,0.0
SensoDat,0.2,0.2,BayesUCB-Cost,10,4322.0,188.6,4.564353286052998,0.043637204997686196,0.0010560743373560855,0.04258113066033011,0.04469327933504228
SensoDat,0.2,0.2,FailRerun,10,4322.0,432.4,7.4814766003871584,0.10004627487274409,0.00173102188810437,0.09831525298463972,0.10177729676084846
SensoDat,0.2,0.2,Mean Planning,10,4322.0,443.9,7.317762338035724,0.10270708005552984,0.0016931426048208372,0.101013937450709,0.10440022266035068
SensoDat,0.2,0.2,ReproAlloc,10,4322.0,432.2,8.08021465736515,0.09999999999999999,0.0018695545250729073,0.09813044547492708,0.1018695545250729
SensoDat,0.2,0.2,RerunK-10,10,4322.0,395.0,10.272839559117426,0.09139287366959739,0.0023768717165935766,0.08901600195300381,0.09376974538619097
SensoDat,0.2,0.2,ScoreCost,10,4322.0,335.6,9.018416117483833,0.07764923646459969,0.0020866302909495244,0.07556260617365017,0.07973586675554921
SensoDat,0.2,0.2,Uniform,10,4322.0,0.0,0.0,0.0,0.0,0.0,0.0
SensoDat,0.2,0.3,APGAI,10,4322.0,0.0,0.0,0.0,0.0,0.0,0.0
SensoDat,0.2,0.3,BayesUCB-Cost,10,4322.0,183.6,4.373503848184592,0.04248033317908371,0.0010119166701028687,0.04146841650898084,0.04349224984918658
SensoDat,0.2,0.3,FailRerun,10,4322.0,298.5,9.273618185204683,0.06906524757056916,0.0021456775069885903,0.06691957006358057,0.07121092507755775
SensoDat,0.2,0.3,Mean Planning,10,4322.0,326.1666666666667,6.211213325271978,0.07546660496683633,0.0014371155310670936,0.07402948943576923,0.07690372049790342
SensoDat,0.2,0.3,OptimisticScoreCost,10,4322.0,233.0,5.762460255056988,0.0539102267468764,0.0013332855749784807,0.05257694117189792,0.05524351232185488
SensoDat,0.2,0.3,ReproAlloc,10,4322.0,338.16666666666663,4.555278120852269,0.07824309733148231,0.0010539745767821076,0.0771891227547002,0.07929707190826442
SensoDat,0.2,0.3,RerunK-10,10,4322.0,280.4,9.254898772702099,0.0648773715872281,0.002141346314831586,0.06273602527239652,0.06701871790205968
SensoDat,0.2,0.3,ScoreCost,10,4322.0,286.5,6.523751680968808,0.06628875520592316,0.001509428894254701,0.06477932631166845,0.06779818410017786
SensoDat,0.2,0.3,Uniform,10,4322.0,0.0,0.0,0.0,0.0,0.0,0.0
SensoDat,0.2,0.4,APGAI,10,4322.0,0.0,0.0,0.0,0.0,0.0,0.0
SensoDat,0.2,0.4,BayesUCB-Cost,10,4322.0,174.4,4.347424284421345,0.040351689032855104,0.001005882527631038,0.03934580650522407,0.04135757156048614
SensoDat,0.2,0.4,FailRerun,10,4322.0,208.1,6.988320601623203,0.04814900509023595,0.0016169182326754314,0.04653208685756052,0.04976592332291138
SensoDat,0.2,0.4,Mean Planning,10,4322.0,239.86666666666665,6.06813088289337,0.05549899737775717,0.001404009922002169,0.054094987455755,0.056903007299759334
SensoDat,0.2,0.4,ReproAlloc,10,4322.0,267.56666666666666,3.6477054224267236,0.061908067252815016,0.0008439855211538022,0.06106408173166122,0.06275205277396882
SensoDat,0.2,0.4,RerunK-10,10,4322.0,108.7,9.192328510030512,0.025150393336418254,0.002126869160118121,0.023023524176300134,0.027277262496536375
SensoDat,0.2,0.4,ScoreCost,10,4322.0,242.0,4.184820916215132,0.0559925960203609,0.0009682602767735164,0.05502433574358738,0.05696085629713442
SensoDat,0.2,0.4,Uniform,10,4322.0,0.0,0.0,0.0,0.0,0.0,0.0
