benchmark,budget,n_units,confirmable_mean,oracle_hard_count_mean,oracle_hard_count_halfwidth,oracle_hard_recall_mean,oracle_hard_recall_halfwidth,oracle_soft_count_mean,oracle_soft_count_halfwidth,oracle_soft_recall_mean,oracle_soft_recall_halfwidth,repro_count_mean,repro_recall_mean,best_external,external_count_mean,external_recall_mean,repro_percent_of_soft
Amini,0.03,12,8.083333333333334,2.0,0.0,0.0869565217391304,9.2096052313794e-18,2.0,0.0,0.0869565217391304,9.2096052313794e-18,0.5833333333333334,0.0253623188405797,BayesUCB-Cost,0.6666666666666666,0.028985507246376798,29.166666666666668
Amini,0.05,12,8.083333333333334,3.0,0.0,0.1304347826086956,1.84192104627588e-17,3.0,0.0,0.1304347826086956,1.84192104627588e-17,1.5,0.0652173913043478,ScoreCost,1.0,0.043478260869565195,50.0
Amini,0.06,12,8.083333333333334,3.9166666666666665,0.1834154300069124,0.1702898550724637,0.007974583913344,4.0,0.0,0.1739130434782608,1.84192104627588e-17,1.5833333333333333,0.0688405797101449,BayesUCB-Cost,1.25,0.054347826086956506,39.583333333333336
Amini,0.07,12,8.083333333333334,4.0,0.0,0.1739130434782608,1.84192104627588e-17,4.166666666666667,0.2473173153685935,0.181159420289855,0.0107529267551562,2.3333333333333335,0.10144927536231879,ScoreCost,1.8333333333333333,0.0797101449275362,56.0
Amini,0.08,12,8.083333333333334,5.0,0.0,0.217391304347826,0.0,5.0,0.0,0.217391304347826,0.0,2.6666666666666665,0.1159420289855072,RerunK-10,1.5,0.0652173913043478,53.333333333333336
Amini,0.1,12,8.083333333333334,6.0,0.0,0.2608695652173912,3.68384209255176e-17,6.0,0.0,0.2608695652173912,3.68384209255176e-17,3.25,0.1413043478260869,ScoreCost,2.4166666666666665,0.1050724637681159,54.166666666666664
Amini,0.15,12,8.083333333333334,7.083333333333333,0.1834154300069124,0.3079710144927536,0.007974583913344,7.083333333333333,0.1834154300069124,0.3079710144927536,0.007974583913344,4.666666666666667,0.2028985507246376,APGAI,4.083333333333333,0.1775362318840579,65.88235294117645
Amini,0.2,12,8.083333333333334,8.083333333333334,0.1834154300069124,0.3514492753623188,0.007974583913344,8.083333333333334,0.1834154300069124,0.3514492753623188,0.007974583913344,5.666666666666667,0.24637681159420288,APGAI,5.25,0.22826086956521738,70.10309278350516
SensoDat,0.03,1,4322.0,377.0,0.0,0.0872281351226284,0.0,377.0,0.0,0.0872281351226284,0.0,54.6,0.0126330402591392,ScoreCost,46.0,0.010643220731142902,14.482758620689555
SensoDat,0.05,1,4322.0,574.0,0.0,0.1328088847755668,0.0,574.0,0.0,0.1328088847755668,0.0,89.06666666666668,0.020607743328705765,FailRerun,74.7,0.017283664969921248,15.516840882694487
SensoDat,0.06,1,4322.0,663.0,0.0,0.1534012031466913,0.0,663.0,0.0,0.1534012031466913,0.0,105.76666666666668,0.024471695202838116,FailRerun,88.6,0.0204997686256362,15.952740070387083
SensoDat,0.07,1,4322.0,744.0,0.0,0.1721425266080518,0.0,744.0,0.0,0.1721425266080518,0.0,123.36666666666665,0.02854388400431892,FailRerun,103.8,0.0240166589541878,16.581541218637955
SensoDat,0.08,1,4322.0,820.0,0.0,0.1897269782508098,0.0,820.0,0.0,0.1897269782508098,0.0,139.73333333333332,0.03233071109054443,FailRerun,118.5,0.027417862100879153,17.040650406504028
SensoDat,0.1,1,4322.0,957.0,0.0,0.2214252660805182,0.0,957.0,0.0,0.2214252660805182,0.0,175.16666666666666,0.04052907604504082,ScoreCost,148.7,0.03440536788523825,18.303726924416562
SensoDat,0.15,1,4322.0,1112.0,0.0,0.2572882924571957,0.0,1112.0,0.0,0.2572882924571957,0.0,258.9666666666667,0.05991824772481872,FailRerun,221.3,0.05120314669134655,23.288369304556344
SensoDat,0.2,1,4322.0,1200.0,0.0,0.2776492364645997,0.0,1200.0,0.0,0.2776492364645997,0.0,338.16666666666663,0.07824309733148231,FailRerun,298.5,0.06906524757056916,28.180555555555546
