benchmark,unit,rep,method,budget,tau,n_reference,count,recall,executions,time_used_s,m_cap,sched_overhead_s
Amini,2000,0,ReproAlloc-rho0.50,0.05,0.3,23,2,0.08695652173913043,23,98694.11974787712,30,0.004593699937686324
Amini,2000,0,ReproAlloc-rho0.75,0.05,0.3,23,2,0.08695652173913043,24,102959.47472405434,30,0.003104299947153777
Amini,2000,0,ReproAlloc-rho0.90,0.05,0.3,23,1,0.043478260869565216,25,99588.92065572739,30,0.0032603000290691853
Amini,2000,0,ReproAlloc-rho0.99,0.05,0.3,23,2,0.08695652173913043,31,97925.80720591545,30,0.004486299934796989
Amini,2000,0,ReproAlloc-rho0.50,0.1,0.3,23,3,0.13043478260869565,43,195768.07525897026,59,0.0076067999470978975
Amini,2000,0,ReproAlloc-rho0.75,0.1,0.3,23,3,0.13043478260869565,42,197275.42699456215,59,0.008939800143707544
Amini,2000,0,ReproAlloc-rho0.90,0.1,0.3,23,2,0.08695652173913043,54,198373.38637137413,59,0.009380900068208575
Amini,2000,0,ReproAlloc-rho0.99,0.1,0.3,23,4,0.17391304347826086,63,201472.46097254753,59,0.007562099955976009
Amini,2000,0,ReproAlloc-rho0.50,0.2,0.3,23,2,0.08695652173913043,87,392536.7293791771,116,0.017047800065483898
Amini,2000,0,ReproAlloc-rho0.75,0.2,0.3,23,3,0.13043478260869565,92,391868.7353312969,116,0.01655860006576404
Amini,2000,0,ReproAlloc-rho0.90,0.2,0.3,23,6,0.2608695652173913,108,393759.6522772312,116,0.01600280002458021
Amini,2000,0,ReproAlloc-rho0.99,0.2,0.3,23,6,0.2608695652173913,113,391675.87754011154,116,0.019560000102501363
Amini,2001,0,ReproAlloc-rho0.50,0.05,0.3,23,1,0.043478260869565216,32,99572.39468288422,30,0.005934100016020238
Amini,2001,0,ReproAlloc-rho0.75,0.05,0.3,23,1,0.043478260869565216,22,99899.78148365021,30,0.004008799965959042
Amini,2001,0,ReproAlloc-rho0.90,0.05,0.3,23,1,0.043478260869565216,26,102770.17013573647,30,0.0035235999966971576
Amini,2001,0,ReproAlloc-rho0.99,0.05,0.3,23,1,0.043478260869565216,32,99746.4449903965,30,0.004384299914818257
Amini,2001,0,ReproAlloc-rho0.50,0.1,0.3,23,1,0.043478260869565216,55,201117.38789272308,59,0.013714799948502332
Amini,2001,0,ReproAlloc-rho0.75,0.1,0.3,23,2,0.08695652173913043,50,197804.91581130028,59,0.008920399937778711
Amini,2001,0,ReproAlloc-rho0.90,0.1,0.3,23,2,0.08695652173913043,50,198253.51069569588,59,0.00630119995912537
Amini,2001,0,ReproAlloc-rho0.99,0.1,0.3,23,3,0.13043478260869565,57,197258.9947695732,59,0.007758099993225187
Amini,2001,0,ReproAlloc-rho0.50,0.2,0.3,23,4,0.17391304347826086,121,391341.5118403435,116,0.025689599860925227
Amini,2001,0,ReproAlloc-rho0.75,0.2,0.3,23,4,0.17391304347826086,99,393254.4204158783,116,0.015121299948077649
Amini,2001,0,ReproAlloc-rho0.90,0.2,0.3,23,5,0.21739130434782608,107,393226.2108671665,116,0.012398899882100523
Amini,2001,0,ReproAlloc-rho0.99,0.2,0.3,23,6,0.2608695652173913,117,395119.45093512535,116,0.017074399802368134
Amini,2002,0,ReproAlloc-rho0.50,0.05,0.3,23,1,0.043478260869565216,28,98316.2607076168,30,0.004751699918415397
Amini,2002,0,ReproAlloc-rho0.75,0.05,0.3,23,0,0.0,22,99153.72904467583,30,0.0025436999276280403
Amini,2002,0,ReproAlloc-rho0.90,0.05,0.3,23,0,0.0,23,100409.1118516922,30,0.003691999998409301
Amini,2002,0,ReproAlloc-rho0.99,0.05,0.3,23,1,0.043478260869565216,28,102556.97070789337,30,0.0059865000657737255
Amini,2002,0,ReproAlloc-rho0.50,0.1,0.3,23,1,0.043478260869565216,49,197460.90118002892,59,0.008804500102996826
Amini,2002,0,ReproAlloc-rho0.75,0.1,0.3,23,2,0.08695652173913043,46,196906.0195157528,59,0.004667199973482639
Amini,2002,0,ReproAlloc-rho0.90,0.1,0.3,23,2,0.08695652173913043,49,197123.03866386414,59,0.0066470998572185636
Amini,2002,0,ReproAlloc-rho0.99,0.1,0.3,23,2,0.08695652173913043,51,201374.0035507679,59,0.005940399889368564
Amini,2002,0,ReproAlloc-rho0.50,0.2,0.3,23,5,0.21739130434782608,106,393145.3906135559,116,0.01754149980843067
Amini,2002,0,ReproAlloc-rho0.75,0.2,0.3,23,4,0.17391304347826086,94,393696.9811050892,116,0.01140390004729852
Amini,2002,0,ReproAlloc-rho0.90,0.2,0.3,23,5,0.21739130434782608,104,397184.4636697769,116,0.012084699817933142
Amini,2002,0,ReproAlloc-rho0.99,0.2,0.3,23,5,0.21739130434782608,113,394199.36978673935,116,0.01891689986223355
Amini,2003,0,ReproAlloc-rho0.50,0.05,0.3,23,1,0.043478260869565216,26,98488.68561458588,30,0.004149599990341812
Amini,2003,0,ReproAlloc-rho0.75,0.05,0.3,23,1,0.043478260869565216,27,100126.83016300201,30,0.004184499965049326
Amini,2003,0,ReproAlloc-rho0.90,0.05,0.3,23,1,0.043478260869565216,31,99053.56223392487,30,0.0066979999537579715
Amini,2003,0,ReproAlloc-rho0.99,0.05,0.3,23,1,0.043478260869565216,32,99986.17554545403,30,0.007223800290375948
Amini,2003,0,ReproAlloc-rho0.50,0.1,0.3,23,2,0.08695652173913043,48,198378.3313305378,59,0.0093663998413831
Amini,2003,0,ReproAlloc-rho0.75,0.1,0.3,23,2,0.08695652173913043,46,196874.3395755291,59,0.005591400025878102
Amini,2003,0,ReproAlloc-rho0.90,0.1,0.3,23,3,0.13043478260869565,48,196015.3120174408,59,0.005907299928367138
Amini,2003,0,ReproAlloc-rho0.99,0.1,0.3,23,3,0.13043478260869565,61,196552.1332449913,59,0.009665199962910265
Amini,2003,0,ReproAlloc-rho0.50,0.2,0.3,23,4,0.17391304347826086,105,392107.10745739937,116,0.01606609980808571
Amini,2003,0,ReproAlloc-rho0.75,0.2,0.3,23,5,0.21739130434782608,92,392510.5793015957,116,0.0110395000083372
Amini,2003,0,ReproAlloc-rho0.90,0.2,0.3,23,6,0.2608695652173913,102,393682.8806028366,116,0.012710899871308357
Amini,2003,0,ReproAlloc-rho0.99,0.2,0.3,23,6,0.2608695652173913,120,394865.1245031357,116,0.015514799975790083
Amini,2004,0,ReproAlloc-rho0.50,0.05,0.3,23,0,0.0,26,98765.8323726654,30,0.003955800028052181
Amini,2004,0,ReproAlloc-rho0.75,0.05,0.3,23,1,0.043478260869565216,24,97976.0532040596,30,0.0029684999608434737
Amini,2004,0,ReproAlloc-rho0.90,0.05,0.3,23,2,0.08695652173913043,27,98360.59950757027,30,0.002522299997508526
Amini,2004,0,ReproAlloc-rho0.99,0.05,0.3,23,2,0.08695652173913043,28,103946.29188752174,30,0.0026135999360121787
Amini,2004,0,ReproAlloc-rho0.50,0.1,0.3,23,2,0.08695652173913043,51,196866.37938404083,59,0.007429199991747737
Amini,2004,0,ReproAlloc-rho0.75,0.1,0.3,23,2,0.08695652173913043,48,197659.06032705307,59,0.006383099942468107
Amini,2004,0,ReproAlloc-rho0.90,0.1,0.3,23,3,0.13043478260869565,49,196917.23343729973,59,0.005794000055175275
Amini,2004,0,ReproAlloc-rho0.99,0.1,0.3,23,3,0.13043478260869565,62,196153.74832606316,59,0.007036999973934144
Amini,2004,0,ReproAlloc-rho0.50,0.2,0.3,23,5,0.21739130434782608,90,393063.1992685795,116,0.01203660003375262
Amini,2004,0,ReproAlloc-rho0.75,0.2,0.3,23,6,0.2608695652173913,100,391981.5948777199,116,0.010237399896141142
Amini,2004,0,ReproAlloc-rho0.90,0.2,0.3,23,6,0.2608695652173913,106,391398.49832320213,116,0.010592899925541133
Amini,2004,0,ReproAlloc-rho0.99,0.2,0.3,23,6,0.2608695652173913,116,395570.0017981529,116,0.01097099989419803
Amini,2005,0,ReproAlloc-rho0.50,0.05,0.3,23,1,0.043478260869565216,24,103584.66036462784,30,0.0026270000962540507
Amini,2005,0,ReproAlloc-rho0.75,0.05,0.3,23,1,0.043478260869565216,23,101589.50420022011,30,0.0023153999354690313
Amini,2005,0,ReproAlloc-rho0.90,0.05,0.3,23,2,0.08695652173913043,28,100817.47045612335,30,0.002653700008522719
Amini,2005,0,ReproAlloc-rho0.99,0.05,0.3,23,2,0.08695652173913043,29,100374.04135799408,30,0.0029762000194750726
Amini,2005,0,ReproAlloc-rho0.50,0.1,0.3,23,1,0.043478260869565216,48,200889.8395280838,59,0.007619800220709294
Amini,2005,0,ReproAlloc-rho0.75,0.1,0.3,23,1,0.043478260869565216,43,197469.3100657463,59,0.0054919999674893916
Amini,2005,0,ReproAlloc-rho0.90,0.1,0.3,23,3,0.13043478260869565,52,197077.35543513298,59,0.0061598001047968864
Amini,2005,0,ReproAlloc-rho0.99,0.1,0.3,23,4,0.17391304347826086,54,196121.0614283085,59,0.004952100047376007
Amini,2005,0,ReproAlloc-rho0.50,0.2,0.3,23,4,0.17391304347826086,99,395043.20788288116,116,0.012037300097290426
Amini,2005,0,ReproAlloc-rho0.75,0.2,0.3,23,4,0.17391304347826086,89,394014.70443868637,116,0.009351100015919656
Amini,2005,0,ReproAlloc-rho0.90,0.2,0.3,23,6,0.2608695652173913,99,396308.77724027634,116,0.010039099957793951
Amini,2005,0,ReproAlloc-rho0.99,0.2,0.3,23,6,0.2608695652173913,117,397013.2119410038,116,0.01331629988271743
Amini,2006,0,ReproAlloc-rho0.50,0.05,0.3,23,1,0.043478260869565216,24,98495.09470105171,30,0.002668100001756102
Amini,2006,0,ReproAlloc-rho0.75,0.05,0.3,23,1,0.043478260869565216,24,98495.09470105171,30,0.002420600038021803
Amini,2006,0,ReproAlloc-rho0.90,0.05,0.3,23,2,0.08695652173913043,27,97857.62079286575,30,0.004399799974635243
Amini,2006,0,ReproAlloc-rho0.99,0.05,0.3,23,2,0.08695652173913043,28,99482.65592503548,30,0.0025687000015750527
Amini,2006,0,ReproAlloc-rho0.50,0.1,0.3,23,1,0.043478260869565216,51,198425.6133043766,59,0.01008349988842383
Amini,2006,0,ReproAlloc-rho0.75,0.1,0.3,23,2,0.08695652173913043,49,198920.91389775276,59,0.0050555000198073685
Amini,2006,0,ReproAlloc-rho0.90,0.1,0.3,23,3,0.13043478260869565,52,197112.6781835556,59,0.005360600014682859
Amini,2006,0,ReproAlloc-rho0.99,0.1,0.3,23,3,0.13043478260869565,57,197816.73390555382,59,0.005344299948774278
Amini,2006,0,ReproAlloc-rho0.50,0.2,0.3,23,3,0.13043478260869565,94,392666.16360354424,116,0.010475799965206534
Amini,2006,0,ReproAlloc-rho0.75,0.2,0.3,23,5,0.21739130434782608,92,391189.76708841324,116,0.009585000283550471
Amini,2006,0,ReproAlloc-rho0.90,0.2,0.3,23,6,0.2608695652173913,108,392661.66316747665,116,0.011683799850288779
Amini,2006,0,ReproAlloc-rho0.99,0.2,0.3,23,6,0.2608695652173913,115,391209.47764253616,116,0.012259699986316264
Amini,2007,0,ReproAlloc-rho0.50,0.05,0.3,23,1,0.043478260869565216,27,99464.49248313904,30,0.0030795999336987734
Amini,2007,0,ReproAlloc-rho0.75,0.05,0.3,23,2,0.08695652173913043,28,98954.8900372982,30,0.0033526000916026533
Amini,2007,0,ReproAlloc-rho0.90,0.05,0.3,23,2,0.08695652173913043,28,97876.79147338867,30,0.0025899000465869904
Amini,2007,0,ReproAlloc-rho0.99,0.05,0.3,23,2,0.08695652173913043,28,97876.79147338867,30,0.002646799955982715
Amini,2007,0,ReproAlloc-rho0.50,0.1,0.3,23,3,0.13043478260869565,41,197626.9064564705,59,0.004311900003813207
Amini,2007,0,ReproAlloc-rho0.75,0.1,0.3,23,3,0.13043478260869565,40,195595.55006337166,59,0.00365649996092543
Amini,2007,0,ReproAlloc-rho0.90,0.1,0.3,23,2,0.08695652173913043,49,195921.27591395378,59,0.005637600086629391
Amini,2007,0,ReproAlloc-rho0.99,0.1,0.3,23,2,0.08695652173913043,51,197120.4050140381,59,0.005673899955581874
Amini,2007,0,ReproAlloc-rho0.50,0.2,0.3,23,5,0.21739130434782608,110,392115.9142436981,116,0.012441999977454543
Amini,2007,0,ReproAlloc-rho0.75,0.2,0.3,23,6,0.2608695652173913,107,393710.7414164543,116,0.011956599832046777
Amini,2007,0,ReproAlloc-rho0.90,0.2,0.3,23,6,0.2608695652173913,111,392020.9461629391,116,0.013583199994172901
Amini,2007,0,ReproAlloc-rho0.99,0.2,0.3,23,6,0.2608695652173913,115,391146.99530792236,116,0.012343199807219207
Amini,2008,0,ReproAlloc-rho0.50,0.05,0.3,23,1,0.043478260869565216,22,101134.00565505028,30,0.0025950001436285675
Amini,2008,0,ReproAlloc-rho0.75,0.05,0.3,23,1,0.043478260869565216,22,101134.00565505028,30,0.002316300116945058
Amini,2008,0,ReproAlloc-rho0.90,0.05,0.3,23,1,0.043478260869565216,22,100365.61928677559,30,0.002245499927084893
Amini,2008,0,ReproAlloc-rho0.99,0.05,0.3,23,2,0.08695652173913043,27,100452.40223431587,30,0.003161200031172484
Amini,2008,0,ReproAlloc-rho0.50,0.1,0.3,23,2,0.08695652173913043,42,195580.49460220337,59,0.004727900086436421
Amini,2008,0,ReproAlloc-rho0.75,0.1,0.3,23,3,0.13043478260869565,50,198326.38707733154,59,0.005384499963838607
Amini,2008,0,ReproAlloc-rho0.90,0.1,0.3,23,3,0.13043478260869565,53,198758.57242274284,59,0.00520350004080683
Amini,2008,0,ReproAlloc-rho0.99,0.1,0.3,23,3,0.13043478260869565,55,201095.22232031822,59,0.005655599990859628
Amini,2008,0,ReproAlloc-rho0.50,0.2,0.3,23,4,0.17391304347826086,92,392526.82094979286,116,0.010537699912674725
Amini,2008,0,ReproAlloc-rho0.75,0.2,0.3,23,5,0.21739130434782608,91,397264.41000413895,116,0.009276800090447068
Amini,2008,0,ReproAlloc-rho0.90,0.2,0.3,23,4,0.17391304347826086,103,392651.6961529255,116,0.01037669985089451
Amini,2008,0,ReproAlloc-rho0.99,0.2,0.3,23,5,0.21739130434782608,113,392092.5356245041,116,0.01195329992333427
Amini,2009,0,ReproAlloc-rho0.50,0.05,0.3,23,0,0.0,21,98351.39170742035,30,0.002226100070402026
Amini,2009,0,ReproAlloc-rho0.75,0.05,0.3,23,0,0.0,21,98623.50288891792,30,0.00213189993519336
Amini,2009,0,ReproAlloc-rho0.90,0.05,0.3,23,2,0.08695652173913043,31,100419.00601673126,30,0.0029372000135481358
Amini,2009,0,ReproAlloc-rho0.99,0.05,0.3,23,2,0.08695652173913043,32,101197.58134031296,30,0.002938399964477867
Amini,2009,0,ReproAlloc-rho0.50,0.1,0.3,23,3,0.13043478260869565,54,201569.40975308418,59,0.00655780010856688
Amini,2009,0,ReproAlloc-rho0.75,0.1,0.3,23,3,0.13043478260869565,52,198936.05104637146,59,0.006070699950214475
Amini,2009,0,ReproAlloc-rho0.90,0.1,0.3,23,3,0.13043478260869565,52,196852.627266407,59,0.0054678001324646175
Amini,2009,0,ReproAlloc-rho0.99,0.1,0.3,23,2,0.08695652173913043,61,197988.8320274353,59,0.0068419998860917985
Amini,2009,0,ReproAlloc-rho0.50,0.2,0.3,23,4,0.17391304347826086,97,396887.1264512539,116,0.010247900034300983
Amini,2009,0,ReproAlloc-rho0.75,0.2,0.3,23,4,0.17391304347826086,91,397224.8685235977,116,0.010983900050632656
Amini,2009,0,ReproAlloc-rho0.90,0.2,0.3,23,5,0.21739130434782608,101,393184.1415064335,116,0.010090700117871165
Amini,2009,0,ReproAlloc-rho0.99,0.2,0.3,23,5,0.21739130434782608,115,395534.0901567936,116,0.013762399961706251
Amini,2010,0,ReproAlloc-rho0.50,0.05,0.3,23,0,0.0,21,97853.67878460884,30,0.0022332999506033957
Amini,2010,0,ReproAlloc-rho0.75,0.05,0.3,23,0,0.0,20,97874.89436340332,30,0.0018948999349959195
Amini,2010,0,ReproAlloc-rho0.90,0.05,0.3,23,1,0.043478260869565216,26,99575.08230304718,30,0.002384199993684888
Amini,2010,0,ReproAlloc-rho0.99,0.05,0.3,23,1,0.043478260869565216,27,98776.70664381981,30,0.0027592999394983053
Amini,2010,0,ReproAlloc-rho0.50,0.1,0.3,23,3,0.13043478260869565,68,198002.45793128014,59,0.011512999946717173
Amini,2010,0,ReproAlloc-rho0.75,0.1,0.3,23,3,0.13043478260869565,59,196699.76027870178,59,0.006406499946024269
Amini,2010,0,ReproAlloc-rho0.90,0.1,0.3,23,3,0.13043478260869565,57,195779.2582464218,59,0.006347899907268584
Amini,2010,0,ReproAlloc-rho0.99,0.1,0.3,23,3,0.13043478260869565,61,198082.1384818554,59,0.006618000101298094
Amini,2010,0,ReproAlloc-rho0.50,0.2,0.3,23,5,0.21739130434782608,119,395794.10275793076,116,0.01562209997791797
Amini,2010,0,ReproAlloc-rho0.75,0.2,0.3,23,5,0.21739130434782608,99,391868.26890158653,116,0.009760399931110442
Amini,2010,0,ReproAlloc-rho0.90,0.2,0.3,23,5,0.21739130434782608,106,392880.7900326252,116,0.011085099948104471
Amini,2010,0,ReproAlloc-rho0.99,0.2,0.3,23,5,0.21739130434782608,114,392583.8051569462,116,0.011516300088260323
Amini,2011,0,ReproAlloc-rho0.50,0.05,0.3,23,0,0.0,30,98713.88187813759,30,0.004245699965395033
Amini,2011,0,ReproAlloc-rho0.75,0.05,0.3,23,1,0.043478260869565216,24,100768.77961325645,30,0.0022080999333411455
Amini,2011,0,ReproAlloc-rho0.90,0.05,0.3,23,1,0.043478260869565216,24,98595.23514533043,30,0.0021554999984800816
Amini,2011,0,ReproAlloc-rho0.99,0.05,0.3,23,1,0.043478260869565216,29,97988.23250293732,30,0.004505799966864288
Amini,2011,0,ReproAlloc-rho0.50,0.1,0.3,23,1,0.043478260869565216,55,197402.99459695816,59,0.00659599993377924
Amini,2011,0,ReproAlloc-rho0.75,0.1,0.3,23,2,0.08695652173913043,48,196041.5970799923,59,0.005745300091803074
Amini,2011,0,ReproAlloc-rho0.90,0.1,0.3,23,4,0.17391304347826086,61,197105.52189326286,59,0.005471599928569049
Amini,2011,0,ReproAlloc-rho0.99,0.1,0.3,23,4,0.17391304347826086,66,200012.92487812042,59,0.006835700012743473
Amini,2011,0,ReproAlloc-rho0.50,0.2,0.3,23,4,0.17391304347826086,104,391627.72377491,116,0.01269740000134334
Amini,2011,0,ReproAlloc-rho0.75,0.2,0.3,23,6,0.2608695652173913,98,393979.7084889412,116,0.010412799892947078
Amini,2011,0,ReproAlloc-rho0.90,0.2,0.3,23,6,0.2608695652173913,103,392282.7017519474,116,0.011097400158178061
Amini,2011,0,ReproAlloc-rho0.99,0.2,0.3,23,6,0.2608695652173913,117,395342.45502352715,116,0.012303999974392354
