benchmark,budget,method,n_runs,scheduler_cpu_per_run_s_mean,scheduler_cpu_per_run_s_median,scheduler_cpu_per_run_s_p95,per_decision_ms_mean,per_decision_ms_median,per_decision_ms_p95,simulated_exec_time_per_run_s_mean,overhead_share_of_simulated_time
amini,0.05,Mean Planning,12,0.004506057594,0.004215698689,0.00623901533,0.1493632996,0.141833938,0.1919611751,99734.17744,4.51848678e-08
amini,0.05,ReproAlloc,12,0.0112704668,0.01119194971,0.01227771481,0.4064029843,0.3938169398,0.4543682875,99619.7369,1.131490303e-07
amini,0.05,ScoreCost,12,0.001801166567,0.001725848764,0.002784145158,0.06423608422,0.05742438553,0.1102271757,99403.86229,1.815091552e-08
amini,0.1,Mean Planning,12,0.009243542018,0.008468851913,0.01376751096,0.1767844226,0.173853442,0.2280234431,197467.3303,4.681071318e-08
amini,0.1,ReproAlloc,12,0.02613792561,0.02592634968,0.02980413171,0.4724575058,0.4679811746,0.5159221312,197413.253,1.324443418e-07
amini,0.1,ScoreCost,12,0.003029732849,0.003070948878,0.003508439451,0.05375391941,0.05418928035,0.05687697964,197886.7254,1.530876686e-08
amini,0.2,Mean Planning,12,0.01709847482,0.0166484511,0.0220219756,0.1800210418,0.1714425499,0.228794715,393018.4538,4.350815878e-08
amini,0.2,ReproAlloc,12,0.05404530846,0.05382485059,0.05802150597,0.5036133306,0.5047260544,0.5265860897,392704.6606,1.376316397e-07
amini,0.2,ScoreCost,12,0.006605158832,0.00634360197,0.008477352373,0.05684407975,0.05423731653,0.07056371852,393182.5271,1.679665461e-08
sensodat,0.05,Mean Planning,30,0.156645032,0.1493333906,0.1902817972,0.1675418116,0.1595208433,0.2012407026,39256.80125,3.990245076e-06
sensodat,0.05,ReproAlloc,30,0.5266093832,0.5128760398,0.632725011,0.5112517354,0.4899265526,0.6046579641,39245.87085,1.341827375e-05
sensodat,0.05,ScoreCost,30,0.07091393494,0.06719110091,0.1025677311,0.04330455261,0.04035817042,0.06166941966,39252.52931,1.80655822e-06
sensodat,0.1,Mean Planning,30,0.30220965,0.2903227883,0.3781766694,0.1721094073,0.1688153557,0.2181194565,78489.33974,3.850316251e-06
sensodat,0.1,ReproAlloc,30,1.12458665,1.085146788,1.380047748,0.5281867603,0.5135345554,0.6392179304,78494.21939,1.432697143e-05
sensodat,0.1,ScoreCost,30,0.1350391673,0.1262443657,0.1777827111,0.04216489028,0.03895778021,0.05539693503,78476.99885,1.720750679e-06
sensodat,0.2,Mean Planning,30,0.5958657581,0.580834558,0.6964028074,0.1780498199,0.172206378,0.2134895179,156954.7932,3.796402456e-06
sensodat,0.2,ReproAlloc,30,2.153927608,2.059373538,2.712202125,0.5404110001,0.5183588434,0.6785594509,156940.4576,1.372460612e-05
sensodat,0.2,ScoreCost,30,0.2876190119,0.2534027535,0.5575473961,0.04152036453,0.03934047066,0.05427088708,156939.143,1.832676134e-06
